symbol,Period Ending,Total Revenue,Cost of Revenue,Gross Profit,Operating Income,Net Income,Research and Development,Cash and Cash Equivalents,Net Receivables,Inventory,Total Current Assets,Total Assets,Total Liabilities,Total Equity,Gross Margin,Operating Margin,Pre-Tax Margin,Current Ratio,Quick Ratio,Earnings Per Share,Estimated Shares Outstanding,Net Cash Flow-Operating,Capital Expenditures,lagged_date,Security,GICS Sector,GICS Sub Industry,Address of Headquarters,Date first added
AAL,2012-12-31,24855000000.0,10499000000.0,14356000000.0,148000000,-1876000000,0,1330000000.0,1124000000,580000000,7072000000.0,23510000000.0,24891000000.0,-7987000000.0,58,1,10,78.0,72.0,-5.6,335000000.0,1285000000.0,-1888000000,2013-03-31,American Airlines Group,Industrials,Airlines,"Fort Worth, Texas",2015-03-23
AAL,2013-12-31,26743000000.0,11019000000.0,15724000000.0,1399000000,-1834000000,0,2175000000.0,1560000000,1012000000,14323000000.0,42278000000.0,45009000000.0,-2731000000.0,59,5,8,104.0,96.0,-11.25,163022222.2,675000000.0,-3114000000,2014-03-31,American Airlines Group,Industrials,Airlines,"Fort Worth, Texas",2015-03-23
AAL,2014-12-31,42650000000.0,15620000000.0,27030000000.0,4249000000,2882000000,0,1768000000.0,1771000000,1004000000,11750000000.0,43225000000.0,41204000000.0,2021000000.0,63,10,8,88.0,80.0,4.02,716915422.9,3080000000.0,-5311000000,2015-03-31,American Airlines Group,Industrials,Airlines,"Fort Worth, Texas",2015-03-23
AAL,2015-12-31,40990000000.0,11096000000.0,29894000000.0,6204000000,7610000000,0,1085000000.0,1425000000,863000000,9985000000.0,48415000000.0,42780000000.0,5635000000.0,73,15,11,73.0,67.0,11.39,668129938.5,6249000000.0,-6151000000,2016-03-30,American Airlines Group,Industrials,Airlines,"Fort Worth, Texas",2015-03-23
AAP,2012-12-29,6205003000.0,3106967000.0,3098036000.0,657315000,387670000,0,598111000.0,229866000,2308609000,3184200000.0,4613814000.0,3403120000.0,1210694000.0,50,11,10,124.0,34.0,5.29,73283553.88,685281000.0,-271182000,2013-03-29,Advance Auto Parts,Consumer Discretionary,Automotive Retail,"Roanoke, Virginia",2015-07-09
AAP,2013-12-28,6493814000.0,3241668000.0,3252146000.0,660318000,391758000,0,1112471000.0,277595000,2556557000,3989384000.0,5564774000.0,4048569000.0,1516205000.0,50,10,10,144.0,52.0,5.36,73089179.1,545250000.0,-195757000,2014-03-28,Advance Auto Parts,Consumer Discretionary,Automotive Retail,"Roanoke, Virginia",2015-07-09
AAP,2015-01-03,9843861000.0,5390248000.0,4453613000.0,851710000,493825000,0,104671000.0,579825000,3936955000,4741040000.0,7962358000.0,5959446000.0,2002912000.0,45,9,8,130.0,22.0,6.75,73159259.26,708991000.0,-228446000,2015-04-03,Advance Auto Parts,Consumer Discretionary,Automotive Retail,"Roanoke, Virginia",2015-07-09
AAP,2016-01-02,9737018000.0,5314246000.0,4422772000.0,825780000,473398000,0,90782000.0,597788000,4174768000,4940746000.0,8134565000.0,5673917000.0,2460648000.0,45,8,8,130.0,20.0,6.45,73395038.76,689642000.0,-234747000,2016-04-01,Advance Auto Parts,Consumer Discretionary,Automotive Retail,"Roanoke, Virginia",2015-07-09
AAPL,2013-09-28,171000000000.0,107000000000.0,64304000000.0,48999000000,37037000000,4475000000,14259000000.0,24094000000,1764000000,73286000000.0,207000000000.0,83451000000.0,124000000000.0,38,29,29,168.0,164.0,40.03,925231076.7,53666000000.0,-8165000000,2013-12-27,Apple Inc.,Information Technology,Computer Hardware,"Cupertino, California",1982-11-30
AAPL,2014-09-27,183000000000.0,112000000000.0,70537000000.0,52503000000,39510000000,6041000000,13844000000.0,31537000000,2111000000,68531000000.0,232000000000.0,120000000000.0,112000000000.0,39,29,29,108.0,105.0,6.49,6087827427.0,59713000000.0,-9571000000,2014-12-26,Apple Inc.,Information Technology,Computer Hardware,"Cupertino, California",1982-11-30
AAPL,2015-09-26,234000000000.0,140000000000.0,93626000000.0,71230000000,53394000000,8067000000,21120000000.0,30343000000,2349000000,89378000000.0,290000000000.0,171000000000.0,119000000000.0,40,30,31,111.0,108.0,9.28,5753663793.0,81266000000.0,-11247000000,2015-12-25,Apple Inc.,Information Technology,Computer Hardware,"Cupertino, California",1982-11-30
AAPL,2016-09-24,216000000000.0,131000000000.0,84263000000.0,60024000000,45687000000,10045000000,20484000000.0,29299000000,2132000000,107000000000.0,322000000000.0,193000000000.0,128000000000.0,39,28,28,135.0,133.0,8.35,5471497006.0,65824000000.0,-12734000000,2016-12-23,Apple Inc.,Information Technology,Computer Hardware,"Cupertino, California",1982-11-30
ABBV,2012-12-31,18380000000.0,4508000000.0,13872000000.0,5817000000,5275000000,2778000000,5901000000.0,4967000000,1091000000,15354000000.0,27008000000.0,27358000000.0,-350000000.0,75,32,31,227.0,210.0,,,6345000000.0,-333000000,2013-03-31,AbbVie,Health Care,Pharmaceuticals,"North Chicago, Illinois",2012-12-31
ABBV,2013-12-31,18790000000.0,4581000000.0,14209000000.0,5664000000,4128000000,2855000000,9595000000.0,5569000000,1150000000,17848000000.0,29198000000.0,24706000000.0,4492000000.0,76,30,28,259.0,243.0,2.58,1600000000.0,6267000000.0,-491000000,2014-03-31,AbbVie,Health Care,Pharmaceuticals,"North Chicago, Illinois",2012-12-31
ABBV,2014-12-31,19960000000.0,4426000000.0,15534000000.0,3411000000,1774000000,3297000000,8348000000.0,4631000000,1124000000,16081000000.0,27513000000.0,25771000000.0,1742000000.0,78,17,12,141.0,131.0,1.11,1598198198.0,3549000000.0,-612000000,2015-03-31,AbbVie,Health Care,Pharmaceuticals,"North Chicago, Illinois",2012-12-31
ABBV,2015-12-31,22859000000.0,4500000000.0,18359000000.0,7537000000,5144000000,4285000000,8399000000.0,4730000000,1719000000,16314000000.0,53050000000.0,49105000000.0,3945000000.0,80,33,29,150.0,134.0,3.15,1633015873.0,7535000000.0,-532000000,2016-03-30,AbbVie,Health Care,Pharmaceuticals,"North Chicago, Illinois",2012-12-31
ABC,2013-09-30,87959167000.0,85451348000.0,2507819000.0,898399000,433707000,0,1231006000.0,6051920000,6981494000,14393651000.0,18918638000.0,16598893000.0,2319745000.0,3,1,1,97.0,50.0,1.88,230695212.8,788125000.0,-202450000,2013-12-29,AmerisourceBergen Corp,Health Care,Health Care Distributors,"Chesterbrook, Pennsylvania",
ABC,2014-09-30,120000000000.0,117000000000.0,2982366000.0,782091000,274230000,0,1808513000.0,6312883000,8593852000,16800205000.0,21532183000.0,19575284000.0,1956899000.0,2,1,1,97.0,48.0,1.22,224778688.5,1464654000.0,-264457000,2014-12-29,AmerisourceBergen Corp,Health Care,Health Care Distributors,"Chesterbrook, Pennsylvania",
ABC,2015-09-30,136000000000.0,132000000000.0,3529313000.0,422220000,-138165000,0,2167442000.0,8222951000,9755094000,20334488000.0,27962982000.0,27346596000.0,616386000.0,3,0,0,94.0,49.0,-0.62,222846774.2,3922228000.0,-231585000,2015-12-29,AmerisourceBergen Corp,Health Care,Health Care Distributors,"Chesterbrook, Pennsylvania",
ABC,2016-09-30,147000000000.0,143000000000.0,4272606000.0,1525774000,1427929000,0,2741832000.0,9175876000,10723920000,22851847000.0,33656200000.0,31526796000.0,2129404000.0,3,1,1,90.0,48.0,6.73,212173699.9,3178497000.0,-464616000,2016-12-29,AmerisourceBergen Corp,Health Care,Health Care Distributors,"Chesterbrook, Pennsylvania",
ABT,2012-12-31,19050000000.0,8899000000.0,10151000000.0,1360000000,5963000000,1461000000,10802000000.0,10599000000,3793000000,31323000000.0,67235000000.0,40514000000.0,26721000000.0,53,7,1,236.0,207.0,3.76,1585904255.0,9314000000.0,-1795000000,2013-03-31,Abbott Laboratories,Health Care,Health Care Equipment,"North Chicago, Illinois",1964-03-31
ABT,2013-12-31,19657000000.0,9193000000.0,10464000000.0,2133000000,2576000000,1371000000,3475000000.0,6514000000,2693000000,19247000000.0,42953000000.0,17782000000.0,25171000000.0,53,11,10,202.0,174.0,1.64,1570731707.0,3324000000.0,-1145000000,2014-03-31,Abbott Laboratories,Health Care,Health Care Equipment,"North Chicago, Illinois",1964-03-31
ABT,2014-12-31,20247000000.0,9218000000.0,11029000000.0,2599000000,2284000000,1345000000,4063000000.0,3586000000,2643000000,13556000000.0,41207000000.0,19681000000.0,21526000000.0,54,13,12,130.0,104.0,1.5,1522666667.0,3675000000.0,-1077000000,2015-03-31,Abbott Laboratories,Health Care,Health Care Equipment,"North Chicago, Illinois",1964-03-31
ABT,2015-12-31,20405000000.0,8747000000.0,11658000000.0,2867000000,4423000000,1405000000,5001000000.0,3418000000,2599000000,14155000000.0,41247000000.0,20036000000.0,21211000000.0,57,14,16,154.0,126.0,2.94,1504421769.0,2966000000.0,-1110000000,2016-03-30,Abbott Laboratories,Health Care,Health Care Equipment,"North Chicago, Illinois",1964-03-31
ADBE,2013-11-29,4055240000.0,586557000.0,3468683000.0,422723000,289985000,826631000,834556000.0,702067000,0,4045929000.0,10380298000.0,3655664000.0,6724634000.0,86,10,9,265.0,265.0,0.58,499974137.9,1151686000.0,-188358000,2014-02-27,Adobe Systems Inc,Information Technology,Application Software,"San Jose, California",1997-05-05
ADBE,2014-11-28,4147065000.0,622080000.0,3524985000.0,412685000,268395000,844353000,1117400000.0,687079000,0,4602328000.0,10785829000.0,4009924000.0,6775905000.0,85,10,9,185.0,185.0,0.54,497027777.8,1287482000.0,-148332000,2015-02-26,Adobe Systems Inc,Information Technology,Application Software,"San Jose, California",1997-05-05
ADBE,2015-11-27,4795511000.0,744317000.0,4051194000.0,903095000,629551000,862730000,876560000.0,672006000,0,4821892000.0,11726472000.0,4724892000.0,7001580000.0,84,19,18,218.0,218.0,1.26,499643650.8,1469502000.0,-184936000,2016-02-25,Adobe Systems Inc,Information Technology,Application Software,"San Jose, California",1997-05-05
ADBE,2016-12-02,5854430000.0,819908000.0,5034522000.0,1493602000,1168782000,975987000,1011315000.0,833033000,0,5839774000.0,12707114000.0,5282279000.0,7424835000.0,86,26,25,208.0,208.0,,,2199728000.0,-203805000,2017-03-02,Adobe Systems Inc,Information Technology,Application Software,"San Jose, California",1997-05-05
ADI,2013-11-02,2633689000.0,941278000.0,1692411000.0,753075000,673487000,513035000,392089000.0,461443000,283337000,5472425000.0,6381750000.0,1642174000.0,4739576000.0,64,29,31,959.0,910.0,2.19,307528310.5,912345000.0,-123074000,2014-01-31,"Analog Devices, Inc.",Information Technology,Semiconductors,"Norwood, Massachusetts",
ADI,2014-11-01,2864773000.0,1034585000.0,1830188000.0,752484000,629320000,559686000,569233000.0,525539000,367927000,3811886000.0,6859690000.0,2101793000.0,4757897000.0,64,26,25,538.0,486.0,0.35,1798057143.0,871602000.0,-177913000,2015-01-30,"Analog Devices, Inc.",Information Technology,Semiconductors,"Norwood, Massachusetts",
ADI,2015-10-31,3435092000.0,1175830000.0,2259262000.0,830841000,696878000,637459000,884353000.0,595768000,412314000,4079548000.0,7058777000.0,1985818000.0,5072959000.0,66,24,24,366.0,329.0,0.31,2247993548.0,907798000.0,-153960000,2016-01-29,"Analog Devices, Inc.",Information Technology,Semiconductors,"Norwood, Massachusetts",
ADI,2016-10-29,3421409000.0,1194236000.0,2227173000.0,1028112000,861664000,653816000,921132000.0,477609000,376555000,4974863000.0,7970278000.0,2804660000.0,5165618000.0,65,30,28,635.0,587.0,0.96,897566666.7,1280895000.0,-127397000,2017-01-27,"Analog Devices, Inc.",Information Technology,Semiconductors,"Norwood, Massachusetts",
ADM,2012-12-31,90559000000.0,86936000000.0,3623000000.0,1715000000,1375000000,0,5352000000.0,3450000000,13836000000,29762000000.0,45136000000.0,26005000000.0,18920000000.0,4,2,2,175.0,94.0,,,2332000000.0,-1240000000,2013-03-31,Archer-Daniels-Midland Co,Consumer Staples,Agricultural Products,"Decatur, Illinois",1981-07-29
ADM,2013-12-31,89804000000.0,85915000000.0,3889000000.0,1871000000,1342000000,0,7082000000.0,3224000000,11441000000,28530000000.0,43752000000.0,23558000000.0,20156000000.0,4,2,2,182.0,109.0,2.03,661083743.8,5226000000.0,-913000000,2014-03-31,Archer-Daniels-Midland Co,Consumer Staples,Agricultural Products,"Decatur, Illinois",1981-07-29
ADM,2014-12-31,81201000000.0,76433000000.0,4768000000.0,2756000000,2248000000,0,5976000000.0,2704000000,9374000000,26028000000.0,43997000000.0,24367000000.0,19575000000.0,6,3,4,167.0,107.0,3.44,653488372.1,4962000000.0,-894000000,2015-03-31,Archer-Daniels-Midland Co,Consumer Staples,Agricultural Products,"Decatur, Illinois",1981-07-29
ADM,2015-12-31,67702000000.0,63682000000.0,4020000000.0,1810000000,1849000000,0,6124000000.0,1738000000,8243000000,21829000000.0,40157000000.0,22242000000.0,17899000000.0,6,3,3,162.0,101.0,2.99,618394648.8,2481000000.0,-1125000000,2016-03-30,Archer-Daniels-Midland Co,Consumer Staples,Agricultural Products,"Decatur, Illinois",1981-07-29
ADS,2012-12-31,3641390000.0,2392091000.0,1249299000.0,974364000,422256000,0,1386042000.0,7575052000,0,9132143000.0,12000139000.0,11471652000.0,528487000.0,34,27,19,181.0,181.0,8.44,50030331.75,1134190000.0,-116455000,2013-03-31,Alliance Data Systems,Information Technology,Data Processing & Outsourced Services,"Plano, Texas",2013-12-23
ADS,2013-12-31,4319063000.0,2894917000.0,1424146000.0,1098912000,496170000,0,1480171000.0,8680730000,0,10400842000.0,13244257000.0,12388496000.0,855761000.0,33,25,18,230.0,230.0,10.09,49174430.13,1003492000.0,-135376000,2014-03-31,Alliance Data Systems,Information Technology,Data Processing & Outsourced Services,"Plano, Texas",2013-12-23
ADS,2014-12-31,5302940000.0,3643979000.0,1658961000.0,1098467000,506293000,0,1597492000.0,11635875000,0,13814776000.0,20263977000.0,17867597000.0,2396380000.0,31,21,16,219.0,219.0,8.72,58061123.85,1344159000.0,-158694000,2015-03-31,Alliance Data Systems,Information Technology,Data Processing & Outsourced Services,"Plano, Texas",2013-12-23
ADS,2015-12-31,6439746000.0,4482700000.0,1957046000.0,1261860000,596541000,0,1624601000.0,14052456000,0,16250417000.0,22421830000.0,20411800000.0,2010030000.0,30,20,14,254.0,254.0,8.91,66951851.85,1705841000.0,-191683000,2016-03-30,Alliance Data Systems,Information Technology,Data Processing & Outsourced Services,"Plano, Texas",2013-12-23
ADSK,2013-01-31,2312200000.0,238500000.0,2073700000.0,305900000,247400000,600000000,1612200000.0,537300000,0,2552400000.0,4308400000.0,2265200000.0,2043200000.0,90,13,13,245.0,245.0,1.09,226972477.1,559100000.0,-56400000,2013-05-01,Autodesk Inc,Information Technology,Application Software,"San Rafael, California",1989-12-01
ADSK,2014-01-31,2273900000.0,274300000.0,1999600000.0,284800000,228800000,611100000,1853000000.0,480500000,0,2835000000.0,4595000000.0,2333500000.0,2261500000.0,88,13,12,265.0,265.0,1.02,224313725.5,563500000.0,-64200000,2014-05-01,Autodesk Inc,Information Technology,Application Software,"San Rafael, California",1989-12-01
ADSK,2015-01-31,2512200000.0,342100000.0,2170100000.0,120700000,81800000,725200000,1410600000.0,544000000,0,2671300000.0,4909700000.0,2690500000.0,2219200000.0,86,5,3,191.0,191.0,0.36,227222222.2,708100000.0,-75500000,2015-05-01,Autodesk Inc,Information Technology,Application Software,"San Rafael, California",1989-12-01
ADSK,2016-01-31,2504100000.0,370700000.0,2133400000.0,1300000,-330500000,790000000,1353000000.0,653600000,0,2993100000.0,5515300000.0,3895700000.0,1619600000.0,85,0,1,188.0,188.0,-1.46,226369863.0,414000000.0,-72400000,2016-04-30,Autodesk Inc,Information Technology,Application Software,"San Rafael, California",1989-12-01
AEE,2012-12-31,5781000000.0,3477000000.0,2304000000.0,1188000000,-974000000,0,184000000.0,886000000,570000000,3596000000.0,22230000000.0,15614000000.0,6616000000.0,40,21,14,134.0,113.0,-4.01,242892768.1,1690000000.0,-1063000000,2013-03-31,Ameren Corp,Utilities,MultiUtilities,"St. Louis, Missouri",1991-09-19
AEE,2013-12-31,5838000000.0,3490000000.0,2348000000.0,1184000000,295000000,0,30000000.0,1010000000,526000000,1972000000.0,21042000000.0,14498000000.0,6544000000.0,40,20,14,80.0,59.0,1.19,247899159.7,1693000000.0,-1379000000,2014-03-31,Ameren Corp,Utilities,MultiUtilities,"St. Louis, Missouri",1991-09-19
AEE,2014-12-31,6053000000.0,3586000000.0,2467000000.0,1254000000,592000000,0,5000000.0,769000000,524000000,1694000000.0,22289000000.0,15576000000.0,6713000000.0,41,21,16,75.0,52.0,2.42,244628099.2,1551000000.0,-1785000000,2015-03-31,Ameren Corp,Utilities,MultiUtilities,"St. Louis, Missouri",1991-09-19
AEE,2015-12-31,6098000000.0,3501000000.0,2597000000.0,1259000000,636000000,0,292000000.0,725000000,538000000,1917000000.0,23640000000.0,16694000000.0,6946000000.0,43,21,16,92.0,66.0,2.6,244615384.6,2017000000.0,-1917000000,2016-03-30,Ameren Corp,Utilities,MultiUtilities,"St. Louis, Missouri",1991-09-19
AEP,2012-12-31,14945000000.0,6395000000.0,8550000000.0,2656000000,1259000000,0,355000000.0,1871000000,1519000000,4589000000.0,54367000000.0,39130000000.0,15237000000.0,57,18,12,67.0,45.0,2.6,484230769.2,3804000000.0,-3025000000,2013-03-31,American Electric Power,Utilities,Electric Utilities,"Columbus, Ohio",
AEP,2013-12-31,14813500000.0,6722300000.0,8091200000.0,2822500000,1484200000,0,188000000.0,1860000000,1423000000,4310000000.0,56414000000.0,40329000000.0,16085000000.0,55,19,14,71.0,47.0,3.04,488223684.2,4096200000.0,-3616400000,2014-03-31,American Electric Power,Utilities,Electric Utilities,"Columbus, Ohio",
AEP,2014-12-31,16378600000.0,7685700000.0,8692900000.0,3127400000,1638000000,0,257700000.0,1835200000,1316600000,4478100000.0,59544600000.0,42724400000.0,16820200000.0,53,19,15,56.0,40.0,3.34,490419161.7,4602400000.0,-4130000000,2015-03-31,American Electric Power,Utilities,Electric Utilities,"Columbus, Ohio",
AEP,2015-12-31,16453200000.0,7433500000.0,9019700000.0,3333500000,2052300000,0,283700000.0,1640500000,1339400000,4072400000.0,61683100000.0,43791400000.0,17891700000.0,55,20,16,57.0,38.0,,,4748700000.0,-4508000000,2016-03-30,American Electric Power,Utilities,Electric Utilities,"Columbus, Ohio",
AFL,2012-12-31,25364000000.0,17074000000.0,8290000000.0,4302000000,2866000000,0,2041000000.0,976000000,0,0.0,131000000000.0,115000000000.0,15978000000.0,33,17,17,,,6.14,466775244.3,14952000000.0,0,2013-03-31,AFLAC Inc,Financials,Life & Health Insurance,"Columbus, Georgia",
AFL,2013-12-31,23939000000.0,15341000000.0,8598000000.0,4816000000,3158000000,0,2543000000.0,1165000000,0,0.0,121000000000.0,107000000000.0,14620000000.0,36,20,20,,,6.8,464411764.7,10547000000.0,0,2014-03-31,AFLAC Inc,Financials,Life & Health Insurance,"Columbus, Georgia",
AFL,2014-12-31,22728000000.0,14373000000.0,8355000000.0,4491000000,2951000000,0,4658000000.0,842000000,0,0.0,120000000000.0,101000000000.0,18347000000.0,37,20,20,,,6.54,451223241.6,6550000000.0,0,2015-03-31,AFLAC Inc,Financials,Life & Health Insurance,"Columbus, Georgia",
AFL,2015-12-31,20872000000.0,13049000000.0,7823000000.0,3862000000,2533000000,0,4350000000.0,705000000,0,0.0,118000000000.0,101000000000.0,17708000000.0,37,19,19,,,5.88,430782312.9,6776000000.0,0,2016-03-30,AFLAC Inc,Financials,Life & Health Insurance,"Columbus, Georgia",
AIG,2012-12-31,71214000000.0,37745000000.0,33469000000.0,2891000000,3438000000,0,1151000000.0,39584000000,0,0.0,549000000000.0,451000000000.0,98002000000.0,47,4,4,,,,,3676000000.0,0,2013-03-31,"American International Group, Inc.",Financials,Property & Casualty Insurance,"New York, New York",1980-03-31
AIG,2013-12-31,68874000000.0,34660000000.0,34214000000.0,9368000000,9085000000,0,2241000000.0,36768000000,0,0.0,541000000000.0,441000000000.0,100000000000.0,50,14,14,,,6.16,1474837662.0,5865000000.0,0,2014-03-31,"American International Group, Inc.",Financials,Property & Casualty Insurance,"New York, New York",1980-03-31
AIG,2014-12-31,64406000000.0,33611000000.0,30795000000.0,10501000000,7529000000,0,1758000000.0,33990000000,0,0.0,516000000000.0,409000000000.0,107000000000.0,48,16,16,,,5.27,1428652751.0,5007000000.0,0,2015-03-31,"American International Group, Inc.",Financials,Property & Casualty Insurance,"New York, New York",1980-03-31
AIG,2015-12-31,58327000000.0,36581000000.0,21746000000.0,3281000000,2196000000,0,1629000000.0,31864000000,0,0.0,497000000000.0,407000000000.0,89658000000.0,37,6,6,,,1.69,1299408284.0,2877000000.0,0,2016-03-30,"American International Group, Inc.",Financials,Property & Casualty Insurance,"New York, New York",1980-03-31
AIV,2012-12-31,958511000.0,386355000.0,572156000.0,179016000,132456000,0,229998000.0,102897000,0,0.0,6401380000.0,5485955000.0,915425000.0,60,19,2,,,0.61,217140983.6,316827000.0,-359926000,2013-03-31,Apartment Investment & Mgmt,Real Estate,REITs,"Denver, Colorado",
AIV,2013-12-31,974053000.0,380051000.0,594002000.0,249019000,207290000,0,182788000.0,0,0,0.0,6079413000.0,5111956000.0,967457000.0,61,26,3,,,1.4,148064285.7,325596000.0,-401629000,2014-03-31,Apartment Investment & Mgmt,Real Estate,REITs,"Denver, Colorado",
AIV,2014-12-31,984363000.0,380964000.0,603399000.0,262350000,309249000,0,120416000.0,0,0,0.0,6097028000.0,4869293000.0,1227735000.0,61,27,5,,,2.06,150120873.8,321424000.0,-651365000,2015-03-31,Apartment Investment & Mgmt,Real Estate,REITs,"Denver, Colorado",
AIV,2015-12-31,981310000.0,365248000.0,616062000.0,256215000,248710000,0,137745000.0,0,0,0.0,6144194000.0,4521803000.0,1622391000.0,63,26,7,,,1.52,163625000.0,359891000.0,-536627000,2016-03-30,Apartment Investment & Mgmt,Real Estate,REITs,"Denver, Colorado",
AIZ,2013-12-31,9047657000.0,6709936000.0,2337721000.0,789699000,488907000,0,1717184000.0,6832305000,0,0.0,29714689000.0,24881210000.0,4833479000.0,26,9,9,,,6.38,76631191.22,1027561000.0,-52326000,2014-03-31,Assurant Inc,Financials,Multi-line Insurance,"New York, New York",2007-04-10
AIZ,2014-12-31,10381653000.0,8093563000.0,2288090000.0,744137000,470907000,0,1318656000.0,8715347000,0,0.0,31562466000.0,26381159000.0,5181307000.0,22,7,7,,,6.52,72225000.0,393816000.0,-83603000,2015-03-31,Assurant Inc,Financials,Multi-line Insurance,"New York, New York",2007-04-10
AIZ,2015-12-31,10325494000.0,8666624000.0,1658870000.0,201181000,141555000,0,1288305000.0,8755296000,0,0.0,30036402000.0,25512435000.0,4523967000.0,16,2,2,,,2.08,68055288.46,254572000.0,-114896000,2016-03-30,Assurant Inc,Financials,Multi-line Insurance,"New York, New York",2007-04-10
AIZ,2016-12-31,7531780000.0,5251228000.0,2280552000.0,848588000,565350000,0,1031971000.0,10321638000,0,0.0,29709128000.0,25611028000.0,4098100000.0,30,11,11,,,,,134526000.0,-85233000,2017-03-31,Assurant Inc,Financials,Multi-line Insurance,"New York, New York",2007-04-10
AJG,2013-12-31,3179600000.0,0.0,3179600000.0,291000000,268600000,0,1325500000.0,1288800000,0,0.0,6860500000.0,4775000000.0,2085500000.0,100,9,9,,,2.08,129134615.4,372500000.0,-93600000,2014-03-31,Arthur J. Gallagher & Co.,Financials,Insurance Brokers,"Itasca, Illinois",2016-05-31
AJG,2014-12-31,4626500000.0,0.0,4626500000.0,291500000,303400000,0,1682000000.0,1462500000,0,0.0,10010000000.0,6780600000.0,3229400000.0,100,6,6,,,1.98,153232323.2,436600000.0,-81500000,2015-03-31,Arthur J. Gallagher & Co.,Financials,Insurance Brokers,"Itasca, Illinois",2016-05-31
AJG,2015-12-31,5392400000.0,0.0,5392400000.0,293500000,356800000,0,1892500000.0,1734000000,0,0.0,10910500000.0,7272200000.0,3638300000.0,100,5,5,,,2.07,172367149.8,652600000.0,-99000000,2016-03-30,Arthur J. Gallagher & Co.,Financials,Insurance Brokers,"Itasca, Illinois",2016-05-31
AJG,2016-12-31,5594800000.0,0.0,5594800000.0,356900000,414400000,0,1937600000.0,1844800000,0,0.0,11489600000.0,7893000000.0,3596600000.0,100,6,6,,,,,622100000.0,-217800000,2017-03-31,Arthur J. Gallagher & Co.,Financials,Insurance Brokers,"Itasca, Illinois",2016-05-31
AKAM,2012-12-31,1373947000.0,529900000.0,844047000.0,314487000,203989000,74744000,201989000.0,239199000,0,728384000.0,2600627000.0,254873000.0,2345754000.0,61,23,23,359.0,359.0,1.15,177381739.1,530020000.0,-166773000,2013-03-31,Akamai Technologies Inc,Information Technology,Internet Software & Services,"Cambridge, Massachusetts",2007-07-12
AKAM,2013-12-31,1577922000.0,511087000.0,1066835000.0,413968000,293487000,93879000,333891000.0,293722000,0,1029714000.0,2957685000.0,328254000.0,2629431000.0,68,26,27,391.0,391.0,1.65,177870909.1,563908000.0,-187964000,2014-03-31,Akamai Technologies Inc,Information Technology,Internet Software & Services,"Cambridge, Massachusetts",2007-07-12
AKAM,2014-12-31,1963874000.0,610943000.0,1352931000.0,489519000,333948000,125286000,238650000.0,375282000,0,1262555000.0,4001546000.0,1056211000.0,2945335000.0,69,25,24,378.0,378.0,1.87,178581818.2,658070000.0,-207159000,2015-03-31,Akamai Technologies Inc,Information Technology,Internet Software & Services,"Cambridge, Massachusetts",2007-07-12
AKAM,2015-12-31,2197448000.0,725620000.0,1471828000.0,466150000,321406000,148591000,289473000.0,380399000,0,1253188000.0,4187925000.0,1067047000.0,3120878000.0,67,21,21,377.0,377.0,1.8,178558888.9,764151000.0,-311676000,2016-03-30,Akamai Technologies Inc,Information Technology,Internet Software & Services,"Cambridge, Massachusetts",2007-07-12
ALB,2012-12-31,2519154000.0,1620311000.0,898843000.0,399783000,311536000,78919000,477696000.0,422817000,428145000,1407313000.0,3437291000.0,1603693000.0,1833598000.0,36,16,15,366.0,254.0,3.49,89265329.51,488766000.0,-280873000,2013-03-31,Albemarle Corp,Materials,Specialty Chemicals,"Baton Rouge, Louisiana",2016-07-01
ALB,2013-12-31,2394270000.0,1543799000.0,850471000.0,576675000,413171000,82246000,477239000.0,491958000,436049000,1482915000.0,3584797000.0,1957436000.0,1627361000.0,36,24,22,340.0,240.0,4.93,83807505.07,432859000.0,-155346000,2014-03-31,Albemarle Corp,Materials,Specialty Chemicals,"Baton Rouge, Louisiana",2016-07-01
ALB,2014-12-31,2445548000.0,1674700000.0,770848000.0,271298000,133316000,88310000,2489768000.0,434635000,358361000,3348850000.0,5223103000.0,3863638000.0,1359465000.0,32,11,9,294.0,262.0,1.69,78885207.1,492609000.0,-110576000,2015-03-31,Albemarle Corp,Materials,Specialty Chemicals,"Baton Rouge, Louisiana",2016-07-01
ALB,2015-12-31,3651335000.0,2454463000.0,1196872000.0,442435000,334906000,102871000,213734000.0,632705000,508728000,1831003000.0,9615014000.0,6360622000.0,3254392000.0,33,12,10,113.0,82.0,3.01,111264451.8,360689000.0,-227649000,2016-03-30,Albemarle Corp,Materials,Specialty Chemicals,"Baton Rouge, Louisiana",2016-07-01
ALK,2012-12-31,4657000000.0,2319000000.0,2338000000.0,532000000,316000000,0,174000000.0,278000000,58000000,1737000000.0,5505000000.0,4084000000.0,1421000000.0,50,11,11,116.0,112.0,4.47,70693512.3,753000000.0,-518000000,2013-03-31,Alaska Air Group Inc,Industrials,Airlines,"Seattle, Washington",2016-05-13
ALK,2013-12-31,5156000000.0,2355000000.0,2801000000.0,838000000,508000000,0,80000000.0,265000000,60000000,1762000000.0,5838000000.0,3809000000.0,2029000000.0,54,16,16,112.0,108.0,7.26,69972451.79,981000000.0,-566000000,2014-03-31,Alaska Air Group Inc,Industrials,Airlines,"Seattle, Washington",2016-05-13
ALK,2014-12-31,5368000000.0,2325000000.0,3043000000.0,962000000,605000000,0,107000000.0,259000000,58000000,1639000000.0,6064000000.0,3937000000.0,2127000000.0,57,18,18,98.0,95.0,4.47,135346756.2,1030000000.0,-694000000,2015-03-31,Alaska Air Group Inc,Industrials,Airlines,"Seattle, Washington",2016-05-13
ALK,2015-12-31,5598000000.0,1935000000.0,3663000000.0,1298000000,848000000,0,73000000.0,212000000,51000000,1663000000.0,6533000000.0,4122000000.0,2411000000.0,65,23,23,92.0,89.0,6.61,128290469.0,1584000000.0,-831000000,2016-03-30,Alaska Air Group Inc,Industrials,Airlines,"Seattle, Washington",2016-05-13
ALL,2012-12-31,33315000000.0,21618000000.0,11697000000.0,3288000000,2306000000,0,806000000.0,13818000000,0,0.0,127000000000.0,106000000000.0,20580000000.0,35,10,10,,,4.71,489596603.0,3054000000.0,-285000000,2013-03-31,Allstate Corp,Financials,Property & Casualty Insurance,"Northfield Township, Illinois",
ALL,2013-12-31,34507000000.0,19828000000.0,14679000000.0,4084000000,2280000000,0,675000000.0,12858000000,0,0.0,124000000000.0,102000000000.0,21480000000.0,43,12,10,,,4.87,468172484.6,4242000000.0,-207000000,2014-03-31,Allstate Corp,Financials,Property & Casualty Insurance,"Northfield Township, Illinois",
ALL,2014-12-31,35239000000.0,21193000000.0,14046000000.0,4310000000,2850000000,0,657000000.0,13955000000,0,0.0,108000000000.0,86175000000.0,22304000000.0,40,12,12,,,6.37,447409733.1,3236000000.0,-288000000,2015-03-31,Allstate Corp,Financials,Property & Casualty Insurance,"Northfield Township, Illinois",
ALL,2015-12-31,35653000000.0,22837000000.0,12816000000.0,3279000000,2171000000,0,495000000.0,14062000000,0,0.0,105000000000.0,84631000000.0,20025000000.0,36,9,9,,,5.12,424023437.5,3616000000.0,-303000000,2016-03-30,Allstate Corp,Financials,Property & Casualty Insurance,"Northfield Township, Illinois",
ALLE,2013-12-31,2069600000.0,1208100000.0,861500000.0,240800000,32300000,0,267600000.0,456900000,187500000,946800000.0,2000600000.0,2066700000.0,-66100000.0,42,12,11,193.0,155.0,,,223900000.0,-20200000,2014-03-31,Allegion,Industrials,Building Products,"Dublin, Ireland",2013-12-02
ALLE,2014-12-31,2118300000.0,1264600000.0,853700000.0,326300000,175200000,0,290500000.0,263100000,169300000,1001700000.0,2015900000.0,2020700000.0,-4800000.0,40,15,13,188.0,156.0,1.82,96263736.26,255900000.0,-51500000,2015-03-31,Allegion,Industrials,Building Products,"Dublin, Ireland",2013-12-02
ALLE,2015-12-31,2068100000.0,1199000000.0,869100000.0,358600000,153900000,0,199700000.0,313900000,204100000,735100000.0,2263000000.0,2237400000.0,25600000.0,42,17,10,164.0,119.0,1.6,96187500.0,257000000.0,-35200000,2016-03-30,Allegion,Industrials,Building Products,"Dublin, Ireland",2013-12-02
ALLE,2016-12-31,2238000000.0,1252700000.0,985300000.0,425500000,229100000,0,312400000.0,271900000,220600000,829300000.0,2247400000.0,2134100000.0,113300000.0,44,19,13,193.0,142.0,,,377500000.0,-42500000,2017-03-31,Allegion,Industrials,Building Products,"Dublin, Ireland",2013-12-02
ALXN,2013-12-31,1551346000.0,177556000.0,1373790000.0,528010000,252895000,317093000,529857000.0,463184000,102602000,2186857000.0,3317696000.0,935617000.0,2382079000.0,89,34,34,375.0,358.0,1.29,196042635.7,497349000.0,-29329000,2014-03-31,Alexion Pharmaceuticals,Health Care,Biotechnology,"Cheshire, Connecticut",2012-05-25
ALXN,2014-12-31,2234000000.0,174000000.0,2060000000.0,869000000,657000000,514000000,943999000.0,432888000,176441000,2796029000.0,4201962000.0,899944000.0,3302018000.0,92,39,39,461.0,432.0,3.32,197891566.3,640000000.0,-137000000,2015-03-31,Alexion Pharmaceuticals,Health Care,Biotechnology,"Cheshire, Connecticut",2012-05-25
ALXN,2015-12-31,2604000000.0,233000000.0,2371000000.0,537000000,144000000,709000000,1010000000.0,533000000,290000000,2416000000.0,13097000000.0,4838000000.0,8259000000.0,91,21,19,341.0,300.0,0.68,211764705.9,675000000.0,-286000000,2016-03-30,Alexion Pharmaceuticals,Health Care,Biotechnology,"Cheshire, Connecticut",2012-05-25
ALXN,2016-12-31,3084000000.0,258000000.0,2826000000.0,667000000,399000000,757000000,966000000.0,650000000,375000000,2578000000.0,13253000000.0,4559000000.0,8694000000.0,92,22,19,313.0,268.0,,,1086000000.0,-333000000,2017-03-31,Alexion Pharmaceuticals,Health Care,Biotechnology,"Cheshire, Connecticut",2012-05-25
AMAT,2013-10-27,7509000000.0,4518000000.0,2991000000.0,432000000,256000000,1320000000,1711000000.0,1633000000,1413000000,5642000000.0,12043000000.0,4955000000.0,7088000000.0,40,6,5,231.0,173.0,0.21,1219047619.0,623000000.0,-197000000,2014-01-25,Applied Materials Inc,Information Technology,Semiconductor Equipment,"Santa Clara, California",
AMAT,2014-10-26,9072000000.0,5229000000.0,3843000000.0,1520000000,1072000000,1428000000,3002000000.0,1670000000,1567000000,6967000000.0,13174000000.0,5306000000.0,7868000000.0,42,17,16,247.0,191.0,0.88,1218181818.0,1800000000.0,-241000000,2015-01-24,Applied Materials Inc,Information Technology,Semiconductor Equipment,"Santa Clara, California",
AMAT,2015-10-25,9659000000.0,5707000000.0,3952000000.0,1693000000,1377000000,1451000000,4797000000.0,1739000000,1833000000,9261000000.0,15308000000.0,7695000000.0,7613000000.0,41,18,17,244.0,196.0,1.13,1218584071.0,1163000000.0,-215000000,2016-01-23,Applied Materials Inc,Information Technology,Semiconductor Equipment,"Santa Clara, California",
AMAT,2016-10-30,10825000000.0,6314000000.0,4511000000.0,2152000000,1721000000,1540000000,3406000000.0,2279000000,2050000000,8353000000.0,14588000000.0,7371000000.0,7217000000.0,42,20,19,230.0,174.0,1.56,1103205128.0,2466000000.0,-253000000,2017-01-28,Applied Materials Inc,Information Technology,Semiconductor Equipment,"Santa Clara, California",
AME,2012-12-31,3334213000.0,2154132000.0,1180081000.0,745872000,459132000,0,157984000.0,541151000,428935000,1164743000.0,5190056000.0,2654905000.0,2535151000.0,35,22,20,132.0,84.0,1.9,241648421.1,612464000.0,-57427000,2013-03-31,AMETEK Inc,Industrials,Electrical Components & Equipment,"Berwyn, Pennsylvania",2013-09-23
AME,2013-12-31,3594136000.0,2323642000.0,1270494000.0,815079000,516999000,0,295203000.0,575516000,452848000,1369129000.0,5877902000.0,2741781000.0,3136121000.0,35,23,20,157.0,105.0,2.12,243867452.8,660659000.0,-63314000,2014-03-31,AMETEK Inc,Industrials,Electrical Components & Equipment,"Berwyn, Pennsylvania",2013-09-23
AME,2014-12-31,4021964000.0,2597017000.0,1424947000.0,898586000,584460000,0,377615000.0,630515000,495896000,1578604000.0,6420963000.0,3181402000.0,3239561000.0,35,22,20,169.0,116.0,2.39,244543933.1,725962000.0,-71327000,2015-03-31,AMETEK Inc,Industrials,Electrical Components & Equipment,"Berwyn, Pennsylvania",2013-09-23
AME,2015-12-31,3974295000.0,2549280000.0,1425015000.0,907716000,590859000,0,381005000.0,650019000,514451000,1619613000.0,6664530000.0,3409904000.0,3254626000.0,36,23,20,158.0,108.0,2.46,240186585.4,672540000.0,-69083000,2016-03-30,AMETEK Inc,Industrials,Electrical Components & Equipment,"Berwyn, Pennsylvania",2013-09-23
AMG,2012-12-31,1748600000.0,0.0,1748600000.0,343500000,174000000,0,430400000.0,311000000,0,0.0,6187100000.0,4102900000.0,2084200000.0,100,20,28,,,3.36,51785714.29,633200000.0,-20000000,2013-03-31,Affiliated Managers Group Inc,Financials,Asset Management & Custody Banks,"Beverly, Massachusetts",2014-07-01
AMG,2013-12-31,2069800000.0,0.0,2069800000.0,515100000,360500000,0,469600000.0,418400000,0,0.0,6318800000.0,4184600000.0,2134200000.0,100,25,42,,,6.79,53092783.51,957100000.0,-24000000,2014-03-31,Affiliated Managers Group Inc,Financials,Asset Management & Custody Banks,"Beverly, Massachusetts",2014-07-01
AMG,2014-12-31,2404200000.0,0.0,2404200000.0,708500000,452100000,0,550600000.0,425900000,0,0.0,7698100000.0,5071100000.0,2627000000.0,100,29,42,,,8.22,55000000.0,1392200000.0,-19200000,2015-03-31,Affiliated Managers Group Inc,Financials,Asset Management & Custody Banks,"Beverly, Massachusetts",2014-07-01
AMG,2015-12-31,2435900000.0,0.0,2435900000.0,786400000,516000000,0,563800000.0,391200000,0,0.0,7784800000.0,4947700000.0,2837100000.0,100,32,45,,,9.49,54373024.24,1204800000.0,-38200000,2016-03-30,Affiliated Managers Group Inc,Financials,Asset Management & Custody Banks,"Beverly, Massachusetts",2014-07-01
AMGN,2013-12-31,18676000000.0,3346000000.0,15330000000.0,5867000000,5081000000,4083000000,3805000000.0,2697000000,3019000000,27367000000.0,66125000000.0,44029000000.0,22096000000.0,82,31,28,344.0,306.0,6.75,752740740.7,6291000000.0,-693000000,2014-03-31,Amgen Inc,Health Care,Biotechnology,"Thousand Oaks, California",1992-01-02
AMGN,2014-12-31,20063000000.0,4422000000.0,15641000000.0,6191000000,5158000000,4297000000,3731000000.0,2546000000,2647000000,34713000000.0,69009000000.0,43231000000.0,25778000000.0,78,31,28,495.0,458.0,6.8,758529411.8,8952000000.0,-718000000,2015-03-31,Amgen Inc,Health Care,Biotechnology,"Thousand Oaks, California",1992-01-02
AMGN,2015-12-31,21662000000.0,4227000000.0,17435000000.0,8470000000,6939000000,4070000000,4144000000.0,2995000000,2435000000,38515000000.0,71449000000.0,43366000000.0,28083000000.0,80,39,37,445.0,416.0,9.15,758360655.7,9731000000.0,-594000000,2016-03-30,Amgen Inc,Health Care,Biotechnology,"Thousand Oaks, California",1992-01-02
AMGN,2016-12-31,22991000000.0,4162000000.0,18829000000.0,9794000000,7722000000,3840000000,3241000000.0,3165000000,2745000000,46010000000.0,77626000000.0,47751000000.0,29875000000.0,82,43,40,411.0,386.0,,,10354000000.0,-738000000,2017-03-31,Amgen Inc,Health Care,Biotechnology,"Thousand Oaks, California",1992-01-02
AMP,2012-12-31,10259000000.0,1899000000.0,8360000000.0,1556000000,1029000000,0,4909000000.0,4315000000,0,0.0,135000000000.0,126000000000.0,9092000000.0,81,15,12,,,4.7,218936170.2,1505000000.0,-137000000,2013-03-31,Ameriprise Financial,Financials,Asset Management & Custody Banks,"Minneapolis, Minnesota",
AMP,2013-12-31,11230000000.0,1954000000.0,9276000000.0,2282000000,1334000000,0,5411000000.0,4610000000,0,0.0,145000000000.0,136000000000.0,8192000000.0,83,20,18,,,6.56,203353658.5,1364000000.0,-105000000,2014-03-31,Ameriprise Financial,Financials,Asset Management & Custody Banks,"Minneapolis, Minnesota",
AMP,2014-12-31,12296000000.0,1982000000.0,10314000000.0,2903000000,1619000000,0,5642000000.0,5027000000,0,0.0,149000000000.0,141000000000.0,8124000000.0,84,24,21,,,8.45,191597633.1,2399000000.0,-113000000,2015-03-31,Ameriprise Financial,Financials,Asset Management & Custody Banks,"Minneapolis, Minnesota",
AMP,2015-12-31,12200000000.0,2261000000.0,9939000000.0,2559000000,1562000000,0,5808000000.0,5274000000,0,0.0,145000000000.0,138000000000.0,7217000000.0,81,21,18,,,8.6,181627907.0,2572000000.0,-133000000,2016-03-30,Ameriprise Financial,Financials,Asset Management & Custody Banks,"Minneapolis, Minnesota",
AMT,2012-12-31,2875960000.0,722479000.0,2153481000.0,1119719000,637283000,0,437934000.0,169316000,0,836267000.0,14089429000.0,10516328000.0,3573101000.0,75,39,24,132.0,132.0,1.61,395827950.3,1414391000.0,-568048000,2013-03-31,American Tower Corp A,Real Estate,Specialized REITs,"Boston, Massachusetts",2007-11-19
AMT,2013-12-31,3361407000.0,859873000.0,2501534000.0,1214305000,551333000,0,446492000.0,173566000,0,986087000.0,20283665000.0,16749500000.0,3534165000.0,74,36,16,106.0,106.0,1.4,393809285.7,1599047000.0,-724532000,2014-03-31,American Tower Corp A,Real Estate,Specialized REITs,"Boston, Massachusetts",2007-11-19
AMT,2014-12-31,4100048000.0,1094265000.0,3005783000.0,1486922000,824910000,0,473698000.0,213074000,0,957867000.0,21263565000.0,17310005000.0,3953560000.0,73,36,21,50.0,50.0,2.02,408371287.1,2134589000.0,-974404000,2015-03-31,American Tower Corp A,Real Estate,Specialized REITs,"Boston, Massachusetts",2007-11-19
AMT,2015-12-31,4771516000.0,1308868000.0,3462648000.0,1612789000,685074000,0,462879000.0,227354000,0,996468000.0,26904272000.0,20252593000.0,6651679000.0,73,34,17,83.0,83.0,1.42,482446478.9,2183052000.0,-728753000,2016-03-30,American Tower Corp A,Real Estate,Specialized REITs,"Boston, Massachusetts",2007-11-19
AMZN,2013-12-31,74452000000.0,54181000000.0,20271000000.0,745000000,274000000,0,8658000000.0,4767000000,7411000000,24625000000.0,40159000000.0,30413000000.0,9746000000.0,27,1,1,107.0,75.0,0.6,456666666.7,5475000000.0,-3444000000,2014-03-31,Amazon.com Inc,Consumer Discretionary,Internet & Direct Marketing Retail,"Seattle, Washington",2005-11-18
AMZN,2014-12-31,88988000000.0,62752000000.0,26236000000.0,178000000,-241000000,0,14557000000.0,5612000000,8299000000,31327000000.0,54505000000.0,43764000000.0,10741000000.0,29,0,0,112.0,82.0,-0.52,463461538.5,6842000000.0,-4893000000,2015-03-31,Amazon.com Inc,Consumer Discretionary,Internet & Direct Marketing Retail,"Seattle, Washington",2005-11-18
AMZN,2015-12-31,107000000000.0,71651000000.0,35355000000.0,2233000000,596000000,0,15890000000.0,5654000000,10243000000,35705000000.0,64747000000.0,51363000000.0,13384000000.0,33,2,1,105.0,75.0,1.28,465625000.0,11920000000.0,-4589000000,2016-03-30,Amazon.com Inc,Consumer Discretionary,Internet & Direct Marketing Retail,"Seattle, Washington",2005-11-18
AMZN,2016-12-31,136000000000.0,88265000000.0,47722000000.0,4186000000,2371000000,0,19334000000.0,8339000000,11461000000,45781000000.0,83402000000.0,64117000000.0,19285000000.0,35,3,3,104.0,78.0,,,16443000000.0,-6737000000,2017-03-31,Amazon.com Inc,Consumer Discretionary,Internet & Direct Marketing Retail,"Seattle, Washington",2005-11-18
AN,2013-12-31,17517600000.0,14757700000.0,2759900000.0,740300000,374900000,0,69200000.0,740900000,2827200000,3830000000.0,7914100000.0,5852400000.0,2061700000.0,16,4,3,102.0,27.0,3.09,121326860.8,484100000.0,-160800000,2014-03-31,AutoNation Inc,Consumer Discretionary,Specialty Stores,"Fort Lauderdale, Florida",
AN,2014-12-31,19108800000.0,16120100000.0,2988700000.0,820800000,418700000,0,75400000.0,817800000,2899000000,3999200000.0,8399700000.0,6327600000.0,2072100000.0,16,4,4,103.0,28.0,3.57,117282913.2,485100000.0,-209200000,2015-03-31,AutoNation Inc,Consumer Discretionary,Specialty Stores,"Fort Lauderdale, Florida",
AN,2015-12-31,20862000000.0,17600500000.0,3261500000.0,873100000,442600000,0,74100000.0,908200000,3612000000,4709700000.0,9548200000.0,7198900000.0,2349300000.0,16,4,3,91.0,21.0,3.93,112620865.1,507200000.0,-247600000,2016-03-30,AutoNation Inc,Consumer Discretionary,Specialty Stores,"Fort Lauderdale, Florida",
AN,2016-12-31,21609000000.0,18295800000.0,3313200000.0,889500000,430500000,0,64800000.0,1032900000,3520100000,4714800000.0,10060000000.0,7749700000.0,2310300000.0,15,4,3,81.0,20.0,,,516000000.0,-244500000,2017-03-31,AutoNation Inc,Consumer Discretionary,Specialty Stores,"Fort Lauderdale, Florida",
ANTM,2012-12-31,61497200000.0,48213600000.0,13283600000.0,3858300000,2655500000,0,2475300000.0,4843500000,0,0.0,58955400000.0,35152700000.0,23802700000.0,22,6,6,,,8.26,321489104.1,2744600000.0,-544900000,2013-03-31,Anthem Inc.,Health Care,Managed Health Care,"Indianapolis, Indiana",
ANTM,2013-12-31,71023500000.0,56237100000.0,14786400000.0,3840200000,2489700000,0,1582100000.0,5267700000,0,0.0,59574500000.0,34809300000.0,24765200000.0,21,5,5,,,8.34,298525179.9,3052300000.0,-646500000,2014-03-31,Anthem Inc.,Health Care,Managed Health Care,"Indianapolis, Indiana",
ANTM,2014-12-31,73874100000.0,56854900000.0,17019200000.0,4368100000,2569700000,0,2151700000.0,7251400000,0,0.0,61676300000.0,37425000000.0,24251300000.0,23,6,6,,,9.31,276015037.6,3369300000.0,-714600000,2015-03-31,Anthem Inc.,Health Care,Managed Health Care,"Indianapolis, Indiana",
ANTM,2015-12-31,79156500000.0,61116900000.0,18039600000.0,4631000000,2560000000,0,2113500000.0,7340800000,0,0.0,61717800000.0,38673700000.0,23044100000.0,23,6,6,,,9.73,263103802.7,4116000000.0,-638200000,2016-03-30,Anthem Inc.,Health Care,Managed Health Care,"Indianapolis, Indiana",
AON,2012-12-31,11514000000.0,0.0,11514000000.0,1596000000,993000000,0,291000000.0,3101000000,0,0.0,30486000000.0,22724000000.0,7762000000.0,100,14,12,,,3.03,327722772.3,1419000000.0,-269000000,2013-03-31,Aon plc,Financials,Insurance Brokers,"London, United Kingdom",
AON,2013-12-31,11815000000.0,0.0,11815000000.0,1671000000,1113000000,0,477000000.0,2896000000,0,0.0,30251000000.0,22106000000.0,8145000000.0,100,14,13,,,3.57,311764705.9,1753000000.0,-229000000,2014-03-31,Aon plc,Financials,Insurance Brokers,"London, United Kingdom",
AON,2014-12-31,12045000000.0,0.0,12045000000.0,1966000000,1397000000,0,374000000.0,2815000000,0,0.0,29772000000.0,23201000000.0,6571000000.0,100,16,15,,,4.73,295348837.2,1812000000.0,-256000000,2015-03-31,Aon plc,Financials,Insurance Brokers,"London, United Kingdom",
AON,2015-12-31,11682000000.0,0.0,11682000000.0,1848000000,1385000000,0,384000000.0,2734000000,0,0.0,27164000000.0,21058000000.0,6106000000.0,100,16,14,,,4.93,280933062.9,2009000000.0,-290000000,2016-03-30,Aon plc,Financials,Insurance Brokers,"London, United Kingdom",
APA,2012-12-31,16428000000.0,3079000000.0,13349000000.0,4876000000,2001000000,0,160000000.0,3086000000,908000000,4962000000.0,60737000000.0,29406000000.0,31331000000.0,81,30,29,90.0,73.0,4.95,404242424.2,8504000000.0,-9464000000,2013-03-31,Apache Corporation,Energy,Oil & Gas Exploration & Production,"Houston, Texas",
APA,2013-12-31,14771000000.0,2938000000.0,11833000000.0,4470000000,2288000000,0,1906000000.0,3086000000,891000000,6366000000.0,61637000000.0,28241000000.0,33396000000.0,80,30,26,135.0,116.0,5.53,413743218.8,9835000000.0,-9556000000,2014-03-31,Apache Corporation,Energy,Oil & Gas Exploration & Production,"Houston, Texas",
APA,2014-12-31,12691000000.0,2511000000.0,10180000000.0,-2708000000,-5060000000,0,769000000.0,2793000000,708000000,6415000000.0,55952000000.0,30015000000.0,25937000000.0,80,21,22,175.0,156.0,-14.06,359886202.0,8461000000.0,-11378000000,2015-03-31,Apache Corporation,Energy,Oil & Gas Exploration & Production,"Houston, Texas",
APA,2015-12-31,6383000000.0,2065000000.0,4318000000.0,-27910000000,-23528000000,0,1467000000.0,1253000000,570000000,3752000000.0,18842000000.0,16276000000.0,2566000000.0,68,437,442,204.0,173.0,-61.2,384444444.4,2984000000.0,-5178000000,2016-03-30,Apache Corporation,Energy,Oil & Gas Exploration & Production,"Houston, Texas",
APC,2013-12-31,14581000000.0,2942000000.0,11639000000.0,3333000000,801000000,0,3698000000.0,2722000000,0,7108000000.0,55781000000.0,33924000000.0,21857000000.0,80,23,14,125.0,125.0,1.58,506962025.3,8888000000.0,-7721000000,2014-03-31,Anadarko Petroleum Corp,Energy,Oil & Gas Exploration & Production,"The Woodlands, Texas",
APC,2014-12-31,18470000000.0,3317000000.0,15153000000.0,5403000000,-1750000000,0,7369000000.0,2527000000,0,10499000000.0,60967000000.0,41242000000.0,19725000000.0,82,29,0,103.0,103.0,-3.47,504322766.6,8466000000.0,-9508000000,2015-03-31,Anadarko Petroleum Corp,Energy,Oil & Gas Exploration & Production,"The Woodlands, Texas",
APC,2015-12-31,8698000000.0,3185000000.0,5513000000.0,-8809000000,-6692000000,0,939000000.0,2469000000,0,3981000000.0,46331000000.0,33512000000.0,12819000000.0,63,101,111,95.0,95.0,-13.18,507738998.5,-1877000000.0,-6067000000,2016-03-30,Anadarko Petroleum Corp,Energy,Oil & Gas Exploration & Production,"The Woodlands, Texas",
APC,2016-12-31,7869000000.0,2900000000.0,4969000000.0,-2599000000,-3071000000,0,3184000000.0,1728000000,0,5266000000.0,45564000000.0,33352000000.0,12212000000.0,63,33,49,158.0,158.0,,,3000000000.0,-3505000000,2017-03-31,Anadarko Petroleum Corp,Energy,Oil & Gas Exploration & Production,"The Woodlands, Texas",
APD,2013-09-30,10180400000.0,7472100000.0,2708300000.0,1324400000,994200000,133700000,450400000.0,2159000000,706100000,3439100000.0,17850100000.0,10808000000.0,7042100000.0,27,13,13,107.0,85.0,4.74,209746835.4,1553100000.0,-1524200000,2013-12-29,Air Products & Chemicals Inc,Materials,Industrial Gases,"Allentown, Pennsylvania",1985-04-30
APD,2014-09-30,10439000000.0,7629900000.0,2809100000.0,1339100000,991700000,139800000,336600000.0,2164400000,706000000,3294800000.0,17779100000.0,10413300000.0,7365800000.0,27,13,13,111.0,87.0,4.66,212811158.8,2190100000.0,-1362700000,2014-12-29,Air Products & Chemicals Inc,Materials,Industrial Gases,"Allentown, Pennsylvania",1985-04-30
APD,2015-09-30,9894900000.0,6939000000.0,2955900000.0,1708300000,1277900000,137100000,206400000.0,1860500000,657800000,2793500000.0,17334500000.0,10085500000.0,7249000000.0,30,17,18,77.0,59.0,5.95,214773109.2,2446400000.0,-1265600000,2015-12-29,Air Products & Chemicals Inc,Materials,Industrial Gases,"Allentown, Pennsylvania",1985-04-30
APD,2016-09-30,9524400000.0,6402700000.0,3121700000.0,2106000000,631100000,132000000,1501300000.0,2077100000,619900000,4317300000.0,18055300000.0,10975700000.0,7079600000.0,33,22,22,131.0,113.0,2.92,216130137.0,2707400000.0,-1055800000,2016-12-29,Air Products & Chemicals Inc,Materials,Industrial Gases,"Allentown, Pennsylvania",1985-04-30
APH,2012-12-31,4292100000.0,2948900000.0,1343200000.0,828300000,555300000,0,690850000.0,910711000,733718000,2706915000.0,5215463000.0,2785504000.0,2429959000.0,31,19,18,305.0,222.0,3.44,161424418.6,674700000.0,-129100000,2013-03-31,Amphenol Corp,Information Technology,Electronic Components,"Wallingford, Connecticut",2008-09-30
APH,2013-12-31,4614700000.0,3163900000.0,1450800000.0,896800000,635700000,0,886800000.0,1001000000,792600000,3157600000.0,6168000000.0,3308500000.0,2859500000.0,31,19,18,196.0,147.0,4.0,158925000.0,769100000.0,-158400000,2014-03-31,Amphenol Corp,Information Technology,Electronic Components,"Wallingford, Connecticut",2008-09-30
APH,2014-12-31,5345500000.0,3651700000.0,1693800000.0,1034600000,709100000,0,968900000.0,1123700000,865600000,3452200000.0,6985900000.0,4078500000.0,2907400000.0,32,19,18,330.0,247.0,2.26,313761061.9,880900000.0,-209100000,2015-03-31,Amphenol Corp,Information Technology,Electronic Components,"Wallingford, Connecticut",2008-09-30
APH,2015-12-31,5568700000.0,3789200000.0,1779500000.0,1104700000,763500000,0,1737200000.0,1104600000,851800000,3850000000.0,7458400000.0,4219900000.0,3238500000.0,32,20,19,382.0,297.0,2.47,309109311.7,1030500000.0,-172100000,2016-03-30,Amphenol Corp,Information Technology,Electronic Components,"Wallingford, Connecticut",2008-09-30
ARNC,2012-12-31,23700000000.0,20401000000.0,3299000000.0,473000000,191000000,197000000,1861000000.0,1739000000,2825000000,7700000000.0,40179000000.0,26980000000.0,13199000000.0,14,2,1,130.0,82.0,0.18,1061111111.0,1497000000.0,-1261000000,2013-03-31,Arconic Inc,Industrials,Aerospace & Defense,"New York, New York",1964-03-31
ARNC,2013-12-31,23032000000.0,19286000000.0,3746000000.0,-1388000000,-2285000000,192000000,1437000000.0,1818000000,2705000000,6969000000.0,35742000000.0,25149000000.0,10593000000.0,16,6,8,114.0,70.0,-2.14,1067757009.0,1578000000.0,-1193000000,2014-03-31,Arconic Inc,Industrials,Aerospace & Defense,"New York, New York",1964-03-31
ARNC,2014-12-31,23906000000.0,19137000000.0,4769000000.0,1017000000,268000000,218000000,1877000000.0,2128000000,3082000000,7848000000.0,37363000000.0,25057000000.0,12306000000.0,20,4,2,144.0,87.0,0.21,1276190476.0,1674000000.0,-1219000000,2015-03-31,Arconic Inc,Industrials,Aerospace & Defense,"New York, New York",1964-03-31
ARNC,2015-12-31,22534000000.0,18069000000.0,4465000000.0,748000000,-322000000,238000000,1919000000.0,1862000000,3442000000,7953000000.0,36528000000.0,24482000000.0,12046000000.0,20,3,1,153.0,87.0,-0.31,1038709677.0,1582000000.0,-1180000000,2016-03-30,Arconic Inc,Industrials,Aerospace & Defense,"New York, New York",1964-03-31
ATVI,2012-12-31,4856000000.0,1662000000.0,3194000000.0,1451000000,1149000000,604000000,3959000000.0,1194000000,209000000,6274000000.0,14200000000.0,2883000000.0,11317000000.0,66,30,30,237.0,229.0,1.01,1137623762.0,1345000000.0,-73000000,2013-03-31,Activision Blizzard,Information Technology,Home Entertainment Software,"Santa Monica, California",2015-08-31
ATVI,2013-12-31,4583000000.0,1531000000.0,3052000000.0,1372000000,1010000000,584000000,4410000000.0,831000000,171000000,6241000000.0,14012000000.0,7390000000.0,6622000000.0,67,30,29,260.0,252.0,0.96,1052083333.0,1264000000.0,-74000000,2014-03-31,Activision Blizzard,Information Technology,Home Entertainment Software,"Santa Monica, California",2015-08-31
ATVI,2014-12-31,4408000000.0,1525000000.0,2883000000.0,1183000000,835000000,571000000,4848000000.0,659000000,123000000,6541000000.0,14642000000.0,7409000000.0,7233000000.0,65,27,22,241.0,236.0,1.14,732456140.4,1292000000.0,-107000000,2015-03-31,Activision Blizzard,Information Technology,Home Entertainment Software,"Santa Monica, California",2015-08-31
ATVI,2015-12-31,4664000000.0,1585000000.0,3079000000.0,1319000000,892000000,646000000,1823000000.0,679000000,128000000,3387000000.0,15251000000.0,7183000000.0,8068000000.0,66,28,24,130.0,125.0,1.21,737190082.6,1192000000.0,-111000000,2016-03-30,Activision Blizzard,Information Technology,Home Entertainment Software,"Santa Monica, California",2015-08-31
AVB,2012-12-31,1000627000.0,0.0,1000627000.0,353142000,423562000,0,2733618000.0,0,0,0.0,11160078000.0,4322863000.0,6837215000.0,100,35,25,,,4.34,97594930.88,540819000.0,-934570000,2013-03-31,"AvalonBay Communities, Inc.",Real Estate,Residential REITs,"Arlington, Virginia[3]",2007-01-10
AVB,2013-12-31,1462921000.0,0.0,1462921000.0,307064000,352771000,0,281355000.0,0,0,0.0,15328143000.0,6732011000.0,8596132000.0,100,21,4,,,2.78,126896043.2,724315000.0,-2151799000,2014-03-31,"AvalonBay Communities, Inc.",Real Estate,Residential REITs,"Arlington, Virginia[3]",2007-01-10
AVB,2014-12-31,1685061000.0,0.0,1685061000.0,615365000,697327000,0,509460000.0,0,0,0.0,16140578000.0,7094173000.0,9046405000.0,100,37,40,,,5.22,133587547.9,886641000.0,-1341657000,2015-03-31,"AvalonBay Communities, Inc.",Real Estate,Residential REITs,"Arlington, Virginia[3]",2007-01-10
AVB,2015-12-31,1856028000.0,0.0,1856028000.0,697183000,741733000,0,400507000.0,0,0,0.0,16931305000.0,7090779000.0,9840526000.0,100,38,40,,,5.54,133886823.1,1056754000.0,-1625191000,2016-03-30,"AvalonBay Communities, Inc.",Real Estate,Residential REITs,"Arlington, Virginia[3]",2007-01-10
AVGO,2015-11-01,6824000000.0,3271000000.0,3553000000.0,1632000000,1364000000,1049000000,1822000000.0,1019000000,524000000,3759000000.0,10515000000.0,5801000000.0,4714000000.0,52,24,21,336.0,289.0,,,2318000000.0,-593000000,2016-01-30,Broadcom,Information Technology,Semiconductors,"San Jose, California",2014-05-08
AVGO,2016-10-30,13240000000.0,7300000000.0,5940000000.0,-409000000,-1861000000,2674000000,3097000000.0,2181000000,1400000000,7125000000.0,49966000000.0,31074000000.0,18892000000.0,45,3,8,231.0,186.0,,,3411000000.0,-723000000,2017-01-28,Broadcom,Information Technology,Semiconductors,"San Jose, California",2014-05-08
AVY,2012-12-31,5863500000.0,4335300000.0,1528200000.0,379300000,215400000,0,235400000.0,1101900000,473300000,2411700000.0,5105300000.0,3524400000.0,1580900000.0,26,6,4,116.0,93.0,,,513400000.0,-99200000,2013-03-31,Avery Dennison Corp,Materials,Paper Packaging,"Glendale, California",1987-12-31
AVY,2013-12-28,6140000000.0,4502300000.0,1637700000.0,463500000,213200000,0,351600000.0,1119900000,494100000,2091800000.0,4610600000.0,3118400000.0,1492200000.0,27,8,6,135.0,103.0,2.19,97351598.17,319600000.0,-129200000,2014-03-28,Avery Dennison Corp,Materials,Paper Packaging,"Glendale, California",1987-12-31
AVY,2015-01-03,6330300000.0,4679100000.0,1651200000.0,492300000,245100000,0,207200000.0,1065600000,491800000,1921300000.0,4356900000.0,3309200000.0,1047700000.0,26,8,6,121.0,90.0,2.65,92490566.04,354900000.0,-147900000,2015-04-03,Avery Dennison Corp,Materials,Paper Packaging,"Glendale, California",1987-12-31
AVY,2016-01-02,5966900000.0,4321100000.0,1645800000.0,537700000,274300000,0,158800000.0,995600000,478700000,1775400000.0,4133700000.0,3168000000.0,965700000.0,28,9,7,122.0,89.0,3.01,91129568.11,473700000.0,-135800000,2016-04-01,Avery Dennison Corp,Materials,Paper Packaging,"Glendale, California",1987-12-31
AWK,2012-12-31,2853926000.0,1329500000.0,1524426000.0,924104000,358070000,0,54189000.0,385003000,29772000,499447000.0,14718976000.0,10255127000.0,4444988000.0,53,32,22,50.0,47.0,2.03,176389162.6,955598000.0,-928574000,2013-03-31,American Water Works Company Inc,Utilities,Water Utilities,"Voorhees, New Jersey",2016-03-04
AWK,2013-12-31,2879000000.0,1289000000.0,1590000000.0,948000000,369000000,0,55469000.0,447328000,32973000,571807000.0,15088142000.0,10343161000.0,4727804000.0,55,33,21,46.0,44.0,2.08,177403846.2,896000000.0,-980000000,2014-03-31,American Water Works Company Inc,Utilities,Water Utilities,"Voorhees, New Jersey",2016-03-04
AWK,2014-12-31,3011000000.0,1350000000.0,1661000000.0,1003000000,423000000,0,37000000.0,453000000,37000000,575000000.0,16038000000.0,11108000000.0,4915000000.0,55,33,24,46.0,43.0,2.36,179237288.1,1097000000.0,-956000000,2015-03-31,American Water Works Company Inc,Utilities,Water Utilities,"Voorhees, New Jersey",2016-03-04
AWK,2015-12-31,3159000000.0,1404000000.0,1755000000.0,1075000000,476000000,0,66000000.0,522000000,38000000,657000000.0,17241000000.0,12180000000.0,5049000000.0,56,34,25,43.0,40.0,2.66,178947368.4,1179000000.0,-1160000000,2016-03-30,American Water Works Company Inc,Utilities,Water Utilities,"Voorhees, New Jersey",2016-03-04
AXP,2012-12-31,33781000000.0,480000000.0,0.0,0,4482000000,0,27526000000.0,45914000000,0,0.0,153000000000.0,134000000000.0,18886000000.0,0,0,19,,,3.91,1146291560.0,7082000000.0,-1053000000,2013-03-31,American Express Co,Financials,Consumer Finance,"New York, New York",1976-06-30
AXP,2013-12-31,34828000000.0,442000000.0,0.0,0,5359000000,0,24004000000.0,47185000000,0,0.0,153000000000.0,134000000000.0,19496000000.0,0,0,23,,,4.91,1091446029.0,8547000000.0,-1006000000,2014-03-31,American Express Co,Financials,Consumer Finance,"New York, New York",1976-06-30
AXP,2014-12-31,35895000000.0,373000000.0,0.0,0,5885000000,0,26249000000.0,47000000000,0,0.0,159000000000.0,138000000000.0,20673000000.0,0,0,25,,,,,10990000000.0,-1195000000,2015-03-31,American Express Co,Financials,Consumer Finance,"New York, New York",1976-06-30
AXP,2015-12-31,34441000000.0,475000000.0,0.0,0,5163000000,0,26263000000.0,61687000000,0,0.0,161000000000.0,141000000000.0,20673000000.0,0,0,23,,,,,10972000000.0,-1341000000,2016-03-30,American Express Co,Financials,Consumer Finance,"New York, New York",1976-06-30
AYI,2013-08-31,2089100000.0,1251500000.0,837600000.0,221500000,127400000,0,359100000.0,331900000,203000000,913500000.0,1903800000.0,910300000.0,993500000.0,40,11,9,237.0,184.0,2.97,42895622.9,132300000.0,-40600000,2013-11-29,Acuity Brands Inc,Industrials,Electrical Components & Equipment,"Atlanta, Georgia",2016-05-03
AYI,2014-08-31,2393500000.0,1414300000.0,979200000.0,299100000,175800000,0,552500000.0,394900000,212000000,1186400000.0,2166400000.0,1002900000.0,1163500000.0,41,12,11,252.0,207.0,4.07,43194103.19,233100000.0,-35300000,2014-11-29,Acuity Brands Inc,Industrials,Electrical Components & Equipment,"Atlanta, Georgia",2016-05-03
AYI,2015-08-31,2706700000.0,1561100000.0,1145600000.0,376300000,222100000,0,756800000.0,411700000,224800000,1413400000.0,2407000000.0,1047000000.0,1360000000.0,42,14,13,271.0,228.0,5.13,43294346.98,288900000.0,-56500000,2015-11-29,Acuity Brands Inc,Industrials,Electrical Components & Equipment,"Atlanta, Georgia",2016-05-03
AYI,2016-08-31,3291300000.0,1855100000.0,1436200000.0,475200000,290800000,0,413200000.0,572800000,295200000,1322900000.0,2948000000.0,1288200000.0,1659800000.0,44,14,14,197.0,153.0,6.67,43598200.9,345700000.0,-83700000,2016-11-29,Acuity Brands Inc,Industrials,Electrical Components & Equipment,"Atlanta, Georgia",2016-05-03
AZO,2013-08-31,9147530000.0,4406595000.0,4740935000.0,1773098000,1016480000,0,142191000.0,173365000,2861014000,3278013000.0,6892089000.0,8579408000.0,-1687319000.0,52,19,17,79.0,10.0,28.28,35943422.91,1415011000.0,-414451000,2013-11-29,AutoZone Inc,Consumer Discretionary,Specialty Stores,"Memphis, Tennessee",
AZO,2014-08-30,9475313000.0,4540406000.0,4934907000.0,1830223000,1069744000,0,124485000.0,205607000,3140100000,3580612000.0,7497163000.0,9119020000.0,-1621857000.0,52,19,18,79.0,10.0,32.16,33263184.08,1341234000.0,-438116000,2014-11-28,AutoZone Inc,Consumer Discretionary,Specialty Stores,"Memphis, Tennessee",
AZO,2015-08-29,10187340000.0,4860309000.0,5327031000.0,1953051000,1160241000,0,175309000.0,251503000,3421635000,3970294000.0,8102349000.0,9803739000.0,-1701390000.0,52,19,18,84.0,12.0,36.76,31562595.21,1525123000.0,-480579000,2015-11-27,AutoZone Inc,Consumer Discretionary,Specialty Stores,"Memphis, Tennessee",
AZO,2016-08-27,10635676000.0,5026940000.0,5608736000.0,2060395000,1241007000,0,189734000.0,287680000,3631916000,4239573000.0,8599787000.0,10387325000.0,-1787538000.0,53,19,18,90.0,13.0,41.52,29889378.61,1577329000.0,-488791000,2016-11-25,AutoZone Inc,Consumer Discretionary,Specialty Stores,"Memphis, Tennessee",
BA,2013-12-31,86623000000.0,73268000000.0,13355000000.0,6562000000,4585000000,3071000000,9088000000.0,6904000000,42912000000,65074000000.0,92663000000.0,77788000000.0,14875000000.0,15,8,7,126.0,43.0,6.03,760364842.5,8179000000.0,-2098000000,2014-03-31,Boeing Company,Industrials,Aerospace & Defense,"Chicago, Illinois",
BA,2014-12-31,90762000000.0,76752000000.0,14010000000.0,7473000000,5446000000,3047000000,11733000000.0,7919000000,46756000000,67767000000.0,92921000000.0,84256000000.0,8665000000.0,15,8,8,140.0,44.0,7.47,729049531.5,8858000000.0,-2236000000,2015-03-31,Boeing Company,Industrials,Aerospace & Defense,"Chicago, Illinois",
BA,2015-12-31,96114000000.0,82088000000.0,14026000000.0,7443000000,5176000000,3331000000,11302000000.0,8925000000,47257000000,68234000000.0,94408000000.0,88073000000.0,6335000000.0,15,8,7,135.0,42.0,7.52,688297872.3,9363000000.0,-2450000000,2016-03-30,Boeing Company,Industrials,Aerospace & Defense,"Chicago, Illinois",
BA,2016-12-31,94571000000.0,80790000000.0,13781000000.0,5834000000,4895000000,4627000000,8801000000.0,9260000000,43199000000,62488000000.0,89997000000.0,89180000000.0,817000000.0,15,6,6,125.0,38.0,,,10499000000.0,-2613000000,2017-03-31,Boeing Company,Industrials,Aerospace & Defense,"Chicago, Illinois",
BAC,2012-12-31,100000000000.0,3753000000.0,0.0,0,4188000000,0,627000000000.0,71467000000,0,0.0,2210000000000.0,1970000000000.0,237000000000.0,0,0,3,,,0.26,16107692308.0,-16056000000.0,5000000,2013-03-31,Bank of America Corp,Financials,Banks,"Charlotte, North Carolina",1976-06-30
BAC,2013-12-31,102000000000.0,3034000000.0,0.0,0,11431000000,0,578000000000.0,59448000000,0,0.0,2100000000000.0,1870000000000.0,233000000000.0,0,0,16,,,0.94,12160638298.0,92817000000.0,0,2014-03-31,Bank of America Corp,Financials,Banks,"Charlotte, North Carolina",1976-06-30
BAC,2014-12-31,95181000000.0,2656000000.0,0.0,0,4833000000,0,582000000000.0,61845000000,0,0.0,2100000000000.0,1860000000000.0,243000000000.0,0,0,7,,,0.36,13425000000.0,30135000000.0,0,2015-03-31,Bank of America Corp,Financials,Banks,"Charlotte, North Carolina",1976-06-30
BAC,2015-12-31,93056000000.0,2204000000.0,0.0,0,15888000000,0,613000000000.0,58312000000,0,0.0,2140000000000.0,1890000000000.0,256000000000.0,0,0,24,,,,,27730000000.0,0,2016-03-30,Bank of America Corp,Financials,Banks,"Charlotte, North Carolina",1976-06-30
BAX,2012-12-31,13936000000.0,6802000000.0,7134000000.0,2770000000,2326000000,1081000000,3270000000.0,2769000000,2803000000,9260000000.0,20390000000.0,13452000000.0,6938000000.0,51,20,20,195.0,136.0,4.22,551184834.1,3106000000.0,-1161000000,2013-03-31,Baxter International Inc.,Health Care,Health Care Equipment,"Deerfield, Illinois",1972-09-30
BAX,2013-12-31,9413000000.0,5251000000.0,4162000000.0,496000000,2012000000,582000000,2733000000.0,3415000000,3499000000,10195000000.0,25224000000.0,16761000000.0,8463000000.0,44,5,4,194.0,128.0,3.7,543783783.8,3198000000.0,-706000000,2014-03-31,Baxter International Inc.,Health Care,Health Care Equipment,"Deerfield, Illinois",1972-09-30
BAX,2014-12-31,10719000000.0,6138000000.0,4581000000.0,656000000,2497000000,610000000,2925000000.0,1884000000,1577000000,10162000000.0,26138000000.0,18018000000.0,8120000000.0,43,6,5,168.0,142.0,4.61,541648590.0,3215000000.0,-925000000,2015-03-31,Baxter International Inc.,Health Care,Health Care Equipment,"Deerfield, Illinois",1972-09-30
BAX,2015-12-31,9968000000.0,5822000000.0,4146000000.0,449000000,968000000,603000000,2213000000.0,1731000000,1604000000,11796000000.0,20975000000.0,12129000000.0,8846000000.0,42,5,4,205.0,177.0,1.78,543820224.7,1647000000.0,-911000000,2016-03-30,Baxter International Inc.,Health Care,Health Care Equipment,"Deerfield, Illinois",1972-09-30
BBBY,2013-03-02,10914585000.0,6525830000.0,4388755000.0,1638218000,1037788000,0,564971000.0,0,2466214000,3867485000.0,6279952000.0,2200222000.0,4079730000.0,40,15,15,237.0,86.0,4.62,224629437.2,1196225000.0,-315937000,2013-05-31,Bed Bath & Beyond,Consumer Discretionary,Specialty Stores,"Union, New Jersey",
BBBY,2014-03-01,11503963000.0,6938381000.0,4565582000.0,1614587000,1022290000,0,366516000.0,0,2578956000,3788987000.0,6356033000.0,2414746000.0,3941287000.0,40,14,14,206.0,66.0,4.85,210781443.3,1381726000.0,-320812000,2014-05-30,Bed Bath & Beyond,Consumer Discretionary,Specialty Stores,"Union, New Jersey",
BBBY,2015-02-28,11881176000.0,7261397000.0,4619779000.0,1554293000,957474000,0,875574000.0,0,2731881000,4083603000.0,6758993000.0,4015803000.0,2743190000.0,39,13,13,210.0,70.0,5.13,186642105.3,1178489000.0,-330637000,2015-05-29,Bed Bath & Beyond,Consumer Discretionary,Specialty Stores,"Union, New Jersey",
BBBY,2016-02-27,12103887000.0,7483577000.0,4620310000.0,1414903000,841489000,0,515573000.0,0,2848119000,3825962000.0,6498940000.0,3939400000.0,2559540000.0,38,12,11,205.0,52.0,5.15,163395922.3,1012184000.0,-328395000,2016-05-27,Bed Bath & Beyond,Consumer Discretionary,Specialty Stores,"Union, New Jersey",
BBT,2012-12-31,10737000000.0,429000000.0,0.0,0,1979000000,0,42267000000.0,0,0,0.0,184000000000.0,163000000000.0,21158000000.0,0,0,26,,,2.74,722262773.7,3714000000.0,0,2013-03-31,BB&T Corporation,Financials,Banks,"Winston-Salem, North Carolina",
BBT,2013-12-31,10543000000.0,301000000.0,0.0,0,1680000000,0,42370000000.0,0,0,0.0,183000000000.0,160000000000.0,22759000000.0,0,0,31,,,2.22,756756756.8,5308000000.0,0,2014-03-31,BB&T Corporation,Financials,Banks,"Winston-Salem, North Carolina",
BBT,2014-12-31,9998000000.0,239000000.0,0.0,0,2131000000,0,43472000000.0,0,0,0.0,187000000000.0,163000000000.0,24289000000.0,0,0,31,,,2.79,763799283.2,3210000000.0,0,2015-03-31,BB&T Corporation,Financials,Banks,"Winston-Salem, North Carolina",
BBT,2015-12-31,10346000000.0,233000000.0,0.0,0,2084000000,0,47538000000.0,0,0,0.0,210000000000.0,183000000000.0,27306000000.0,0,0,28,,,2.59,804633204.6,2915000000.0,0,2016-03-30,BB&T Corporation,Financials,Banks,"Winston-Salem, North Carolina",
BBY,2012-03-03,45457000000.0,34473000000.0,10984000000.0,2200000000,-1231000000,0,1199000000.0,2288000000,5731000000,10297000000.0,16005000000.0,12260000000.0,3745000000.0,24,5,5,116.0,52.0,-3.36,366369047.6,3293000000.0,-766000000,2012-06-01,Best Buy Co. Inc.,Consumer Discretionary,Computer & Electronics Retail,"Richfield, Minnesota",
BBY,2014-02-01,40611000000.0,31212000000.0,9399000000.0,1144000000,532000000,0,2678000000.0,1308000000,5376000000,10485000000.0,14013000000.0,10027000000.0,3986000000.0,23,3,3,141.0,69.0,1.56,341025641.0,1094000000.0,-547000000,2014-05-02,Best Buy Co. Inc.,Consumer Discretionary,Computer & Electronics Retail,"Richfield, Minnesota",
BBY,2015-01-31,40339000000.0,31292000000.0,9047000000.0,1450000000,1233000000,0,2432000000.0,1280000000,5174000000,11472000000.0,15245000000.0,10250000000.0,4995000000.0,22,4,3,148.0,81.0,3.53,349291784.7,1935000000.0,-561000000,2015-05-01,Best Buy Co. Inc.,Consumer Discretionary,Computer & Electronics Retail,"Richfield, Minnesota",
BBY,2016-01-30,39528000000.0,30337000000.0,9191000000.0,1375000000,897000000,0,1976000000.0,1162000000,5051000000,9886000000.0,13519000000.0,9141000000.0,4378000000.0,23,3,3,143.0,70.0,2.59,346332046.3,1322000000.0,-649000000,2016-04-29,Best Buy Co. Inc.,Consumer Discretionary,Computer & Electronics Retail,"Richfield, Minnesota",
BCR,2013-12-31,3049500000.0,1194400000.0,1855100000.0,639100000,689800000,295700000,1083200000.0,557800000,356200000,2090400000.0,5041100000.0,2952900000.0,2088200000.0,61,21,40,356.0,296.0,8.54,80772833.72,1123300000.0,-69100000,2014-03-31,Bard (C.R.) Inc.,Health Care,Health Care Equipment,"Murray Hill, New Jersey",1975-06-30
BCR,2014-12-31,3323600000.0,1258600000.0,2065000000.0,781500000,294500000,302000000,1007600000.0,548500000,376200000,2047100000.0,5092600000.0,3287700000.0,1804900000.0,62,24,13,333.0,272.0,3.83,76892950.39,660000000.0,-126600000,2015-03-31,Bard (C.R.) Inc.,Health Care,Health Care Equipment,"Murray Hill, New Jersey",1975-06-30
BCR,2015-12-31,3416000000.0,1301200000.0,2114800000.0,843500000,135400000,259200000,1030900000.0,445100000,413700000,1969300000.0,4844000000.0,3388700000.0,1455300000.0,62,25,10,156.0,123.0,1.8,75222222.22,798100000.0,-102900000,2016-03-30,Bard (C.R.) Inc.,Health Care,Health Care Equipment,"Murray Hill, New Jersey",1975-06-30
BCR,2016-12-31,3714000000.0,1371700000.0,2342300000.0,947600000,531400000,292800000,1106500000.0,477300000,483000000,2316400000.0,5306100000.0,3631000000.0,1675100000.0,63,26,18,209.0,165.0,,,546600000.0,-100300000,2017-03-31,Bard (C.R.) Inc.,Health Care,Health Care Equipment,"Murray Hill, New Jersey",1975-06-30
BDX,2013-09-30,8054000000.0,3883000000.0,4171000000.0,1254000000,1293000000,494000000,1890000000.0,1240000000,1402000000,5873000000.0,12149000000.0,7106000000.0,5043000000.0,52,16,14,276.0,210.0,6.63,195022624.4,1717000000.0,-522000000,2013-12-29,Becton Dickinson,Health Care,Health Care Equipment,"Franklin Lakes, New Jersey",1972-09-30
BDX,2014-09-30,8446000000.0,4145000000.0,4301000000.0,1606000000,1185000000,550000000,1861000000.0,1187000000,1495000000,6131000000.0,12447000000.0,7395000000.0,5053000000.0,51,19,18,274.0,207.0,6.13,193311582.4,1746000000.0,-592000000,2014-12-29,Becton Dickinson,Health Care,Health Care Equipment,"Franklin Lakes, New Jersey",1972-09-30
BDX,2015-09-30,10282000000.0,5587000000.0,4695000000.0,1074000000,695000000,632000000,1424000000.0,1618000000,1959000000,5659000000.0,26478000000.0,19314000000.0,7164000000.0,46,10,7,129.0,84.0,3.43,202623906.7,1730000000.0,-596000000,2015-12-29,Becton Dickinson,Health Care,Health Care Equipment,"Franklin Lakes, New Jersey",1972-09-30
BDX,2016-09-30,12483000000.0,6492000000.0,5991000000.0,1430000000,976000000,828000000,1541000000.0,1618000000,1719000000,6367000000.0,25586000000.0,17953000000.0,7633000000.0,48,11,9,145.0,106.0,4.59,212636165.6,2559000000.0,-693000000,2016-12-29,Becton Dickinson,Health Care,Health Care Equipment,"Franklin Lakes, New Jersey",1972-09-30
BHI,2013-12-31,22364000000.0,18553000000.0,3811000000.0,1949000000,1096000000,556000000,1399000000.0,5518000000,3884000000,11295000000.0,27934000000.0,10221000000.0,17713000000.0,17,9,8,247.0,162.0,2.47,443724696.4,3161000000.0,-2085000000,2014-03-31,Baker Hughes Inc,Energy,Oil & Gas Equipment & Services,"Houston, Texas",
BHI,2014-12-31,24551000000.0,19746000000.0,4805000000.0,2859000000,1719000000,613000000,1740000000.0,5836000000,4074000000,12045000000.0,28827000000.0,10202000000.0,18625000000.0,20,12,11,260.0,172.0,3.93,437404580.2,2953000000.0,-1791000000,2015-03-31,Baker Hughes Inc,Energy,Oil & Gas Equipment & Services,"Houston, Texas",
BHI,2015-12-31,15742000000.0,14415000000.0,1327000000.0,-2396000000,-1967000000,466000000,2324000000.0,3217000000,2917000000,9268000000.0,24080000000.0,7782000000.0,16298000000.0,8,15,17,334.0,229.0,-4.49,438084632.5,1796000000.0,-965000000,2016-03-30,Baker Hughes Inc,Energy,Oil & Gas Equipment & Services,"Houston, Texas",
BHI,2016-12-31,9841000000.0,9973000000.0,-132000000.0,-1623000000,-2738000000,384000000,4572000000.0,2251000000,1809000000,9167000000.0,19034000000.0,6378000000.0,12656000000.0,1,16,21,398.0,319.0,,,4229000000.0,-332000000,2017-03-31,Baker Hughes Inc,Energy,Oil & Gas Equipment & Services,"Houston, Texas",
BIIB,2013-12-31,6932200000.0,857700000.0,6074500000.0,2515500000,1862300000,1444100000,602562000.0,1077068000,659003000,3184934000.0,11863335000.0,3243093000.0,8620242000.0,88,36,36,181.0,144.0,7.86,236933842.2,2345100000.0,-246300000,2014-03-31,BIOGEN IDEC Inc.,Health Care,Biotechnology,"Weston, Massachusetts",
BIIB,2014-12-31,9703300000.0,1171000000.0,8532300000.0,3972400000,2934800000,1893400000,1204900000.0,1575800000,804000000,4535000000.0,14314700000.0,3505700000.0,10809000000.0,88,41,41,204.0,168.0,12.42,236296296.3,2942100000.0,-287800000,2015-03-31,BIOGEN IDEC Inc.,Health Care,Biotechnology,"Weston, Massachusetts",
BIIB,2015-12-31,10763800000.0,1240400000.0,9523400000.0,4891000000,3547000000,2012800000,1308000000.0,1541500000,893400000,6700300000.0,19504800000.0,10132000000.0,9372800000.0,88,45,44,260.0,225.0,15.38,230624187.3,3716100000.0,-643000000,2016-03-30,BIOGEN IDEC Inc.,Health Care,Biotechnology,"Weston, Massachusetts",
BIIB,2016-12-31,11448800000.0,1478700000.0,9970100000.0,5150400000,3702800000,1973300000,2326500000.0,1742200000,1001600000,8732200000.0,22876800000.0,10736700000.0,12140100000.0,87,45,43,255.0,226.0,,,4522400000.0,-616100000,2017-03-31,BIOGEN IDEC Inc.,Health Care,Biotechnology,"Weston, Massachusetts",
BK,2012-12-31,14528000000.0,0.0,14528000000.0,3195000000,2437000000,0,145000000000.0,593000000,0,0.0,359000000000.0,323000000000.0,36431000000.0,100,22,23,,,2.04,1194607843.0,1629000000.0,-652000000,2013-03-31,The Bank of New York Mellon Corp.,Financials,Banks,"New York, New York",
BK,2013-12-31,14942000000.0,0.0,14942000000.0,3636000000,2104000000,0,155000000000.0,621000000,0,0.0,375000000000.0,337000000000.0,37497000000.0,100,24,25,,,1.75,1202285714.0,-642000000.0,-609000000,2014-03-31,The Bank of New York Mellon Corp.,Financials,Banks,"New York, New York",
BK,2014-12-31,15649000000.0,0.0,15649000000.0,3472000000,2567000000,0,143000000000.0,607000000,0,0.0,385000000000.0,348000000000.0,37441000000.0,100,22,23,,,2.17,1182949309.0,4484000000.0,-791000000,2015-03-31,The Bank of New York Mellon Corp.,Financials,Banks,"New York, New York",
BK,2015-12-31,14951000000.0,0.0,14951000000.0,4152000000,3158000000,0,159000000000.0,562000000,0,0.0,394000000000.0,356000000000.0,38037000000.0,100,28,28,,,2.73,1156776557.0,4127000000.0,-601000000,2016-03-30,The Bank of New York Mellon Corp.,Financials,Banks,"New York, New York",
BLL,2012-12-31,8735700000.0,7174000000.0,1561700000.0,790500000,396300000,0,174100000.0,1120900000,1044400000,2339400000.0,7507100000.0,6392500000.0,1114600000.0,18,9,7,139.0,77.0,2.61,151839080.5,853200000.0,-305000000,2013-03-31,Ball Corp,Materials,Metal & Glass Containers,"Broomfield, Colorado",1984-10-31
BLL,2013-12-31,8468100000.0,6875400000.0,1592700000.0,795400000,406800000,0,416000000.0,1026600000,1028300000,2470900000.0,7820400000.0,6595800000.0,1224600000.0,19,9,7,128.0,75.0,2.79,145806451.6,839000000.0,-378300000,2014-03-31,Ball Corp,Materials,Metal & Glass Containers,"Broomfield, Colorado",1984-10-31
BLL,2014-12-31,8570000000.0,6903500000.0,1666500000.0,838600000,470000000,0,191400000.0,1105400000,1016700000,2313500000.0,7571000000.0,6537900000.0,1033100000.0,19,10,8,115.0,65.0,3.39,138643067.8,1012500000.0,-390800000,2015-03-31,Ball Corp,Materials,Metal & Glass Containers,"Broomfield, Colorado",1984-10-31
BLL,2015-12-31,7997000000.0,6460300000.0,1536700000.0,605200000,280900000,0,224000000.0,1061600000,898400000,2184000000.0,9777000000.0,8525700000.0,1251300000.0,19,8,4,102.0,60.0,2.05,137024390.2,1006700000.0,-527900000,2016-03-30,Ball Corp,Materials,Metal & Glass Containers,"Broomfield, Colorado",1984-10-31
BMY,2012-12-31,17621000000.0,4610000000.0,13011000000.0,2260000000,1960000000,3904000000,1656000000.0,4680000000,1657000000,9521000000.0,35897000000.0,22274000000.0,13623000000.0,74,13,13,115.0,95.0,1.17,1675213675.0,6941000000.0,-548000000,2013-03-31,Bristol-Myers Squibb,Health Care,Health Care Distributors,"New York, New York",
BMY,2013-12-31,16385000000.0,4619000000.0,11766000000.0,3096000000,2563000000,3731000000,3586000000.0,5061000000,1498000000,18916000000.0,38592000000.0,23438000000.0,15154000000.0,72,19,18,152.0,140.0,1.56,1642948718.0,3545000000.0,-537000000,2014-03-31,Bristol-Myers Squibb,Health Care,Health Care Distributors,"New York, New York",
BMY,2014-12-31,15879000000.0,3932000000.0,11947000000.0,2591000000,2004000000,4534000000,5571000000.0,5034000000,1560000000,14608000000.0,33749000000.0,18897000000.0,14852000000.0,75,16,15,173.0,154.0,1.21,1656198347.0,3148000000.0,-526000000,2015-03-31,Bristol-Myers Squibb,Health Care,Health Care Distributors,"New York, New York",
BMY,2015-12-31,16560000000.0,3909000000.0,12651000000.0,1890000000,1565000000,5920000000,2385000000.0,4299000000,1221000000,10415000000.0,31748000000.0,17482000000.0,14266000000.0,76,11,13,130.0,115.0,0.94,1664893617.0,1832000000.0,-820000000,2016-03-30,Bristol-Myers Squibb,Health Care,Health Care Distributors,"New York, New York",
BSX,2012-12-31,7249000000.0,2349000000.0,4900000000.0,-3868000000,-4068000000,886000000,207000000.0,1650000000,884000000,3022000000.0,17154000000.0,10284000000.0,6870000000.0,68,53,57,171.0,121.0,-2.89,1407612457.0,1280000000.0,-226000000,2013-03-31,Boston Scientific,Health Care,Health Care Equipment,"Marlborough, Massachusetts[4]",
BSX,2013-12-31,7143000000.0,2174000000.0,4969000000.0,120000000,-121000000,861000000,217000000.0,1595000000,897000000,3011000000.0,16571000000.0,10032000000.0,6539000000.0,70,2,3,165.0,116.0,-0.09,1344444444.0,1110000000.0,-245000000,2014-03-31,Boston Scientific,Health Care,Health Care Equipment,"Marlborough, Massachusetts[4]",
BSX,2014-12-31,7380000000.0,2210000000.0,5170000000.0,-301000000,-119000000,817000000,587000000.0,1630000000,946000000,3606000000.0,17024000000.0,10567000000.0,6457000000.0,70,4,7,127.0,93.0,-0.09,1322222222.0,1269000000.0,-259000000,2015-03-31,Boston Scientific,Health Care,Health Care Equipment,"Marlborough, Massachusetts[4]",
BSX,2015-12-31,7477000000.0,2173000000.0,5304000000.0,-327000000,-239000000,876000000,319000000.0,1771000000,1016000000,3471000000.0,18133000000.0,11813000000.0,6320000000.0,71,4,9,143.0,101.0,-0.18,1327777778.0,600000000.0,-247000000,2016-03-30,Boston Scientific,Health Care,Health Care Equipment,"Marlborough, Massachusetts[4]",
BWA,2013-12-31,7436600000.0,5879100000.0,1557500000.0,855200000,624300000,0,939500000.0,1317200000,458100000,2798500000.0,6917000000.0,3356400000.0,3560600000.0,21,11,11,172.0,144.0,2.73,228681318.7,718800000.0,-417800000,2014-03-31,BorgWarner,Consumer Discretionary,Auto Parts & Equipment,"Auburn Hills, Michigan",2011-12-19
BWA,2014-12-31,8305100000.0,6548700000.0,1756400000.0,963700000,655800000,0,797800000.0,1537100000,505700000,2970800000.0,7228000000.0,3611800000.0,3616200000.0,21,12,11,137.0,114.0,2.89,226920415.2,801800000.0,-563000000,2015-03-31,BorgWarner,Consumer Discretionary,Auto Parts & Equipment,"Auburn Hills, Michigan",2011-12-19
BWA,2015-12-31,8023200000.0,6320100000.0,1703100000.0,939700000,609700000,0,577700000.0,1665000000,723600000,3135200000.0,8825700000.0,5272000000.0,3553700000.0,21,12,11,133.0,102.0,2.72,224154411.8,867900000.0,-577300000,2016-03-30,BorgWarner,Consumer Discretionary,Auto Parts & Equipment,"Auburn Hills, Michigan",2011-12-19
BWA,2016-12-31,9071000000.0,7137900000.0,1933100000.0,225900000,118500000,0,443700000.0,1689300000,641200000,2911600000.0,8834700000.0,5616400000.0,3218300000.0,21,2,2,139.0,109.0,,,1035700000.0,-500600000,2017-03-31,BorgWarner,Consumer Discretionary,Auto Parts & Equipment,"Auburn Hills, Michigan",2011-12-19
BXP,2012-12-31,1847186000.0,667208000.0,1179978000.0,640321000,289650000,0,1041978000.0,1055061000,0,0.0,15462321000.0,10254380000.0,5097065000.0,64,35,13,,,1.93,150077720.2,642949000.0,-1144449000,2013-03-31,Boston Properties,Real Estate,REITs,"Boston, Massachusetts",
BXP,2013-12-31,2135539000.0,771403000.0,1364136000.0,678120000,749811000,0,2365137000.0,711067000,0,0.0,20176264000.0,14383799000.0,5741153000.0,64,32,11,,,4.87,153965297.7,777926000.0,-919735000,2014-03-31,Boston Properties,Real Estate,REITs,"Boston, Massachusetts",
BXP,2014-12-31,2396998000.0,864526000.0,1532472000.0,801822000,443611000,0,1763079000.0,738594000,0,0.0,19886767000.0,14188836000.0,5697298000.0,64,33,22,,,2.83,156753003.5,695553000.0,-410612000,2015-03-31,Boston Properties,Real Estate,REITs,"Boston, Massachusetts",
BXP,2015-12-31,2490821000.0,904336000.0,1586485000.0,849365000,583106000,0,723718000.0,852748000,0,0.0,18379456000.0,12670021000.0,5709435000.0,64,34,32,,,3.79,153853825.9,799411000.0,-374664000,2016-03-30,Boston Properties,Real Estate,REITs,"Boston, Massachusetts",
C,2012-12-31,59581000000.0,0.0,59581000000.0,4574000000,7541000000,0,400000000000.0,22490000000,0,0.0,1860000000000.0,1680000000000.0,189000000000.0,100,8,13,,,2.51,3004382470.0,-10362000000.0,-3604000000,2013-03-31,Citigroup Inc.,Financials,Banks,"New York, New York",1988-05-31
C,2013-12-31,67997000000.0,0.0,67997000000.0,19054000000,13659000000,0,456000000000.0,25674000000,0,0.0,1880000000000.0,1680000000000.0,204000000000.0,100,28,29,,,4.35,3140000000.0,63244000000.0,-3490000000,2014-03-31,Citigroup Inc.,Financials,Banks,"New York, New York",1988-05-31
C,2014-12-31,69606000000.0,0.0,69606000000.0,14131000000,7310000000,0,403000000000.0,28419000000,0,0.0,1840000000000.0,1630000000000.0,210000000000.0,100,20,21,,,2.21,3307692308.0,46343000000.0,-3386000000,2015-03-31,Citigroup Inc.,Financials,Banks,"New York, New York",1988-05-31
C,2015-12-31,68024000000.0,0.0,68024000000.0,24144000000,17242000000,0,353000000000.0,27683000000,0,0.0,1730000000000.0,1510000000000.0,222000000000.0,100,35,36,,,5.41,3187060998.0,39737000000.0,-3198000000,2016-03-30,Citigroup Inc.,Financials,Banks,"New York, New York",1988-05-31
CAG,2013-05-26,13469300000.0,10104400000.0,3364900000.0,1299000000,773900000,0,183900000.0,1279400000,2340900000,4379800000.0,20405300000.0,15140900000.0,5264400000.0,25,10,8,129.0,60.0,1.88,411648936.2,1412200000.0,-422600000,2013-08-24,ConAgra Foods Inc.,Consumer Staples,Packaged Foods & Meats,"Omaha, Nebraska",1983-08-31
CAG,2014-05-25,11838200000.0,8910800000.0,2927400000.0,1148500000,303100000,0,141300000.0,1058400000,2077000000,4230800000.0,19319500000.0,14061000000.0,5258500000.0,25,10,7,160.0,82.0,0.72,420972222.2,1568600000.0,-461100000,2014-08-23,ConAgra Foods Inc.,Consumer Staples,Packaged Foods & Meats,"Omaha, Nebraska",1983-08-31
CAG,2015-05-31,11937000000.0,9061400000.0,2875600000.0,1330300000,-252600000,0,164700000.0,739000000,1642600000,3563300000.0,17437800000.0,12911800000.0,4526000000.0,24,11,8,108.0,58.0,-0.6,421000000.0,1480600000.0,-351200000,2015-08-29,ConAgra Foods Inc.,Consumer Staples,Packaged Foods & Meats,"Omaha, Nebraska",1983-08-31
CAG,2016-05-29,11642900000.0,8552100000.0,3090800000.0,881400000,-677000000,0,834500000.0,836600000,1582100000,3576700000.0,13390600000.0,9677000000.0,3713600000.0,27,8,5,141.0,79.0,-1.57,431210191.1,1207400000.0,-429800000,2016-08-27,ConAgra Foods Inc.,Consumer Staples,Packaged Foods & Meats,"Omaha, Nebraska",1983-08-31
CAH,2013-06-30,101000000000.0,96172000000.0,4921000000.0,996000000,334000000,0,1901000000.0,6304000000,8373000000,17770000000.0,25819000000.0,19844000000.0,5975000000.0,5,1,1,122.0,64.0,0.98,340816326.5,1727000000.0,-195000000,2013-09-28,Cardinal Health Inc.,Health Care,Health Care Distributors,"Dublin, Ohio",
CAH,2014-06-30,91084000000.0,85923000000.0,5161000000.0,1885000000,1166000000,0,2865000000.0,5380000000,8266000000,17939000000.0,26033000000.0,19632000000.0,6401000000.0,6,2,2,119.0,64.0,3.42,340935672.5,2524000000.0,-249000000,2014-09-28,Cardinal Health Inc.,Health Care,Health Care Distributors,"Dublin, Ohio",
CAH,2015-06-30,103000000000.0,96819000000.0,5712000000.0,2161000000,1215000000,0,4616000000.0,6523000000,9211000000,21752000000.0,30142000000.0,23886000000.0,6256000000.0,6,2,2,126.0,73.0,3.66,331967213.1,2540000000.0,-300000000,2015-09-28,Cardinal Health Inc.,Health Care,Health Care Distributors,"Dublin, Ohio",
CAH,2016-06-30,122000000000.0,115000000000.0,6543000000.0,2459000000,1427000000,0,2356000000.0,7405000000,10615000000,21956000000.0,34122000000.0,27568000000.0,6554000000.0,5,2,2,111.0,58.0,4.36,327293578.0,2971000000.0,-465000000,2016-09-28,Cardinal Health Inc.,Health Care,Health Care Distributors,"Dublin, Ohio",
CAT,2013-12-31,55656000000.0,41454000000.0,14202000000.0,5628000000,3789000000,2046000000,6081000000.0,18729000000,12625000000,38335000000.0,84896000000.0,64085000000.0,20811000000.0,26,10,9,140.0,94.0,5.87,645485519.6,10191000000.0,-4446000000,2014-03-31,Caterpillar Inc.,Industrials,Construction & Farm Machinery & Heavy Trucks,"Peoria, Illinois",
CAT,2014-12-31,55184000000.0,41342000000.0,13842000000.0,3314000000,2452000000,2380000000,7341000000.0,18503000000,12205000000,38867000000.0,84681000000.0,67935000000.0,16746000000.0,25,6,6,139.0,96.0,5.99,409348914.9,8057000000.0,-3379000000,2015-03-31,Caterpillar Inc.,Industrials,Construction & Farm Machinery & Heavy Trucks,"Peoria, Illinois",
CAT,2015-12-31,47011000000.0,34133000000.0,12878000000.0,3785000000,2512000000,2119000000,6460000000.0,15686000000,9700000000,33508000000.0,78342000000.0,63533000000.0,14809000000.0,27,8,7,128.0,91.0,3.54,709604519.8,6675000000.0,-3261000000,2016-03-30,Caterpillar Inc.,Industrials,Construction & Farm Machinery & Heavy Trucks,"Peoria, Illinois",
CAT,2016-12-31,38537000000.0,28905000000.0,9632000000.0,498000000,-67000000,1951000000,7168000000.0,14503000000,8614000000,31967000000.0,74704000000.0,61567000000.0,13137000000.0,25,1,0,122.0,89.0,,,5608000000.0,-2928000000,2017-03-31,Caterpillar Inc.,Industrials,Construction & Farm Machinery & Heavy Trucks,"Peoria, Illinois",
CB,2012-12-31,17936000000.0,12620000000.0,5316000000.0,2976000000,2706000000,0,615000000.0,18083000000,0,0.0,92545000000.0,65014000000.0,27531000000.0,30,17,17,,,7.96,339949748.7,3995000000.0,0,2013-03-31,Chubb Limited,Financials,Property & Casualty Insurance,"Zurich, Switzerland",2010-07-15
CB,2013-12-31,19261000000.0,12522000000.0,6739000000.0,4238000000,3758000000,0,579000000.0,18146000000,0,0.0,94510000000.0,65685000000.0,28825000000.0,35,22,22,,,11.02,341016333.9,4022000000.0,0,2014-03-31,Chubb Limited,Financials,Property & Casualty Insurance,"Zurich, Switzerland",2010-07-15
CB,2014-12-31,19171000000.0,13241000000.0,5930000000.0,3487000000,2853000000,0,655000000.0,19661000000,0,0.0,98248000000.0,68661000000.0,29587000000.0,31,18,18,,,8.5,335647058.8,4496000000.0,0,2015-03-31,Chubb Limited,Financials,Property & Casualty Insurance,"Zurich, Switzerland",2010-07-15
CB,2015-12-31,18987000000.0,12968000000.0,6019000000.0,3296000000,2834000000,0,1775000000.0,18978000000,0,0.0,102000000000.0,73231000000.0,29135000000.0,32,17,17,,,8.71,325373134.3,3864000000.0,0,2016-03-30,Chubb Limited,Financials,Property & Casualty Insurance,"Zurich, Switzerland",2010-07-15
CBG,2012-12-31,6514099000.0,5745428000.0,768671000.0,585081000,315555000,0,1162973000.0,2534756000,0,4084550000.0,7809542000.0,6270331000.0,1539211000.0,12,9,8,137.0,137.0,0.98,321994898.0,291081000.0,-156413000,2013-03-31,CBRE Group,Real Estate,Real Estate Services,"Los Angeles, California",
CBG,2013-12-31,7184794000.0,6293699000.0,891095000.0,616128000,316538000,0,553067000.0,2056567000,0,2879812000.0,6998414000.0,5102629000.0,1895785000.0,12,9,7,111.0,111.0,0.96,329727083.3,745108000.0,-158917000,2014-03-31,CBRE Group,Real Estate,Real Estate Services,"Los Angeles, California",
CBG,2014-12-31,9049918000.0,8050222000.0,999696000.0,792254000,484503000,0,768974000.0,2308363000,0,3371769000.0,7568010000.0,5308180000.0,2259830000.0,11,9,9,115.0,115.0,1.47,329593877.6,661780000.0,-182203000,2015-03-31,CBRE Group,Real Estate,Real Estate Services,"Los Angeles, California",
CBG,2015-12-31,10855810000.0,9716541000.0,1139269000.0,835944000,547132000,0,613167000.0,4298178000,0,5305223000.0,11017943000.0,8305291000.0,2712652000.0,10,8,8,106.0,106.0,1.64,333617073.2,651897000.0,-141517000,2016-03-30,CBRE Group,Real Estate,Real Estate Services,"Los Angeles, California",
CCI,2012-12-31,2432680000.0,728989000.0,1703691000.0,834681000,188584000,0,1017302000.0,386253000,0,1581324000.0,16088709000.0,13149963000.0,2938746000.0,70,34,4,128.0,128.0,0.64,294662500.0,772557000.0,-441383000,2013-03-31,Crown Castle International Corp.,Real Estate,REITs,"Houston, Texas",2012-03-14
CCI,2013-12-31,2865751000.0,991017000.0,1874734000.0,880704000,90111000,0,406920000.0,276639000,0,892683000.0,20594908000.0,13668191000.0,6926717000.0,65,31,9,118.0,118.0,0.26,346580769.2,1171059000.0,-534809000,2014-03-31,Crown Castle International Corp.,Real Estate,REITs,"Houston, Texas",2012-03-14
CCI,2014-12-31,3538756000.0,1306606000.0,2232150000.0,940682000,390513000,0,298723000.0,313308000,0,1282996000.0,21143276000.0,14427051000.0,6716225000.0,63,27,9,138.0,138.0,1.04,375493269.2,1600197000.0,-758535000,2015-03-31,Crown Castle International Corp.,Real Estate,REITs,"Houston, Texas",2012-03-14
CCI,2015-12-31,3663851000.0,1321426000.0,2342425000.0,946180000,1520992000,0,309541000.0,313296000,0,981245000.0,22036245000.0,14947024000.0,7089221000.0,64,26,13,115.0,115.0,4.44,342565765.8,1794025000.0,-908892000,2016-03-30,Crown Castle International Corp.,Real Estate,REITs,"Houston, Texas",2012-03-14
CCL,2013-11-30,15456000000.0,10645000000.0,4811000000.0,1329000000,1055000000,0,462000000.0,786000000,374000000,1937000000.0,40104000000.0,15548000000.0,24556000000.0,31,9,7,29.0,23.0,1.39,758992805.8,2834000000.0,-2149000000,2014-02-28,Carnival Corp.,Consumer Discretionary,"Hotels, Resorts & Cruise Lines","Miami, Florida",
CCL,2014-11-30,15884000000.0,10421000000.0,5463000000.0,1772000000,1216000000,0,331000000.0,486000000,349000000,1488000000.0,39448000000.0,15244000000.0,24204000000.0,34,11,8,21.0,16.0,1.59,764779874.2,3430000000.0,-2583000000,2015-02-28,Carnival Corp.,Consumer Discretionary,"Hotels, Resorts & Cruise Lines","Miami, Florida",
CCL,2015-11-30,15714000000.0,9447000000.0,6267000000.0,2574000000,1757000000,0,1395000000.0,303000000,330000000,2451000000.0,39237000000.0,15466000000.0,23771000000.0,40,16,11,35.0,30.0,2.26,777433628.3,4545000000.0,-2294000000,2016-02-28,Carnival Corp.,Consumer Discretionary,"Hotels, Resorts & Cruise Lines","Miami, Florida",
CCL,2016-11-30,16389000000.0,9383000000.0,7006000000.0,3071000000,2779000000,0,603000000.0,298000000,322000000,1689000000.0,38936000000.0,16339000000.0,22597000000.0,43,19,17,24.0,19.0,,,5134000000.0,-3062000000,2017-02-28,Carnival Corp.,Consumer Discretionary,"Hotels, Resorts & Cruise Lines","Miami, Florida",
CELG,2013-12-31,6493900000.0,340400000.0,6153500000.0,1808900000,1449900000,2226200000,3234400000.0,1086700000,340400000,7550500000.0,13378200000.0,7788300000.0,5589900000.0,95,28,26,388.0,371.0,3.5,414257142.9,2225900000.0,-119700000,2014-03-31,Celgene Corp.,Health Care,Biotechnology,"Summit, New Jersey",
CELG,2014-12-31,7670400000.0,385900000.0,7284500000.0,2519000000,1999900000,2430600000,4121600000.0,1166700000,393100000,9712600000.0,17340100000.0,10815300000.0,6524800000.0,95,33,30,460.0,441.0,2.49,803172690.8,2806300000.0,-150300000,2015-03-31,Celgene Corp.,Health Care,Biotechnology,"Summit, New Jersey",
CELG,2015-12-31,9256000000.0,420100000.0,8835900000.0,2254600000,1602000000,3697300000,4880300000.0,1420900000,443400000,9400900000.0,26964400000.0,21045400000.0,5919000000.0,95,24,22,477.0,455.0,2.02,793069306.9,2483900000.0,-286300000,2016-03-30,Celgene Corp.,Health Care,Biotechnology,"Summit, New Jersey",
CELG,2016-12-31,11229200000.0,438000000.0,10791200000.0,3166600000,1999200000,4470100000,6169900000.0,1620600000,497900000,10867500000.0,28085600000.0,21486300000.0,6599300000.0,96,28,21,367.0,350.0,,,3976300000.0,-236200000,2017-03-31,Celgene Corp.,Health Care,Biotechnology,"Summit, New Jersey",
CERN,2013-12-28,2910748000.0,514722000.0,2396026000.0,576012000,398354000,338786000,202377000.0,674540000,32299000,1761708000.0,4098364000.0,930700000.0,3167664000.0,82,20,20,275.0,270.0,1.16,343408620.7,695865000.0,-352877000,2014-03-28,Cerner,Health Care,Health Care Technology,"North Kansas City, Missouri",2010-04-30
CERN,2015-01-03,3402703000.0,604377000.0,2798326000.0,763084000,525433000,392805000,635203000.0,694853000,23789000,2348786000.0,4530565000.0,964597000.0,3565968000.0,82,22,23,370.0,367.0,1.54,341190259.7,847027000.0,-276584000,2015-04-03,Cerner,Health Care,Health Care Technology,"North Kansas City, Missouri",2010-04-30
CERN,2016-01-02,4425267000.0,750781000.0,3674486000.0,781136000,539362000,539799000,402122000.0,1034084000,15788000,1827833000.0,5561984000.0,1691600000.0,3870384000.0,83,18,18,235.0,233.0,1.57,343542675.2,947526000.0,-362132000,2016-04-01,Cerner,Health Care,Health Care Technology,"North Kansas City, Missouri",2010-04-30
CERN,2016-12-31,4796473000.0,779116000.0,4017357000.0,911013000,636484000,551418000,170861000.0,944943000,14740000,1619361000.0,5629963000.0,1702016000.0,3927947000.0,84,19,19,192.0,190.0,,,1155612000.0,-459427000,2017-03-31,Cerner,Health Care,Health Care Technology,"North Kansas City, Missouri",2010-04-30
CF,2012-12-31,6104000000.0,2990700000.0,3113300000.0,2959400000,1895700000,0,2274900000.0,226900000,277900000,2807600000.0,10166900000.0,4264700000.0,5902200000.0,51,48,46,295.0,266.0,28.94,65504492.05,2375600000.0,-523500000,2013-03-31,CF Industries Holdings Inc,Materials,Fertilizers & Agricultural Chemicals,"Deerfield, Illinois",2008-08-27
CF,2013-12-31,5474700000.0,2954500000.0,2520200000.0,2411700000,1506300000,0,1864800000.0,290900000,274300000,2630100000.0,10678100000.0,5602000000.0,5076100000.0,46,44,40,318.0,284.0,24.87,60566948.13,1466800000.0,-823800000,2014-03-31,CF Industries Holdings Inc,Materials,Fertilizers & Agricultural Chemicals,"Deerfield, Illinois",2008-08-27
CF,2014-12-31,4743200000.0,2964700000.0,1778500000.0,2366500000,2183500000,0,2082700000.0,191500000,202900000,2530500000.0,11254200000.0,7044500000.0,4209700000.0,37,50,62,258.0,238.0,27.16,80393961.71,1408600000.0,-1808500000,2015-03-31,CF Industries Holdings Inc,Materials,Fertilizers & Agricultural Chemicals,"Deerfield, Illinois",2008-08-27
CF,2015-12-31,4308300000.0,2761200000.0,1547100000.0,1193100000,664900000,0,308800000.0,267200000,321200000,1127100000.0,12738900000.0,8703700000.0,4035200000.0,36,28,25,93.0,66.0,2.97,223872053.9,1203700000.0,-2469300000,2016-03-30,CF Industries Holdings Inc,Materials,Fertilizers & Agricultural Chemicals,"Deerfield, Illinois",2008-08-27
CFG,2012-12-31,5513000000.0,375000000.0,0.0,0,643000000,0,23706000000.0,4000000,0,0.0,127000000000.0,103000000000.0,24129000000.0,0,0,19,,,,,1714000000.0,-178000000,2013-03-31,Citizens Financial Group,Financials,Regional Banks,"Providence, Rhode Island",2016-01-29
CFG,2013-12-31,5133000000.0,216000000.0,0.0,0,-3426000000,0,24235000000.0,446000000,0,0.0,122000000000.0,103000000000.0,19196000000.0,0,0,68,,,,,2649000000.0,-160000000,2014-03-31,Citizens Financial Group,Financials,Regional Banks,"Providence, Rhode Island",2016-01-29
CFG,2014-12-31,5342000000.0,160000000.0,0.0,0,865000000,0,28350000000.0,0,0,0.0,133000000000.0,114000000000.0,19268000000.0,0,0,24,,,1.55,558064516.1,1390000000.0,-141000000,2015-03-31,Citizens Financial Group,Financials,Regional Banks,"Providence, Rhode Island",2016-01-29
CFG,2015-12-31,5276000000.0,237000000.0,0.0,0,840000000,0,27516000000.0,0,0,0.0,138000000000.0,119000000000.0,19646000000.0,0,0,24,,,1.55,541935483.9,1229000000.0,-121000000,2016-03-30,Citizens Financial Group,Financials,Regional Banks,"Providence, Rhode Island",2016-01-29
CHD,2012-12-31,2921900000.0,1630500000.0,1291400000.0,545100000,349800000,0,343000000.0,320700000,242200000,933800000.0,4098100000.0,2037200000.0,2060900000.0,44,19,19,129.0,95.0,2.5,139920000.0,523600000.0,-74500000,2013-03-31,Church & Dwight,Consumer Staples,Household Products,"Ewing, New Jersey",2015-12-29
CHD,2013-12-31,3194300000.0,1756300000.0,1438000000.0,622200000,394400000,0,496900000.0,346800000,250500000,1115800000.0,4259700000.0,1959800000.0,2299900000.0,45,19,19,171.0,133.0,2.85,138385964.9,499600000.0,-67100000,2014-03-31,Church & Dwight,Consumer Staples,Household Products,"Ewing, New Jersey",2015-12-29
CHD,2014-12-31,3297600000.0,1844700000.0,1452900000.0,641200000,413900000,0,423000000.0,322900000,245900000,1018100000.0,4359200000.0,2257300000.0,2101900000.0,44,19,19,112.0,85.0,3.06,135261437.9,540300000.0,-70500000,2015-03-31,Church & Dwight,Consumer Staples,Household Products,"Ewing, New Jersey",2015-12-29
CHD,2015-12-31,3394800000.0,1883000000.0,1511800000.0,674200000,410400000,0,330000000.0,276200000,274000000,906000000.0,4256900000.0,2233700000.0,2023200000.0,45,20,19,104.0,72.0,3.13,131118210.9,606100000.0,-61800000,2016-03-30,Church & Dwight,Consumer Staples,Household Products,"Ewing, New Jersey",2015-12-29
CHK,2012-12-31,12316000000.0,7081000000.0,5235000000.0,-1694000000,-769000000,0,398000000.0,2335000000,0,2948000000.0,41611000000.0,23715000000.0,15569000000.0,43,14,8,47.0,47.0,-1.46,526712328.8,2837000000.0,-14742000000,2013-03-31,Chesapeake Energy,Energy,Integrated Oil & Gas,"Oklahoma City, Oklahoma",
CHK,2013-12-31,19080000000.0,12930000000.0,6150000000.0,2069000000,724000000,0,912000000.0,2445000000,0,3656000000.0,41782000000.0,23642000000.0,15995000000.0,32,11,8,66.0,66.0,0.73,991780821.9,4614000000.0,-7608000000,2014-03-31,Chesapeake Energy,Energy,Integrated Oil & Gas,"Oklahoma City, Oklahoma",
CHK,2014-12-31,23125000000.0,16049000000.0,7076000000.0,3477000000,1917000000,0,4146000000.0,2236000000,0,7468000000.0,40751000000.0,22546000000.0,16903000000.0,31,15,14,132.0,132.0,1.93,993264248.7,4634000000.0,-6618000000,2015-03-31,Chesapeake Energy,Energy,Integrated Oil & Gas,"Oklahoma City, Oklahoma",
CHK,2015-12-31,12764000000.0,10295000000.0,2469000000.0,-18919000000,-14685000000,0,825000000.0,1129000000,0,2480000000.0,17357000000.0,14960000000.0,2138000000.0,19,148,150,67.0,67.0,-22.43,654703522.1,1234000000.0,-3771000000,2016-03-30,Chesapeake Energy,Energy,Integrated Oil & Gas,"Oklahoma City, Oklahoma",
CHRW,2012-12-31,11359113000.0,9641542000.0,1717571000.0,675320000,593804000,0,210019000.0,1423916000,0,1672290000.0,2804225000.0,1299853000.0,1504372000.0,15,6,8,136.0,136.0,3.68,161359782.6,460342000.0,-36096000,2013-03-31,C. H. Robinson Worldwide,Industrials,Air Freight & Logistics,"Eden Prairie, Minnesota",
CHRW,2013-12-31,12752076000.0,10915981000.0,1836095000.0,682650000,415904000,0,162047000.0,1457867000,0,1664485000.0,2802818000.0,1863094000.0,939724000.0,14,5,5,131.0,131.0,2.65,156944905.7,347777000.0,-40354000,2014-03-31,C. H. Robinson Worldwide,Industrials,Air Freight & Logistics,"Eden Prairie, Minnesota",
CHRW,2014-12-31,13470067000.0,11462415000.0,2007652000.0,748418000,449711000,0,488328000.0,1579337000,0,2105459000.0,3214338000.0,2167323000.0,1047015000.0,15,6,5,134.0,134.0,3.06,146964379.1,513426000.0,-22364000,2015-03-31,C. H. Robinson Worldwide,Industrials,Air Freight & Logistics,"Eden Prairie, Minnesota",
CHRW,2015-12-31,13476084000.0,11207604000.0,2268480000.0,858310000,509699000,0,168229000.0,1522408000,0,1730698000.0,3184358000.0,2033908000.0,1150450000.0,17,6,6,119.0,119.0,3.52,144800852.3,718336000.0,-28115000,2016-03-30,C. H. Robinson Worldwide,Industrials,Air Freight & Logistics,"Eden Prairie, Minnesota",
CHTR,2013-12-31,8155000000.0,5345000000.0,2810000000.0,909000000,-169000000,0,21000000.0,234000000,0,322000000.0,17295000000.0,17144000000.0,151000000.0,34,11,1,22.0,22.0,-1.65,102424242.4,2158000000.0,-1825000000,2014-03-31,Charter Communications,Consumer Discretionary,Cable & Satellite,"Stamford, Connecticut",2016-09-08
CHTR,2014-12-31,9108000000.0,5973000000.0,3135000000.0,971000000,-183000000,0,3000000.0,285000000,0,345000000.0,24388000000.0,24242000000.0,146000000.0,34,11,1,21.0,21.0,-1.7,107647058.8,2359000000.0,-2221000000,2015-03-31,Charter Communications,Consumer Discretionary,Cable & Satellite,"Stamford, Connecticut",2016-09-08
CHTR,2015-12-31,9754000000.0,6426000000.0,3328000000.0,1114000000,-271000000,0,5000000.0,279000000,0,345000000.0,39316000000.0,39362000000.0,-46000000.0,34,11,3,17.0,17.0,-2.43,111522633.7,2359000000.0,-1840000000,2016-03-30,Charter Communications,Consumer Discretionary,Cable & Satellite,"Stamford, Connecticut",2016-09-08
CHTR,2016-12-31,29003000000.0,18655000000.0,10348000000.0,3355000000,3522000000,0,1535000000.0,1432000000,0,3300000000.0,149000000000.0,109000000000.0,40139000000.0,36,12,3,34.0,34.0,,,8041000000.0,-5325000000,2017-03-31,Charter Communications,Consumer Discretionary,Cable & Satellite,"Stamford, Connecticut",2016-09-08
CI,2012-12-31,29119000000.0,17900000000.0,11219000000.0,2477000000,1623000000,0,2978000000.0,8033000000,0,0.0,53734000000.0,43965000000.0,9769000000.0,39,9,9,,,5.7,284736842.1,2350000000.0,-408000000,2013-03-31,CIGNA Corp.,Health Care,Managed Health Care,"Philadelphia, Pennsylvania",1976-06-30
CI,2013-12-31,32380000000.0,20865000000.0,11515000000.0,2176000000,1476000000,0,2795000000.0,9290000000,0,0.0,54336000000.0,43769000000.0,10567000000.0,36,7,7,,,5.28,279545454.5,719000000.0,-527000000,2014-03-31,CIGNA Corp.,Health Care,Managed Health Care,"Philadelphia, Pennsylvania",1976-06-30
CI,2014-12-31,34914000000.0,21334000000.0,13580000000.0,3304000000,2102000000,0,1420000000.0,9837000000,0,0.0,55870000000.0,45096000000.0,10774000000.0,39,9,9,,,7.97,263739021.3,1994000000.0,-473000000,2015-03-31,CIGNA Corp.,Health Care,Managed Health Care,"Philadelphia, Pennsylvania",1976-06-30
CI,2015-12-31,37876000000.0,23290000000.0,14586000000.0,3327000000,2094000000,0,1968000000.0,10507000000,0,0.0,57088000000.0,45053000000.0,12035000000.0,39,9,9,,,8.17,256303549.6,2717000000.0,-510000000,2016-03-30,CIGNA Corp.,Health Care,Managed Health Care,"Philadelphia, Pennsylvania",1976-06-30
CINF,2012-12-31,4111000000.0,3477000000.0,634000000.0,566000000,421000000,0,487000000.0,2045000000,0,0.0,16548000000.0,11095000000.0,5453000000.0,15,14,14,,,2.59,162548262.5,638000000.0,-6000000,2013-03-31,Cincinnati Financial,Financials,Property & Casualty Insurance,"Fairfield, Ohio",
CINF,2013-12-31,4531000000.0,3748000000.0,783000000.0,714000000,517000000,0,433000000.0,2125000000,0,0.0,17662000000.0,11592000000.0,6070000000.0,17,16,16,,,3.16,163607594.9,796000000.0,-7000000,2014-03-31,Cincinnati Financial,Financials,Property & Casualty Insurance,"Fairfield, Ohio",
CINF,2014-12-31,4945000000.0,4157000000.0,788000000.0,721000000,525000000,0,591000000.0,2177000000,0,0.0,18748000000.0,12175000000.0,6573000000.0,16,15,15,,,3.21,163551401.9,873000000.0,-9000000,2015-03-31,Cincinnati Financial,Financials,Property & Casualty Insurance,"Fairfield, Ohio",
CINF,2015-12-31,5142000000.0,4195000000.0,947000000.0,881000000,634000000,0,544000000.0,2218000000,0,0.0,18888000000.0,12461000000.0,6427000000.0,18,17,17,,,3.87,163824289.4,1064000000.0,-10000000,2016-03-30,Cincinnati Financial,Financials,Property & Casualty Insurance,"Fairfield, Ohio",
CL,2012-12-31,17085000000.0,7153000000.0,9932000000.0,3889000000,2472000000,0,884000000.0,1668000000,1365000000,4556000000.0,13394000000.0,11205000000.0,2189000000.0,58,23,23,122.0,85.0,5.19,476300578.0,3196000000.0,-565000000,2013-03-31,Colgate-Palmolive,Consumer Staples,Household Products,"New York, New York",
CL,2013-12-31,17420000000.0,7219000000.0,10201000000.0,3556000000,2241000000,0,962000000.0,1636000000,1425000000,4931000000.0,13985000000.0,11680000000.0,2305000000.0,59,20,20,108.0,77.0,2.41,929875518.7,3204000000.0,-670000000,2014-03-31,Colgate-Palmolive,Consumer Staples,Household Products,"New York, New York",
CL,2014-12-31,17277000000.0,7168000000.0,10109000000.0,3557000000,2180000000,0,1089000000.0,1552000000,1382000000,4863000000.0,13459000000.0,12314000000.0,1145000000.0,59,21,20,123.0,88.0,2.38,915966386.6,3298000000.0,-757000000,2015-03-31,Colgate-Palmolive,Consumer Staples,Household Products,"New York, New York",
CL,2015-12-31,16034000000.0,6635000000.0,9399000000.0,2789000000,1384000000,0,970000000.0,1427000000,1180000000,4384000000.0,11958000000.0,12257000000.0,-299000000.0,59,17,17,124.0,91.0,1.53,904575163.4,2949000000.0,-691000000,2016-03-30,Colgate-Palmolive,Consumer Staples,Household Products,"New York, New York",
CLX,2013-06-30,5533000000.0,3142000000.0,2391000000.0,970000000,572000000,130000000,299000000.0,580000000,394000000,1420000000.0,4311000000.0,4165000000.0,146000000.0,43,18,15,125.0,90.0,4.37,130892448.5,775000000.0,-190000000,2013-09-28,The Clorox Company,Consumer Staples,Household Products,"Oakland, California",1969-03-31
CLX,2014-06-30,5514000000.0,3158000000.0,2356000000.0,977000000,558000000,125000000,329000000.0,546000000,386000000,1395000000.0,4258000000.0,4104000000.0,154000000.0,43,18,16,85.0,62.0,4.31,129466357.3,767000000.0,-137000000,2014-09-28,The Clorox Company,Consumer Staples,Household Products,"Oakland, California",1969-03-31
CLX,2015-06-30,5655000000.0,3190000000.0,2465000000.0,1008000000,580000000,136000000,382000000.0,519000000,385000000,1429000000.0,4164000000.0,4046000000.0,118000000.0,44,18,16,102.0,74.0,4.45,130337078.7,874000000.0,-125000000,2015-09-28,The Clorox Company,Consumer Staples,Household Products,"Oakland, California",1969-03-31
CLX,2016-06-30,5761000000.0,3163000000.0,2598000000.0,1064000000,648000000,141000000,401000000.0,569000000,443000000,1485000000.0,4518000000.0,4221000000.0,297000000.0,45,18,17,95.0,67.0,5.01,129341317.4,778000000.0,-172000000,2016-09-28,The Clorox Company,Consumer Staples,Household Products,"Oakland, California",1969-03-31
CMA,2013-12-31,2666000000.0,55000000.0,0.0,0,541000000,0,15758000000.0,0,0,0.0,65224000000.0,58074000000.0,7150000000.0,0,0,29,,,2.92,185273972.6,836000000.0,-102000000,2014-03-31,Comerica Inc.,Financials,Regional Banks,"Dallas, Texas",
CMA,2014-12-31,2607000000.0,45000000.0,0.0,0,593000000,0,16122000000.0,0,0,0.0,69186000000.0,61784000000.0,7402000000.0,0,0,33,,,3.28,180792682.9,639000000.0,-70000000,2015-03-31,Comerica Inc.,Financials,Regional Banks,"Dallas, Texas",
CMA,2015-12-31,2819000000.0,43000000.0,0.0,0,521000000,0,18647000000.0,0,0,0.0,71877000000.0,64317000000.0,7560000000.0,0,0,27,,,2.93,177815699.7,862000000.0,-119000000,2016-03-30,Comerica Inc.,Financials,Regional Banks,"Dallas, Texas",
CMA,2016-12-31,2960000000.0,40000000.0,0.0,0,477000000,0,19587000000.0,0,0,0.0,72978000000.0,65182000000.0,7796000000.0,0,0,23,,,,,493000000.0,-95000000,2017-03-31,Comerica Inc.,Financials,Regional Banks,"Dallas, Texas",
CME,2012-12-31,2782400000.0,0.0,2782400000.0,1692000000,896300000,0,1604700000.0,267500000,0,0.0,38863200000.0,17444100000.0,21419100000.0,100,61,61,,,2.71,330738007.4,1219700000.0,-141800000,2013-03-31,CME Group Inc.,Financials,Financial Exchanges & Data,"Chicago, Illinois",
CME,2013-12-31,2784900000.0,0.0,2784900000.0,1485600000,976800000,0,2469700000.0,302700000,0,0.0,54277800000.0,33123000000.0,21154800000.0,100,53,57,,,2.94,332244898.0,1280500000.0,-125600000,2014-03-31,CME Group Inc.,Financials,Financial Exchanges & Data,"Chicago, Illinois",
CME,2014-12-31,2993100000.0,0.0,2993100000.0,1649000000,1127100000,0,1366100000.0,341200000,0,0.0,72241500000.0,51318000000.0,20923500000.0,100,55,59,,,3.37,334451038.6,1291400000.0,-140700000,2015-03-31,CME Group Inc.,Financials,Financial Exchanges & Data,"Chicago, Illinois",
CME,2015-12-31,3209400000.0,0.0,3209400000.0,1871300000,1247000000,0,1692600000.0,357800000,0,0.0,67371500000.0,46819700000.0,20551800000.0,100,58,61,,,3.71,336118598.4,1515300000.0,-114200000,2016-03-30,CME Group Inc.,Financials,Financial Exchanges & Data,"Chicago, Illinois",
CMG,2013-12-31,3214591000.0,2359822000.0,854769000.0,532720000,327438000,0,323203000.0,40885000,13044000,666307000.0,2009280000.0,470992000.0,1538288000.0,27,17,17,334.0,328.0,10.58,30948771.27,528780000.0,-199926000,2014-03-31,Chipotle Mexican Grill,Consumer Discretionary,Restaurants,"Denver, Colorado",2011-04-28
CMG,2014-12-31,4108269000.0,2990513000.0,1117756000.0,710800000,445374000,0,419465000.0,51327000,15332000,859511000.0,2527317000.0,514948000.0,2012369000.0,27,17,17,350.0,344.0,14.35,31036515.68,682067000.0,-252590000,2015-03-31,Chipotle Mexican Grill,Consumer Discretionary,Restaurants,"Denver, Colorado",2011-04-28
CMG,2015-12-31,4501223000.0,3326936000.0,1174287000.0,763589000,475602000,0,248005000.0,96435000,15043000,814647000.0,2725066000.0,597092000.0,2127974000.0,26,17,17,291.0,286.0,15.3,31085098.04,683316000.0,-257418000,2016-03-30,Chipotle Mexican Grill,Consumer Discretionary,Restaurants,"Denver, Colorado",2011-04-28
CMG,2016-12-31,3904384000.0,3406170000.0,498214000.0,34567000,22938000,0,87880000.0,45559000,15019000,522374000.0,2026103000.0,623610000.0,1402493000.0,13,1,1,185.0,180.0,,,349242000.0,-258842000,2017-03-31,Chipotle Mexican Grill,Consumer Discretionary,Restaurants,"Denver, Colorado",2011-04-28
CMI,2013-12-31,17301000000.0,13021000000.0,4280000000.0,2101000000,1483000000,713000000,2699000000.0,2362000000,2381000000,8639000000.0,14728000000.0,7218000000.0,7510000000.0,25,12,12,257.0,186.0,7.93,187011349.3,2089000000.0,-676000000,2014-03-31,Cummins Inc.,Industrials,Industrial Machinery,"Columbus, Indiana",1965-03-31
CMI,2014-12-31,19221000000.0,14360000000.0,4861000000.0,2365000000,1651000000,754000000,2301000000.0,2744000000,2866000000,9055000000.0,15764000000.0,8015000000.0,7749000000.0,25,12,13,225.0,154.0,9.04,182632743.4,2266000000.0,-743000000,2015-03-31,Cummins Inc.,Industrials,Industrial Machinery,"Columbus, Indiana",1965-03-31
CMI,2015-12-31,19110000000.0,14163000000.0,4947000000.0,2057000000,1399000000,735000000,1711000000.0,2640000000,2707000000,7947000000.0,15134000000.0,7728000000.0,7406000000.0,26,11,11,209.0,138.0,7.86,177989821.9,2059000000.0,-744000000,2016-03-30,Cummins Inc.,Industrials,Industrial Machinery,"Columbus, Indiana",1965-03-31
CMI,2016-12-31,17509000000.0,13057000000.0,4452000000.0,1928000000,1394000000,636000000,1120000000.0,2803000000,2675000000,7707000000.0,15011000000.0,8136000000.0,6875000000.0,25,11,11,178.0,116.0,,,1935000000.0,-531000000,2017-03-31,Cummins Inc.,Industrials,Industrial Machinery,"Columbus, Indiana",1965-03-31
CMS,2013-12-31,6566000000.0,4562000000.0,2004000000.0,1142000000,465000000,0,204000000.0,1113000000,881000000,2526000000.0,17416000000.0,13925000000.0,3454000000.0,31,17,12,130.0,85.0,1.71,271929824.6,1421000000.0,-1325000000,2014-03-31,CMS Energy,Utilities,MultiUtilities,"Jackson, Michigan",
CMS,2014-12-31,7179000000.0,5090000000.0,2089000000.0,1152000000,492000000,0,244000000.0,1058000000,918000000,2597000000.0,19185000000.0,15478000000.0,3670000000.0,29,16,10,133.0,86.0,1.76,279545454.5,1481000000.0,-1577000000,2015-03-31,CMS Energy,Utilities,MultiUtilities,"Jackson, Michigan",
CMS,2015-12-31,6456000000.0,4281000000.0,2175000000.0,1163000000,537000000,0,285000000.0,929000000,778000000,2320000000.0,20299000000.0,16324000000.0,3938000000.0,34,18,12,101.0,67.0,1.9,282631578.9,1640000000.0,-1564000000,2016-03-30,CMS Energy,Utilities,MultiUtilities,"Jackson, Michigan",
CMS,2016-12-31,6399000000.0,4010000000.0,2389000000.0,1297000000,564000000,0,254000000.0,1052000000,626000000,2280000000.0,21622000000.0,17332000000.0,4253000000.0,37,20,13,86.0,62.0,,,1629000000.0,-1672000000,2017-03-31,CMS Energy,Utilities,MultiUtilities,"Jackson, Michigan",
CNC,2012-12-31,8110000000.0,6781000000.0,1329000000.0,108000000,2000000,0,843952000.0,251473000,0,0.0,2773905000.0,1820849000.0,953056000.0,16,1,2,,,0.04,50000000.0,279000000.0,-82000000,2013-03-31,Centene Corporation,Health Care,Managed Health Care,"St Louis, Missouri",2016-03-30
CNC,2013-12-31,10863000000.0,8995000000.0,1868000000.0,277000000,165000000,0,1038000000.0,429000000,0,0.0,3529000000.0,2295000000.0,1234000000.0,17,3,2,,,2.98,55369127.52,382000000.0,-68000000,2014-03-31,Centene Corporation,Health Care,Managed Health Care,"St Louis, Missouri",2016-03-30
CNC,2014-12-31,16560000000.0,12678000000.0,3882000000.0,464000000,271000000,0,1610000000.0,912000000,0,0.0,5824000000.0,4080000000.0,1744000000.0,23,3,3,,,2.3,117826087.0,1223000000.0,-103000000,2015-03-31,Centene Corporation,Health Care,Managed Health Care,"St Louis, Missouri",2016-03-30
CNC,2015-12-31,22760000000.0,17242000000.0,5518000000.0,705000000,355000000,0,1760000000.0,1279000000,0,0.0,7339000000.0,5182000000.0,2157000000.0,24,3,3,,,2.99,118729097.0,658000000.0,-150000000,2016-03-30,Centene Corporation,Health Care,Managed Health Care,"St Louis, Missouri",2016-03-30
CNP,2012-12-31,7452000000.0,4747000000.0,2705000000.0,1038000000,417000000,0,646000000.0,1114000000,322000000,2874000000.0,22871000000.0,18570000000.0,4301000000.0,36,14,10,80.0,71.0,0.98,425510204.1,1860000000.0,-1212000000,2013-03-31,CenterPoint Energy,Utilities,MultiUtilities,"Houston, Texas",1985-07-31
CNP,2013-12-31,8106000000.0,5755000000.0,2351000000.0,1010000000,311000000,0,208000000.0,1249000000,285000000,2658000000.0,21870000000.0,17541000000.0,4329000000.0,29,12,10,88.0,79.0,0.73,426027397.3,1613000000.0,-1286000000,2014-03-31,CenterPoint Energy,Utilities,MultiUtilities,"Houston, Texas",1985-07-31
CNP,2014-12-31,9226000000.0,6890000000.0,2336000000.0,935000000,611000000,0,298000000.0,1384000000,379000000,3268000000.0,23200000000.0,18652000000.0,4548000000.0,25,10,10,117.0,103.0,1.42,430281690.1,1397000000.0,-1372000000,2015-03-31,CenterPoint Energy,Utilities,MultiUtilities,"Houston, Texas",1985-07-31
CNP,2015-12-31,7386000000.0,5109000000.0,2277000000.0,933000000,-692000000,0,264000000.0,1044000000,347000000,2689000000.0,21334000000.0,17873000000.0,3461000000.0,31,13,15,109.0,95.0,-1.61,429813664.6,1865000000.0,-1584000000,2016-03-30,CenterPoint Energy,Utilities,MultiUtilities,"Houston, Texas",1985-07-31
COF,2012-12-31,23771000000.0,1403000000.0,0.0,0,3492000000,0,75046000000.0,1694000000,0,0.0,313000000000.0,272000000000.0,40499000000.0,0,0,22,,,6.21,562318840.6,9524000000.0,-560000000,2013-03-31,Capital One Financial,Financials,Consumer Finance,"Tysons Corner, Virginia",
COF,2013-12-31,24176000000.0,1241000000.0,0.0,0,4121000000,0,67223000000.0,1418000000,0,0.0,297000000000.0,255000000000.0,41632000000.0,0,0,27,,,7.05,584539007.1,9984000000.0,-818000000,2014-03-31,Capital One Financial,Financials,Consumer Finance,"Tysons Corner, Virginia",
COF,2014-12-31,23869000000.0,1088000000.0,0.0,0,4428000000,0,69250000000.0,1079000000,0,0.0,308000000000.0,263000000000.0,45053000000.0,0,0,28,,,7.71,574319066.1,9304000000.0,-502000000,2015-03-31,Capital One Financial,Financials,Consumer Finance,"Tysons Corner, Virginia",
COF,2015-12-31,25038000000.0,1091000000.0,0.0,0,4050000000,0,71703000000.0,1189000000,0,0.0,334000000000.0,287000000000.0,47284000000.0,0,0,23,,,7.15,566433566.4,10127000000.0,-532000000,2016-03-30,Capital One Financial,Financials,Consumer Finance,"Tysons Corner, Virginia",
COG,2012-12-31,1204546000.0,290054000.0,914492000.0,306186000,131730000,0,30736000.0,172419000,14173000,270310000.0,4616313000.0,2484866000.0,2131447000.0,76,25,20,61.0,58.0,0.63,209095238.1,652093000.0,-927977000,2013-03-31,Cabot Oil & Gas,Energy,Oil & Gas Exploration & Production,"Houston, Texas",2008-06-23
COG,2013-12-31,1746278000.0,400281000.0,1345997000.0,551582000,279773000,0,51494000.0,304331000,17468000,378899000.0,4981080000.0,2776478000.0,2204602000.0,77,32,28,93.0,89.0,0.67,417571641.8,1024526000.0,-1194739000,2014-03-31,Cabot Oil & Gas,Energy,Oil & Gas Exploration & Production,"Houston, Texas",2008-06-23
COG,2014-12-31,2173011000.0,524880000.0,1648131000.0,106186000,104468000,0,20954000.0,239009000,14026000,413447000.0,5437716000.0,3294983000.0,2142733000.0,76,5,1,83.0,80.0,0.25,417872000.0,1236435000.0,-1479632000,2015-03-31,Cabot Oil & Gas,Energy,Oil & Gas Exploration & Production,"Houston, Texas",2008-06-23
COG,2015-12-31,1357150000.0,580994000.0,776156000.0,-90362000,-113891000,0,514000.0,124552000,17049000,144786000.0,5261899000.0,3252711000.0,2009188000.0,57,7,14,61.0,54.0,-0.28,406753571.4,740737000.0,-955602000,2016-03-30,Cabot Oil & Gas,Energy,Oil & Gas Exploration & Production,"Houston, Texas",2008-06-23
COL,2013-09-30,4474000000.0,3103000000.0,1371000000.0,876000000,632000000,0,391000000.0,1077000000,1518000000,3094000000.0,5400000000.0,3782000000.0,1618000000.0,31,20,19,156.0,80.0,4.63,136501079.9,593000000.0,-120000000,2013-12-29,Rockwell Collins,Industrials,Industrial Conglomerates,"Cedar Rapids, Iowa",
COL,2014-09-30,4979000000.0,3469000000.0,1510000000.0,916000000,604000000,0,323000000.0,1042000000,1709000000,3204000000.0,7063000000.0,5179000000.0,1884000000.0,30,18,18,146.0,68.0,4.47,135123042.5,660000000.0,-163000000,2014-12-29,Rockwell Collins,Industrials,Industrial Conglomerates,"Cedar Rapids, Iowa",
COL,2015-09-30,5244000000.0,3630000000.0,1614000000.0,1008000000,686000000,0,252000000.0,1038000000,1824000000,3224000000.0,7304000000.0,5429000000.0,1875000000.0,31,19,18,157.0,68.0,5.19,132177264.0,749000000.0,-210000000,2015-12-29,Rockwell Collins,Industrials,Industrial Conglomerates,"Cedar Rapids, Iowa",
COL,2016-09-30,5259000000.0,3642000000.0,1617000000.0,979000000,728000000,0,340000000.0,1094000000,1939000000,3490000000.0,7707000000.0,5629000000.0,2078000000.0,31,19,18,149.0,66.0,5.58,130465949.8,723000000.0,-193000000,2016-12-29,Rockwell Collins,Industrials,Industrial Conglomerates,"Cedar Rapids, Iowa",
COO,2013-10-31,1587725000.0,560917000.0,1026808000.0,305945000,296151000,58827000,77393000.0,270716000,338917000,747241000.0,3137261000.0,732726000.0,2404535000.0,65,19,20,233.0,127.0,6.09,48629064.04,415925000.0,-178127000,2014-01-29,The Cooper Companies,Health Care,Health Care Supplies,"Pleasanton, California",2016-09-23
COO,2014-10-31,1717776000.0,626206000.0,1091570000.0,306486000,269856000,66259000,25222000.0,316504000,381474000,791617000.0,4458340000.0,1888462000.0,2569878000.0,64,18,17,179.0,93.0,5.61,48102673.8,454823000.0,-238065000,2015-01-29,The Cooper Companies,Health Care,Health Care Supplies,"Pleasanton, California",2016-09-23
COO,2015-10-31,1797060000.0,726798000.0,1070262000.0,236671000,203523000,69589000,16426000.0,324649000,419692000,841428000.0,4459864000.0,1792355000.0,2667509000.0,60,13,12,148.0,74.0,,,390970000.0,-243023000,2016-01-29,The Cooper Companies,Health Care,Health Care Supplies,"Pleasanton, California",2016-09-23
COO,2016-10-31,1966814000.0,793735000.0,1173079000.0,324080000,273917000,65411000,100817000.0,338473000,417696000,934458000.0,4475918000.0,1776051000.0,2699867000.0,60,16,15,174.0,96.0,5.65,48480884.96,509637000.0,-152640000,2017-01-29,The Cooper Companies,Health Care,Health Care Supplies,"Pleasanton, California",2016-09-23
COST,2013-09-01,105000000000.0,91948000000.0,13208000000.0,3053000000,2039000000,0,4644000000.0,1822000000,7894000000,15840000000.0,30283000000.0,19450000000.0,10833000000.0,13,3,3,119.0,60.0,4.68,435683760.7,3437000000.0,-2083000000,2013-11-30,Costco Co.,Consumer Staples,Hypermarkets & Super Centers,"Issaquah, Washington",1993-10-01
COST,2014-08-31,113000000000.0,98458000000.0,14182000000.0,3220000000,2058000000,0,5738000000.0,1817000000,8456000000,17588000000.0,33024000000.0,20721000000.0,12303000000.0,13,3,3,122.0,63.0,4.69,438805970.1,3984000000.0,-1993000000,2014-11-29,Costco Co.,Consumer Staples,Hypermarkets & Super Centers,"Issaquah, Washington",1993-10-01
COST,2015-08-30,116000000000.0,101000000000.0,15134000000.0,3624000000,2377000000,0,4801000000.0,1224000000,8908000000,16779000000.0,33017000000.0,22400000000.0,10617000000.0,13,3,3,101.0,48.0,5.41,439371534.2,4285000000.0,-2393000000,2015-11-28,Costco Co.,Consumer Staples,Hypermarkets & Super Centers,"Issaquah, Washington",1993-10-01
COST,2016-08-28,119000000000.0,103000000000.0,15818000000.0,3672000000,2350000000,0,3379000000.0,1252000000,8969000000,15218000000.0,33163000000.0,21084000000.0,12079000000.0,13,3,3,98.0,40.0,5.36,438432835.8,3292000000.0,-2649000000,2016-11-26,Costco Co.,Consumer Staples,Hypermarkets & Super Centers,"Issaquah, Washington",1993-10-01
COTY,2003-06-30,1577000.0,258000.0,1320000.0,-1155000,-1289000,65000,295000.0,890000,33000,1993000.0,2705000.0,2662000.0,43000.0,84,73,72,178.0,175.0,,,-460000.0,-74000,2003-09-28,"Coty, Inc",Consumer Staples,Personal Products,"New York, NY",2016-10-03
COTY,2004-06-30,1514000.0,142000.0,1373000.0,-3644000,-3622000,30000,306000.0,852000,18000,6639000.0,7188000.0,2577000.0,4611000.0,91,241,239,592.0,590.0,,,-800000.0,-50000,2004-09-28,"Coty, Inc",Consumer Staples,Personal Products,"New York, NY",2016-10-03
COTY,2006-02-28,79562000.0,75508000.0,4054000.0,-46426000,-48913000,0,1876000.0,8259000,16269000,27083000.0,102946000.0,94077000.0,8869000.0,5,58,61,207.0,82.0,,,-19390000.0,-1361000,2006-05-29,"Coty, Inc",Consumer Staples,Personal Products,"New York, NY",2016-10-03
COTY,2007-02-28,99642000.0,84477000.0,15165000.0,-10688000,-103603000,0,3303000.0,10961000,28633000,48658000.0,216895000.0,294033000.0,-77138000.0,15,11,81,221.0,91.0,,,-25393000.0,-896000,2007-05-29,"Coty, Inc",Consumer Staples,Personal Products,"New York, NY",2016-10-03
CPB,2013-07-28,8052000000.0,5140000000.0,2912000000.0,1080000000,458000000,128000000,333000000.0,635000000,925000000,2221000000.0,8323000000.0,7106000000.0,1217000000.0,36,13,12,68.0,39.0,1.46,313698630.1,1019000000.0,-336000000,2013-10-26,Campbell Soup,Consumer Staples,Packaged Foods & Meats,"Camden, New Jersey",
CPB,2014-08-03,8268000000.0,5297000000.0,2971000000.0,1267000000,866000000,122000000,232000000.0,670000000,1016000000,2100000000.0,8113000000.0,6498000000.0,1615000000.0,36,15,14,70.0,36.0,2.61,331800766.3,899000000.0,-347000000,2014-11-01,Campbell Soup,Consumer Staples,Packaged Foods & Meats,"Camden, New Jersey",
CPB,2015-08-02,8082000000.0,5300000000.0,2782000000.0,1054000000,666000000,117000000,253000000.0,647000000,995000000,2093000000.0,8077000000.0,6696000000.0,1381000000.0,34,13,12,75.0,39.0,2.21,301357466.1,1182000000.0,-380000000,2015-10-31,Campbell Soup,Consumer Staples,Packaged Foods & Meats,"Camden, New Jersey",
CPB,2016-07-31,7961000000.0,5181000000.0,2780000000.0,960000000,563000000,124000000,296000000.0,626000000,940000000,1908000000.0,7837000000.0,6312000000.0,1525000000.0,35,12,11,75.0,38.0,1.82,309340659.3,1463000000.0,-341000000,2016-10-29,Campbell Soup,Consumer Staples,Packaged Foods & Meats,"Camden, New Jersey",
CRM,2013-01-31,3050195000.0,683579000.0,2366616000.0,-110710000,-270445000,429479000,747245000.0,872634000,0,2015880000.0,5528956000.0,3211323000.0,2317633000.0,78,4,4,69.0,69.0,-1.92,140856770.8,736897000.0,-179707000,2013-05-01,Salesforce.com,Information Technology,Internet Software & Services,"San Francisco, California",2008-09-15
CRM,2014-01-31,4071003000.0,968428000.0,3102575000.0,-286074000,-232175000,623798000,781635000.0,1360837000,0,2680252000.0,9152930000.0,6114420000.0,3038510000.0,76,7,9,67.0,67.0,-0.39,595320512.8,875469000.0,-299110000,2014-05-01,Salesforce.com,Information Technology,Internet Software & Services,"San Francisco, California",2008-09-15
CRM,2015-01-31,5373586000.0,1289270000.0,4084316000.0,-145633000,-262688000,792917000,908117000.0,1905506000,0,3514544000.0,10665127000.0,6689944000.0,3975183000.0,76,3,4,80.0,80.0,-0.42,625447619.0,1173714000.0,-290454000,2015-05-01,Salesforce.com,Information Technology,Internet Software & Services,"San Francisco, California",2008-09-15
CRM,2016-01-31,6667216000.0,1654548000.0,5012668000.0,114923000,-47426000,946300000,1158363000.0,2496165000,0,4347327000.0,12770772000.0,7767903000.0,5002869000.0,75,2,1,77.0,77.0,-0.07,677514285.7,1612585000.0,-709852000,2016-04-30,Salesforce.com,Information Technology,Internet Software & Services,"San Francisco, California",2008-09-15
CSCO,2013-07-27,48607000000.0,19167000000.0,29440000000.0,11196000000,9983000000,5942000000,7925000000.0,12123000000,1476000000,65521000000.0,101000000000.0,42071000000.0,59120000000.0,61,23,23,298.0,291.0,1.87,5338502674.0,12894000000.0,-1160000000,2013-10-25,Cisco Systems,Information Technology,Networking Equipment,"San Jose, California",1993-12-01
CSCO,2014-07-26,47142000000.0,19373000000.0,27769000000.0,9345000000,7853000000,6294000000,6726000000.0,12118000000,1591000000,67114000000.0,105000000000.0,48416000000.0,56654000000.0,59,20,21,339.0,331.0,1.5,5235333333.0,12332000000.0,-1275000000,2014-10-24,Cisco Systems,Information Technology,Networking Equipment,"San Jose, California",1993-12-01
CSCO,2015-07-25,49161000000.0,19480000000.0,29681000000.0,10770000000,8981000000,6207000000,6877000000.0,9835000000,1627000000,73368000000.0,113000000000.0,53675000000.0,59698000000.0,60,22,23,313.0,306.0,1.76,5102840909.0,12552000000.0,-1227000000,2015-10-23,Cisco Systems,Information Technology,Networking Equipment,"San Jose, California",1993-12-01
CSCO,2016-07-30,49247000000.0,18287000000.0,30960000000.0,12660000000,10739000000,6296000000,7631000000.0,10119000000,1217000000,78719000000.0,122000000000.0,58066000000.0,63586000000.0,63,26,26,316.0,311.0,2.13,5041784038.0,13570000000.0,-1146000000,2016-10-28,Cisco Systems,Information Technology,Networking Equipment,"San Jose, California",1993-12-01
CSRA,2015-04-03,4069746000.0,3282301000.0,787445000.0,456180000,265835000,0,4979000.0,696727000,0,794371000.0,2161282000.0,1094195000.0,1067087000.0,19,11,11,113.0,113.0,,,486938000.0,-70183000,2015-07-02,CSRA Inc.,Information Technology,IT Consulting & Other Services,"Falls Church, Virginia",2015-12-01
CSRA,2016-04-01,4250447000.0,3575631000.0,674816000.0,187343000,102922000,0,130016000.0,751228000,0,1004522000.0,4846300000.0,4781754000.0,64546000.0,16,4,4,93.0,93.0,0.54,190596296.3,553516000.0,-139420000,2016-06-30,CSRA Inc.,Information Technology,IT Consulting & Other Services,"Falls Church, Virginia",2015-12-01
CSX,2013-12-31,12026000000.0,3931000000.0,8095000000.0,3473000000,1864000000,0,592000000.0,1207000000,252000000,2602000000.0,31782000000.0,21299000000.0,10483000000.0,67,29,24,107.0,97.0,,,3267000000.0,-2313000000,2014-03-31,CSX Corp.,Industrials,Railroads,"Jacksonville, Florida",1967-09-30
CSX,2014-12-26,12669000000.0,4100000000.0,8569000000.0,3613000000,1927000000,0,669000000.0,1270000000,273000000,2572000000.0,33053000000.0,21901000000.0,11152000000.0,68,29,24,122.0,109.0,1.93,998445595.9,3343000000.0,-2449000000,2015-03-26,CSX Corp.,Industrials,Railroads,"Jacksonville, Florida",1967-09-30
CSX,2015-12-25,11811000000.0,3293000000.0,8518000000.0,3584000000,1968000000,0,628000000.0,982000000,350000000,2840000000.0,34745000000.0,23093000000.0,11652000000.0,72,30,27,145.0,128.0,2.0,984000000.0,3370000000.0,-2562000000,2016-03-24,CSX Corp.,Industrials,Railroads,"Jacksonville, Florida",1967-09-30
CSX,2016-12-30,11069000000.0,2782000000.0,8287000000.0,3389000000,1714000000,0,603000000.0,938000000,407000000,2487000000.0,35414000000.0,23735000000.0,11679000000.0,75,31,25,122.0,102.0,,,3041000000.0,-2398000000,2017-03-30,CSX Corp.,Industrials,Railroads,"Jacksonville, Florida",1967-09-30
CTAS,2013-05-31,4245964000.0,2492655000.0,1753309000.0,565978000,315442000,0,352273000.0,505151000,240440000,1624826000.0,4345632000.0,2144140000.0,2201492000.0,41,13,12,292.0,249.0,2.53,124680632.4,552748000.0,-196486000,2013-08-29,Cintas Corporation,Industrials,Diversified Support Services,"Mason, Ohio",
CTAS,2014-05-31,4193844000.0,2444085000.0,1749759000.0,602720000,374442000,0,513288000.0,508427000,251239000,1805681000.0,4462452000.0,2269594000.0,2192858000.0,42,14,13,287.0,247.0,3.08,121572077.9,605969000.0,-145580000,2014-08-29,Cintas Corporation,Industrials,Diversified Support Services,"Mason, Ohio",
CTAS,2015-05-31,4476886000.0,2555549000.0,1921337000.0,696407000,430618000,0,417073000.0,497066000,226211000,1735807000.0,4192460000.0,2260005000.0,1932455000.0,43,16,15,341.0,297.0,3.68,117015760.9,580276000.0,-217720000,2015-08-29,Cintas Corporation,Industrials,Diversified Support Services,"Mason, Ohio",
CTAS,2016-05-31,4905458000.0,2775588000.0,2129870000.0,781748000,693520000,0,139357000.0,564890000,249362000,1590035000.0,4104393000.0,2261734000.0,1842659000.0,43,16,15,195.0,164.0,6.3,110082539.7,465845000.0,-275385000,2016-08-29,Cintas Corporation,Industrials,Diversified Support Services,"Mason, Ohio",
CTL,2012-12-31,18376000000.0,7639000000.0,10737000000.0,2713000000,777000000,0,211000000.0,2875000000,0,3638000000.0,53940000000.0,34651000000.0,19289000000.0,58,15,7,79.0,79.0,1.25,621600000.0,6065000000.0,-2919000000,2013-03-31,CenturyLink Inc,Telecommunications Services,Integrated Telecommunications Services,"Monroe, Louisiana",
CTL,2013-12-31,18095000000.0,7507000000.0,10588000000.0,1453000000,-239000000,0,168000000.0,3142000000,0,3907000000.0,51787000000.0,34596000000.0,17191000000.0,59,8,1,89.0,89.0,-0.4,597500000.0,5559000000.0,-3048000000,2014-03-31,CenturyLink Inc,Telecommunications Services,Integrated Telecommunications Services,"Monroe, Louisiana",
CTL,2014-12-31,18031000000.0,7846000000.0,10185000000.0,2410000000,772000000,0,128000000.0,1988000000,0,2696000000.0,49103000000.0,34080000000.0,15023000000.0,56,13,6,69.0,69.0,1.36,567647058.8,5188000000.0,-3047000000,2015-03-31,CenturyLink Inc,Telecommunications Services,Integrated Telecommunications Services,"Monroe, Louisiana",
CTL,2015-12-31,17900000000.0,7778000000.0,10122000000.0,2605000000,878000000,0,126000000.0,1943000000,0,2650000000.0,47604000000.0,33544000000.0,14060000000.0,57,15,7,58.0,58.0,1.58,555696202.5,5152000000.0,-2872000000,2016-03-30,CenturyLink Inc,Telecommunications Services,Integrated Telecommunications Services,"Monroe, Louisiana",
CTSH,2012-12-31,7346472000.0,4278241000.0,3068231000.0,1361496000,1051263000,0,1570077000.0,1730640000,0,4814294000.0,6521571000.0,1667188000.0,4854383000.0,42,19,19,350.0,350.0,3.49,301221490.0,1172583000.0,-334465000,2013-03-31,Cognizant Technology Solutions,Information Technology,IT Consulting & Other Services,"Teaneck, New Jersey",
CTSH,2013-12-31,8843200000.0,5265500000.0,3577700000.0,1677900000,1228600000,0,2213006000.0,2131502000,0,6147882000.0,8134718000.0,1998927000.0,6135791000.0,40,19,19,346.0,346.0,4.07,301867321.9,1423800000.0,-261600000,2014-03-31,Cognizant Technology Solutions,Information Technology,IT Consulting & Other Services,"Teaneck, New Jersey",
CTSH,2014-12-31,10262700000.0,6141100000.0,4121600000.0,1884900000,1439300000,0,2010100000.0,2293300000,0,6420600000.0,11479000000.0,3738800000.0,7740200000.0,40,18,19,248.0,248.0,2.37,607299578.1,1473000000.0,-212200000,2015-03-31,Cognizant Technology Solutions,Information Technology,IT Consulting & Other Services,"Teaneck, New Jersey",
CTSH,2015-12-31,12416000000.0,7440200000.0,4975800000.0,2142000000,1623600000,0,2125200000.0,2621600000,0,7908600000.0,13065400000.0,3787300000.0,9278100000.0,40,17,17,291.0,291.0,2.67,608089887.6,2153300000.0,-272800000,2016-03-30,Cognizant Technology Solutions,Information Technology,IT Consulting & Other Services,"Teaneck, New Jersey",
CTXS,2013-12-31,2918434000.0,502795000.0,2415639000.0,380717000,339523000,516338000,280740000.0,703291000,14107000,1563095000.0,5212249000.0,1892442000.0,3319807000.0,83,13,13,107.0,106.0,1.82,186551098.9,928343000.0,-162889000,2014-03-31,Citrix Systems,Information Technology,Internet Software & Services,"Fort Lauderdale, Florida",
CTXS,2014-12-31,3142856000.0,620219000.0,2522637000.0,302311000,251723000,553817000,260149000.0,720293000,12617000,1688324000.0,5512007000.0,3338362000.0,2173645000.0,80,10,9,106.0,105.0,1.48,170083108.1,845981000.0,-165417000,2015-03-31,Citrix Systems,Information Technology,Internet Software & Services,"Fort Lauderdale, Florida",
CTXS,2015-12-31,3275594000.0,614364000.0,2661230000.0,350085000,319361000,563975000,368518000.0,669276000,10521000,1683951000.0,5467517000.0,3494071000.0,1973446000.0,81,11,10,100.0,100.0,2.01,158886069.7,1034548000.0,-160825000,2016-03-30,Citrix Systems,Information Technology,Internet Software & Services,"Fort Lauderdale, Florida",
CTXS,2016-12-31,3418265000.0,559541000.0,2858724000.0,649158000,536112000,489265000,956956000.0,725940000,12522000,2561277000.0,6390227000.0,3781500000.0,2608727000.0,84,19,18,83.0,82.0,,,1115830000.0,-134170000,2017-03-31,Citrix Systems,Information Technology,Internet Software & Services,"Fort Lauderdale, Florida",
CVS,2013-12-31,127000000000.0,103000000000.0,23783000000.0,8037000000,4592000000,0,4089000000.0,9631000000,11045000000,25325000000.0,71526000000.0,33588000000.0,37938000000.0,19,6,6,164.0,93.0,3.77,1218037135.0,5783000000.0,-1984000000,2014-03-31,CVS Health,Consumer Staples,Drug Retail,"Woonsocket, Rhode Island",
CVS,2014-12-31,139000000000.0,114000000000.0,25367000000.0,8799000000,4644000000,0,2481000000.0,10672000000,11930000000,25983000000.0,74187000000.0,36229000000.0,37958000000.0,18,6,6,137.0,74.0,3.98,1166834171.0,8137000000.0,-2136000000,2015-03-31,CVS Health,Consumer Staples,Drug Retail,"Woonsocket, Rhode Island",
CVS,2015-12-31,153000000000.0,127000000000.0,26528000000.0,9454000000,5237000000,0,2459000000.0,11888000000,14001000000,29158000000.0,92437000000.0,55241000000.0,37196000000.0,17,6,6,126.0,65.0,4.66,1123819742.0,8412000000.0,-2367000000,2016-03-30,CVS Health,Consumer Staples,Drug Retail,"Woonsocket, Rhode Island",
CVS,2016-12-31,178000000000.0,149000000000.0,28857000000.0,10338000000,5317000000,0,3371000000.0,12164000000,14760000000,31042000000.0,94462000000.0,57632000000.0,36830000000.0,16,6,5,118.0,62.0,,,10069000000.0,-2224000000,2017-03-31,CVS Health,Consumer Staples,Drug Retail,"Woonsocket, Rhode Island",
CVX,2012-12-31,231000000000.0,163000000000.0,67254000000.0,35013000000,26179000000,0,20939000000.0,20997000000,6144000000,55720000000.0,233000000000.0,96458000000.0,137000000000.0,29,15,20,163.0,145.0,13.42,1950745156.0,38812000000.0,-30938000000,2013-03-31,Chevron Corp.,Energy,Integrated Oil & Gas,"San Ramon, California",
CVX,2013-12-31,220000000000.0,159000000000.0,60833000000.0,27213000000,21423000000,0,16245000000.0,21622000000,6380000000,50250000000.0,254000000000.0,105000000000.0,149000000000.0,28,12,16,152.0,133.0,11.18,1916189624.0,35002000000.0,-37985000000,2014-03-31,Chevron Corp.,Energy,Integrated Oil & Gas,"San Ramon, California",
CVX,2014-12-31,200000000000.0,145000000000.0,55538000000.0,19726000000,19241000000,0,12785000000.0,16736000000,6505000000,42232000000.0,266000000000.0,111000000000.0,155000000000.0,28,10,16,132.0,112.0,10.21,1884524976.0,31475000000.0,-35407000000,2015-03-31,Chevron Corp.,Energy,Integrated Oil & Gas,"San Ramon, California",
CVX,2015-12-31,130000000000.0,92785000000.0,37140000000.0,-3710000000,4587000000,0,11022000000.0,12860000000,6334000000,35347000000.0,266000000000.0,113000000000.0,153000000000.0,29,3,4,134.0,110.0,2.46,1864634146.0,19456000000.0,-29504000000,2016-03-30,Chevron Corp.,Energy,Integrated Oil & Gas,"San Ramon, California",
CXO,2012-12-31,1819814000.0,343743000.0,1476071000.0,850563000,431689000,0,2880000.0,400791000,0,458882000.0,8589437000.0,5123241000.0,3466196000.0,81,47,36,62.0,62.0,4.18,103274880.4,1237478000.0,-2773871000,2013-03-31,Concho Resources,Energy,Oil & Gas Exploration & Production,"Midland, Texas",2016-02-22
CXO,2013-12-31,2319919000.0,455436000.0,1864483000.0,617437000,251003000,0,21000.0,501804000,0,520875000.0,9591164000.0,5833215000.0,3757949000.0,80,27,15,69.0,69.0,2.39,105022175.7,1362020000.0,-1879670000,2014-03-31,Concho Resources,Energy,Oil & Gas Exploration & Production,"Midland, Texas",2016-02-22
CXO,2014-12-31,2660147000.0,538374000.0,2121773000.0,1089745000,538175000,0,21000.0,660265000,0,1188396000.0,11751780000.0,6470992000.0,5280788000.0,80,41,32,94.0,94.0,4.89,110056237.2,1673787000.0,-2589234000,2015-03-31,Concho Resources,Energy,Oil & Gas Exploration & Production,"Midland, Texas",2016-02-22
CXO,2015-12-31,1803573000.0,541359000.0,1262214000.0,381003000,65900000,0,228550000.0,394580000,0,1314550000.0,12641876000.0,5699325000.0,6942551000.0,70,21,5,220.0,220.0,0.54,122037037.0,897505000.0,-2511403000,2016-03-30,Concho Resources,Energy,Oil & Gas Exploration & Production,"Midland, Texas",2016-02-22
D,2012-12-31,12835000000.0,8300000000.0,4535000000.0,2858000000,302000000,0,460000000.0,2290000000,1259000000,5140000000.0,46838000000.0,36270000000.0,10568000000.0,35,22,18,66.0,50.0,0.53,569811320.8,4137000000.0,-4145000000,2013-03-31,Dominion Resources,Utilities,Electric Utilities,"Richmond, Virginia",
D,2013-12-31,13120000000.0,8033000000.0,5087000000.0,3316000000,1697000000,0,936000000.0,2614000000,1176000000,5940000000.0,50096000000.0,38454000000.0,11642000000.0,39,25,21,85.0,68.0,2.93,579180887.4,3433000000.0,-4065000000,2014-03-31,Dominion Resources,Utilities,Electric Utilities,"Richmond, Virginia",
D,2014-12-31,12436000000.0,7881000000.0,4555000000.0,2721000000,1310000000,0,605000000.0,2433000000,1410000000,5615000000.0,54327000000.0,42772000000.0,11555000000.0,37,22,14,78.0,58.0,2.25,582222222.2,3439000000.0,-5345000000,2015-03-31,Dominion Resources,Utilities,Electric Utilities,"Richmond, Virginia",
D,2015-12-31,11683000000.0,6201000000.0,5482000000.0,3536000000,1899000000,0,623000000.0,1369000000,1348000000,4191000000.0,58797000000.0,46133000000.0,12664000000.0,47,30,24,52.0,35.0,3.21,591588785.0,4475000000.0,-5575000000,2016-03-30,Dominion Resources,Utilities,Electric Utilities,"Richmond, Virginia",
DAL,2013-12-31,37773000000.0,20964000000.0,16809000000.0,3400000000,10540000000,0,3429000000.0,3348000000,1063000000,9651000000.0,52252000000.0,40609000000.0,11643000000.0,45,9,7,68.0,61.0,12.41,849315068.5,4504000000.0,-2521000000,2014-03-31,Delta Air Lines,Industrials,Airlines,"Atlanta, Georgia",2013-09-11
DAL,2014-12-31,40362000000.0,22967000000.0,17395000000.0,2206000000,659000000,0,3166000000.0,3222000000,852000000,9158000000.0,54005000000.0,45192000000.0,8813000000.0,43,5,3,54.0,49.0,0.79,834177215.2,4947000000.0,-2249000000,2015-03-31,Delta Air Lines,Industrials,Airlines,"Atlanta, Georgia",2013-09-11
DAL,2015-12-31,40704000000.0,17096000000.0,23608000000.0,7802000000,4526000000,0,3959000000.0,2020000000,697000000,9056000000.0,53134000000.0,42284000000.0,10850000000.0,58,19,18,52.0,48.0,5.68,796830985.9,7927000000.0,-2945000000,2016-03-30,Delta Air Lines,Industrials,Airlines,"Atlanta, Georgia",2013-09-11
DAL,2016-12-31,39639000000.0,15940000000.0,23699000000.0,6952000000,4373000000,0,3155000000.0,2064000000,891000000,7451000000.0,51261000000.0,38974000000.0,12287000000.0,60,18,17,49.0,43.0,,,7205000000.0,-3391000000,2017-03-31,Delta Air Lines,Industrials,Airlines,"Atlanta, Georgia",2013-09-11
DD,2013-12-31,28998000000.0,17642000000.0,11356000000.0,2755000000,4848000000,2037000000,8941000000.0,6822000000,8042000000,24384000000.0,51499000000.0,35270000000.0,16229000000.0,39,10,9,182.0,122.0,5.22,928735632.2,3179000000.0,-1882000000,2014-03-31,Du Pont (E.I.),Materials,Diversified Chemicals,"Wilmington, Delaware",
DD,2014-12-31,28406000000.0,17023000000.0,11383000000.0,3889000000,3625000000,1958000000,6910000000.0,5770000000,6787000000,26082000000.0,50490000000.0,37170000000.0,13320000000.0,40,14,15,189.0,140.0,3.95,917721519.0,3712000000.0,-2020000000,2015-03-31,Du Pont (E.I.),Materials,Diversified Chemicals,"Wilmington, Delaware",
DD,2015-12-31,25130000000.0,15112000000.0,10018000000.0,3046000000,1953000000,1898000000,5300000000.0,4643000000,6140000000,17387000000.0,41166000000.0,31173000000.0,9993000000.0,40,12,10,169.0,109.0,2.17,900000000.0,2316000000.0,-1629000000,2016-03-30,Du Pont (E.I.),Materials,Diversified Chemicals,"Wilmington, Delaware",
DD,2016-12-31,24594000000.0,14469000000.0,10125000000.0,3479000000,2513000000,1641000000,4605000000.0,4971000000,5673000000,17117000000.0,39964000000.0,29966000000.0,9998000000.0,41,14,13,192.0,129.0,,,3300000000.0,-1019000000,2017-03-31,Du Pont (E.I.),Materials,Diversified Chemicals,"Wilmington, Delaware",
DE,2013-10-31,37795400000.0,25667300000.0,12128100000.0,6224700000,3537300000,1477300000,3504000000.0,35039200000,4934700000,45102700000.0,59521300000.0,49255500000.0,10265800000.0,32,16,15,204.0,181.0,9.18,385326797.4,3254300000.0,-2375300000,2014-01-29,Deere & Co.,Industrials,Construction & Farm Machinery & Heavy Trucks,"Moline, Illinois",
DE,2014-10-31,36066900000.0,24775800000.0,11291100000.0,5461400000,3161700000,1452000000,3787000000.0,36832600000,4209700000,46044400000.0,61336400000.0,52273800000.0,9062600000.0,31,15,13,215.0,196.0,8.71,362996555.7,3525900000.0,-2659300000,2015-01-29,Deere & Co.,Industrials,Construction & Farm Machinery & Heavy Trucks,"Moline, Illinois",
DE,2015-10-31,28862800000.0,20143200000.0,8719600000.0,3460100000,1940000000,1425100000,4162200000.0,33719200000,3817000000,42135800000.0,57947600000.0,51204200000.0,6743400000.0,30,12,10,205.0,186.0,,,3740300000.0,-2826100000,2016-01-29,Deere & Co.,Industrials,Construction & Farm Machinery & Heavy Trucks,"Moline, Illinois",
DE,2016-10-31,26644000000.0,18248900000.0,8395100000.0,2987700000,1523900000,1389100000,4335800000.0,32875100000,3340500000,41004900000.0,57981400000.0,51461400000.0,6520000000.0,32,11,8,211.0,194.0,0.91,1674615385.0,3764300000.0,-2955100000,2017-01-29,Deere & Co.,Industrials,Construction & Farm Machinery & Heavy Trucks,"Moline, Illinois",
DFS,2012-11-30,8984000000.0,845000000.0,0.0,0,2345000000,0,10147000000.0,0,0,0.0,75283000000.0,65505000000.0,9778000000.0,0,0,42,,,4.47,524608501.1,3041000000.0,-144000000,2013-02-28,Discover Financial Services,Financials,Consumer Finance,"Riverwoods, Illinois",2007-07-02
DFS,2013-12-31,9370000000.0,698000000.0,0.0,0,2470000000,0,11545000000.0,0,0,0.0,79340000000.0,68531000000.0,10809000000.0,0,0,42,,,4.97,496981891.3,3517000000.0,-231000000,2014-03-31,Discover Financial Services,Financials,Consumer Finance,"Riverwoods, Illinois",2007-07-02
DFS,2014-12-31,9611000000.0,614000000.0,0.0,0,2323000000,0,11233000000.0,0,0,0.0,83126000000.0,71992000000.0,11134000000.0,0,0,38,,,4.91,473116089.6,3826000000.0,-145000000,2015-03-31,Discover Financial Services,Financials,Consumer Finance,"Riverwoods, Illinois",2007-07-02
DFS,2015-12-31,10002000000.0,623000000.0,0.0,0,2297000000,0,12656000000.0,0,0,0.0,86936000000.0,75661000000.0,11275000000.0,0,0,36,,,5.14,446887159.5,3854000000.0,-168000000,2016-03-30,Discover Financial Services,Financials,Consumer Finance,"Riverwoods, Illinois",2007-07-02
DG,2013-02-01,16022128000.0,10936727000.0,5085401000.0,1655276000,952662000,0,140809000.0,0,2397175000,2677113000.0,10367682000.0,5382352000.0,4985330000.0,32,10,9,154.0,16.0,2.87,331937979.1,1131352000.0,-571596000,2013-05-02,Dollar General,Consumer Discretionary,General Merchandise Stores,"Goodlettsville, Tennessee",2012-12-03
DG,2014-01-31,17504167000.0,12068425000.0,5435742000.0,1736185000,1025116000,0,505566000.0,0,2552993000,3205607000.0,10867524000.0,5465331000.0,5402193000.0,31,10,9,177.0,36.0,3.17,323380441.6,1213065000.0,-538444000,2014-05-01,Dollar General,Consumer Discretionary,General Merchandise Stores,"Goodlettsville, Tennessee",2012-12-03
DG,2015-01-30,18909588000.0,13107081000.0,5802507000.0,1769093000,1065345000,0,579823000.0,0,2782521000,3532609000.0,11208642000.0,5498604000.0,5710038000.0,31,9,9,180.0,38.0,3.5,304384285.7,1314744000.0,-373967000,2015-04-30,Dollar General,Consumer Discretionary,General Merchandise Stores,"Goodlettsville, Tennessee",2012-12-03
DG,2016-01-29,20368562000.0,14062471000.0,6306091000.0,1940294000,1165080000,0,157947000.0,6843000,3074153000,3432410000.0,11257885000.0,5880009000.0,5377876000.0,31,10,9,172.0,18.0,3.96,294212121.2,1377988000.0,-504806000,2016-04-28,Dollar General,Consumer Discretionary,General Merchandise Stores,"Goodlettsville, Tennessee",2012-12-03
DGX,2012-12-31,7383000000.0,4365000000.0,3018000000.0,1201000000,556000000,0,296000000.0,1041000000,93000000,1561000000.0,9284000000.0,5121000000.0,4163000000.0,41,16,14,149.0,140.0,3.49,159312320.9,1187000000.0,-182000000,2013-03-31,Quest Diagnostics,Health Care,Health Care Facilities,"Madison, New Jersey",
DGX,2013-12-31,7146000000.0,4326000000.0,2820000000.0,1475000000,849000000,0,187000000.0,1000000000,91000000,1383000000.0,8948000000.0,5000000000.0,3948000000.0,39,21,19,122.0,114.0,5.58,152150537.6,652000000.0,-231000000,2014-03-31,Quest Diagnostics,Health Care,Health Care Facilities,"Madison, New Jersey",
DGX,2014-12-31,7435000000.0,4637000000.0,2798000000.0,983000000,556000000,0,192000000.0,1101000000,110000000,1603000000.0,9857000000.0,5556000000.0,4301000000.0,38,13,11,94.0,87.0,3.83,145169712.8,938000000.0,-308000000,2015-03-31,Quest Diagnostics,Health Care,Health Care Facilities,"Madison, New Jersey",
DGX,2015-12-31,7493000000.0,4657000000.0,2836000000.0,1399000000,709000000,0,133000000.0,901000000,84000000,1501000000.0,9962000000.0,5278000000.0,4684000000.0,38,19,15,128.0,121.0,4.92,144105691.1,810000000.0,-263000000,2016-03-30,Quest Diagnostics,Health Care,Health Care Facilities,"Madison, New Jersey",
DHI,2013-09-30,6259300000.0,4853500000.0,1405800000.0,755900000,462700000,0,1055200000.0,586600000,6197400000,0.0,8856400000.0,4797900000.0,4058500000.0,22,12,11,,,1.44,321319444.4,-1229300000.0,-58000000,2013-12-29,D. R. Horton,Consumer Discretionary,Homebuilding,"Fort Worth, Texas",
DHI,2014-09-30,8024900000.0,6268600000.0,1756300000.0,929400000,533500000,0,671800000.0,565000000,7700500000,0.0,10185400000.0,5069600000.0,5115800000.0,22,12,10,,,1.57,339808917.2,-661400000.0,-100200000,2014-12-29,D. R. Horton,Consumer Discretionary,Homebuilding,"Fort Worth, Texas",
DHI,2015-09-30,10824000000.0,8535700000.0,2288300000.0,1275500000,750700000,0,1393500000.0,558100000,7807000000,0.0,11151000000.0,5256700000.0,5894300000.0,21,12,10,,,2.05,366195122.0,700400000.0,-56100000,2015-12-29,D. R. Horton,Consumer Discretionary,Homebuilding,"Fort Worth, Texas",
DHI,2016-09-30,12157400000.0,9502600000.0,2654800000.0,1547300000,886300000,0,1312700000.0,476300000,8340900000,0.0,11558900000.0,4766400000.0,6792500000.0,22,13,11,,,2.39,370836820.1,618000000.0,-86100000,2016-12-29,D. R. Horton,Consumer Discretionary,Homebuilding,"Fort Worth, Texas",
DHR,2012-12-31,18260400000.0,8846100000.0,9414300000.0,3165100000,2392200000,1137900000,1678700000.0,3267300000,1813400000,7587800000.0,32941000000.0,13924500000.0,19016500000.0,52,17,16,180.0,137.0,3.45,693391304.3,3415000000.0,-458300000,2013-03-31,Danaher Corp.,Industrials,Industrial Conglomerates,"Washington, D.C.",
DHR,2013-12-31,18283100000.0,8941100000.0,9342000000.0,3120500000,2695000000,1104400000,3115200000.0,3451600000,1783500000,9113700000.0,34672200000.0,12286900000.0,22385300000.0,51,17,19,201.0,162.0,3.87,696382428.9,3585300000.0,-538100000,2014-03-31,Danaher Corp.,Industrials,Industrial Conglomerates,"Washington, D.C.",
DHR,2014-12-31,19154000000.0,9261400000.0,9892600000.0,3346600000,2598400000,1157000000,3005600000.0,3445800000,1782800000,9431300000.0,36991700000.0,13613600000.0,23378100000.0,52,17,18,175.0,142.0,3.7,702270270.3,3758400000.0,-580600000,2015-03-31,Danaher Corp.,Industrials,Industrial Conglomerates,"Washington, D.C.",
DHR,2015-12-31,20563100000.0,9800600000.0,10762500000.0,3469100000,3357400000,1239100000,790800000.0,3964100000,2095400000,7836700000.0,48222200000.0,24531900000.0,23690300000.0,52,17,16,127.0,93.0,4.81,698004158.0,3801800000.0,-633000000,2016-03-30,Danaher Corp.,Industrials,Industrial Conglomerates,"Washington, D.C.",
DIS,2013-09-28,45041000000.0,25034000000.0,20007000000.0,9236000000,6136000000,0,3931000000.0,7452000000,1487000000,14109000000.0,81241000000.0,35812000000.0,45429000000.0,44,21,21,121.0,108.0,3.42,1794152047.0,9452000000.0,-2796000000,2013-12-27,The Walt Disney Company,Consumer Discretionary,Broadcasting & Cable TV,"Burbank, California",1976-06-30
DIS,2014-09-27,48813000000.0,26420000000.0,22393000000.0,11400000000,7501000000,0,3421000000.0,8319000000,1574000000,15169000000.0,84141000000.0,39183000000.0,44958000000.0,46,23,25,114.0,102.0,4.31,1740371230.0,9780000000.0,-3311000000,2014-12-26,The Walt Disney Company,Consumer Discretionary,Broadcasting & Cable TV,"Burbank, California",1976-06-30
DIS,2015-10-03,52465000000.0,28364000000.0,24101000000.0,13171000000,8382000000,0,4269000000.0,8786000000,1571000000,16758000000.0,88182000000.0,43657000000.0,44525000000.0,46,25,26,103.0,93.0,4.95,1693333333.0,10909000000.0,-4265000000,2016-01-01,The Walt Disney Company,Consumer Discretionary,Broadcasting & Cable TV,"Burbank, California",1976-06-30
DIS,2016-10-01,55632000000.0,29993000000.0,25639000000.0,14202000000,9391000000,0,4610000000.0,9065000000,1390000000,16966000000.0,92033000000.0,48768000000.0,43265000000.0,46,26,27,101.0,92.0,5.76,1630381944.0,13213000000.0,-4773000000,2016-12-30,The Walt Disney Company,Consumer Discretionary,Broadcasting & Cable TV,"Burbank, California",1976-06-30
DISCA,2013-12-31,5535000000.0,1689000000.0,3846000000.0,1975000000,1075000000,0,408000000.0,1444000000,0,2410000000.0,14979000000.0,8783000000.0,6196000000.0,69,36,31,186.0,186.0,3.01,357142857.1,1285000000.0,-115000000,2014-03-31,Discovery Communications-A,Consumer Discretionary,Cable & Satellite,"Silver Spring, Maryland",2010-03-01
DISCA,2014-12-31,6265000000.0,2124000000.0,4141000000.0,2061000000,1139000000,0,367000000.0,1520000000,0,2491000000.0,15970000000.0,10368000000.0,5602000000.0,66,33,28,96.0,96.0,0.38,2997368421.0,1318000000.0,-120000000,2015-03-31,Discovery Communications-A,Consumer Discretionary,Cable & Satellite,"Silver Spring, Maryland",2010-03-01
DISCA,2015-12-31,6394000000.0,2343000000.0,4051000000.0,1985000000,1034000000,0,390000000.0,1547000000,0,2596000000.0,15864000000.0,10413000000.0,5451000000.0,63,31,24,164.0,164.0,,,1277000000.0,-103000000,2016-03-30,Discovery Communications-A,Consumer Discretionary,Cable & Satellite,"Silver Spring, Maryland",2010-03-01
DISCA,2016-12-31,6497000000.0,2432000000.0,4065000000.0,2058000000,1194000000,0,300000000.0,1592000000,0,2599000000.0,15758000000.0,10591000000.0,5167000000.0,63,32,26,166.0,166.0,,,1373000000.0,-88000000,2017-03-31,Discovery Communications-A,Consumer Discretionary,Cable & Satellite,"Silver Spring, Maryland",2010-03-01
DISCK,2013-12-31,5535000000.0,1689000000.0,3846000000.0,1975000000,1075000000,0,408000000.0,1444000000,0,2410000000.0,14979000000.0,8783000000.0,6196000000.0,69,36,31,186.0,186.0,,,1285000000.0,-115000000,2014-03-31,Discovery Communications-C,Consumer Discretionary,Cable & Satellite,"Silver Spring, Maryland",2014-08-07
DISCK,2014-12-31,6265000000.0,2124000000.0,4141000000.0,2061000000,1139000000,0,367000000.0,1520000000,0,2491000000.0,15970000000.0,10368000000.0,5602000000.0,66,33,28,96.0,96.0,,,1318000000.0,-120000000,2015-03-31,Discovery Communications-C,Consumer Discretionary,Cable & Satellite,"Silver Spring, Maryland",2014-08-07
DISCK,2015-12-31,6394000000.0,2343000000.0,4051000000.0,1985000000,1034000000,0,390000000.0,1547000000,0,2596000000.0,15864000000.0,10413000000.0,5451000000.0,63,31,24,164.0,164.0,,,1277000000.0,-103000000,2016-03-30,Discovery Communications-C,Consumer Discretionary,Cable & Satellite,"Silver Spring, Maryland",2014-08-07
DISCK,2016-12-31,6497000000.0,2432000000.0,4065000000.0,2058000000,1194000000,0,300000000.0,1592000000,0,2599000000.0,15758000000.0,10591000000.0,5167000000.0,63,32,26,166.0,166.0,,,1373000000.0,-88000000,2017-03-31,Discovery Communications-C,Consumer Discretionary,Cable & Satellite,"Silver Spring, Maryland",2014-08-07
DLPH,2013-12-31,15051000000.0,12274000000.0,2777000000.0,1627000000,1212000000,0,1393000000.0,2662000000,1093000000,5752000000.0,11047000000.0,8136000000.0,2911000000.0,18,11,10,148.0,120.0,3.9,310769230.8,1750000000.0,-605000000,2014-03-31,Delphi Automotive,Consumer Discretionary,Auto Parts & Equipment,"Gillingham, Kent, United Kingdom",2012-12-24
DLPH,2014-12-31,15499000000.0,12471000000.0,3028000000.0,1758000000,1351000000,0,860000000.0,2400000000,1013000000,5224000000.0,10721000000.0,8211000000.0,2510000000.0,20,11,10,134.0,108.0,4.5,300222222.2,2135000000.0,-779000000,2015-03-31,Delphi Automotive,Consumer Discretionary,Auto Parts & Equipment,"Gillingham, Kent, United Kingdom",2012-12-24
DLPH,2015-12-31,15165000000.0,12155000000.0,3010000000.0,1723000000,1450000000,0,536000000.0,2750000000,1181000000,5121000000.0,11973000000.0,9723000000.0,2250000000.0,20,11,10,130.0,100.0,5.08,285433070.9,1703000000.0,-704000000,2016-03-30,Delphi Automotive,Consumer Discretionary,Auto Parts & Equipment,"Gillingham, Kent, United Kingdom",2012-12-24
DLPH,2016-12-31,16661000000.0,13107000000.0,3554000000.0,1947000000,1257000000,0,839000000.0,2938000000,1232000000,5419000000.0,12292000000.0,9891000000.0,2401000000.0,21,12,9,131.0,101.0,,,1941000000.0,-828000000,2017-03-31,Delphi Automotive,Consumer Discretionary,Auto Parts & Equipment,"Gillingham, Kent, United Kingdom",2012-12-24
DLR,2012-12-31,1279067000.0,461898000.0,817169000.0,366078000,210334000,0,100331000.0,490001000,0,0.0,8819214000.0,5350909000.0,3468305000.0,64,29,16,,,1.48,142117567.6,542948000.0,-1560130000,2013-03-31,Digital Realty Trust,Real Estate,Specialized REITs,"San Francisco, California",2016-05-18
DLR,2013-12-31,1482259000.0,555660000.0,926599000.0,381812000,314488000,0,97170000.0,515752000,0,0.0,9626830000.0,6016314000.0,3610516000.0,63,26,21,,,2.12,148343396.2,656390000.0,-170322000,2014-03-31,Digital Realty Trust,Real Estate,Specialized REITs,"San Francisco, California",2016-05-18
DLR,2014-12-31,1616438000.0,603321000.0,1013117000.0,258666000,200183000,0,52876000.0,583574000,0,0.0,9526784000.0,5648528000.0,3878256000.0,63,16,12,,,1.0,200183000.0,655888000.0,-24305000,2015-03-31,Digital Realty Trust,Real Estate,Specialized REITs,"San Francisco, California",2016-05-18
DLR,2015-12-31,1763336000.0,651282000.0,1112054000.0,401911000,296689000,0,75062000.0,580725000,0,0.0,11451267000.0,6951135000.0,4500132000.0,63,23,17,,,1.56,190185256.4,799232000.0,-99247000,2016-03-30,Digital Realty Trust,Real Estate,Specialized REITs,"San Francisco, California",2016-05-18
DLTR,2013-02-02,7394500000.0,4741800000.0,2652700000.0,920100000,619300000,0,399900000.0,22500000,971700000,1473500000.0,2752000000.0,1084700000.0,1667300000.0,36,12,13,218.0,74.0,2.7,229370370.4,678300000.0,-312200000,2013-05-03,Dollar Tree,Consumer Discretionary,General Merchandise Stores,"Chesapeake, Virginia",2011-12-19
DLTR,2014-02-01,7840300000.0,5050500000.0,2789800000.0,970300000,596700000,0,267700000.0,18900000,1035300000,1378500000.0,2771900000.0,1601200000.0,1170700000.0,36,12,12,201.0,50.0,2.74,217773722.6,794100000.0,-330100000,2014-05-02,Dollar Tree,Consumer Discretionary,General Merchandise Stores,"Chesapeake, Virginia",2011-12-19
DLTR,2015-01-31,8602200000.0,5568200000.0,3034000000.0,1040200000,599200000,0,864100000.0,28300000,1035700000,1994600000.0,3492700000.0,1707700000.0,1785000000.0,35,12,11,231.0,111.0,2.91,205910652.9,926800000.0,-325600000,2015-05-01,Dollar Tree,Consumer Discretionary,General Merchandise Stores,"Chesapeake, Virginia",2011-12-19
DLTR,2016-01-30,15498400000.0,10841700000.0,4656700000.0,1049700000,282400000,0,736100000.0,0,2885500000,3935900000.0,15901200000.0,11494300000.0,4406900000.0,30,7,3,188.0,50.0,1.27,222362204.7,780900000.0,-480500000,2016-04-29,Dollar Tree,Consumer Discretionary,General Merchandise Stores,"Chesapeake, Virginia",2011-12-19
DNB,2012-12-31,1663000000.0,0.0,1663000000.0,432100000,295500000,0,149100000.0,547100000,0,747400000.0,1991800000.0,3009200000.0,-1017400000.0,100,26,23,85.0,85.0,6.47,45672333.85,357800000.0,-7000000,2013-03-31,Dun & Bradstreet,Industrials,Research & Consulting Services,"Short Hills, New Jersey",2008-12-02
DNB,2013-12-31,1558400000.0,0.0,1558400000.0,426100000,258500000,0,235900000.0,538800000,0,822400000.0,1890300000.0,2938700000.0,-1048400000.0,100,27,25,96.0,96.0,6.61,39107413.01,333300000.0,-7100000,2014-03-31,Dun & Bradstreet,Industrials,Research & Consulting Services,"Short Hills, New Jersey",2008-12-02
DNB,2014-12-31,1584500000.0,0.0,1584500000.0,411400000,294400000,0,316300000.0,531400000,0,932600000.0,1986200000.0,3189500000.0,-1203300000.0,100,26,21,80.0,80.0,8.06,36526054.59,315500000.0,-9800000,2015-03-31,Dun & Bradstreet,Industrials,Research & Consulting Services,"Short Hills, New Jersey",2008-12-02
DNB,2015-12-31,1637100000.0,0.0,1637100000.0,337000000,168800000,0,365700000.0,549200000,0,959600000.0,2273600000.0,3390400000.0,-1116800000.0,100,21,17,100.0,100.0,4.68,36068376.07,343200000.0,-12800000,2016-03-30,Dun & Bradstreet,Industrials,Research & Consulting Services,"Short Hills, New Jersey",2008-12-02
DOV,2013-12-31,7155096000.0,4376505000.0,2778591000.0,1161670000,1003129000,0,803882000.0,1136742000,715311000,2717972000.0,10855181000.0,5477785000.0,5377396000.0,39,16,15,202.0,149.0,5.86,171182423.2,979612000.0,-141694000,2014-03-31,Dover Corp.,Industrials,Industrial Machinery,"Downers Grove, Illinois",1985-10-31
DOV,2014-12-31,7752728000.0,4778479000.0,2974249000.0,1215484000,775235000,0,681581000.0,1186746000,863737000,2833969000.0,9030291000.0,5329566000.0,3700725000.0,38,16,14,139.0,97.0,4.65,166717204.3,950164000.0,-166033000,2015-03-31,Dover Corp.,Industrials,Industrial Machinery,"Downers Grove, Illinois",1985-10-31
DOV,2015-12-31,6956311000.0,4388167000.0,2568144000.0,920762000,869829000,0,362185000.0,1120490000,802895000,2419010000.0,8606076000.0,4961501000.0,3644575000.0,37,13,12,177.0,118.0,5.52,157577717.4,949059000.0,-154251000,2016-03-30,Dover Corp.,Industrials,Industrial Machinery,"Downers Grove, Illinois",1985-10-31
DOV,2016-12-31,6794342000.0,4322373000.0,2471969000.0,714446000,508892000,0,349146000.0,1265201000,870487000,2589191000.0,10115991000.0,6316245000.0,3799746000.0,36,11,10,133.0,89.0,,,861975000.0,-165205000,2017-03-31,Dover Corp.,Industrials,Industrial Machinery,"Downers Grove, Illinois",1985-10-31
DPS,2013-12-31,5997000000.0,2499000000.0,3498000000.0,1046000000,624000000,0,153000000.0,688000000,200000000,1119000000.0,8201000000.0,5924000000.0,2277000000.0,58,17,9,109.0,89.0,3.08,202597402.6,866000000.0,-179000000,2014-03-31,Dr Pepper Snapple Group,Consumer Staples,Soft Drinks,"Plano, Texas",2008-10-07
DPS,2014-12-31,6121000000.0,2491000000.0,3630000000.0,1180000000,703000000,0,237000000.0,684000000,204000000,1211000000.0,8265000000.0,5971000000.0,2294000000.0,59,19,18,117.0,97.0,3.59,195821727.0,1022000000.0,-170000000,2015-03-31,Dr Pepper Snapple Group,Consumer Staples,Soft Drinks,"Plano, Texas",2008-10-07
DPS,2015-12-31,6282000000.0,2559000000.0,3723000000.0,1298000000,764000000,0,911000000.0,628000000,209000000,1817000000.0,8869000000.0,6686000000.0,2183000000.0,59,21,19,115.0,102.0,4.0,191000000.0,991000000.0,-179000000,2016-03-30,Dr Pepper Snapple Group,Consumer Staples,Soft Drinks,"Plano, Texas",2008-10-07
DPS,2016-12-31,6440000000.0,2582000000.0,3858000000.0,1433000000,847000000,0,1787000000.0,646000000,202000000,2736000000.0,9791000000.0,7657000000.0,2134000000.0,60,22,20,260.0,241.0,,,939000000.0,-180000000,2017-03-31,Dr Pepper Snapple Group,Consumer Staples,Soft Drinks,"Plano, Texas",2008-10-07
DRI,2013-05-26,5921000000.0,4616600000.0,1304400000.0,400000000,411900000,0,88200000.0,230000000,356900000,764900000.0,6936900000.0,4877400000.0,2059500000.0,22,7,5,54.0,29.0,3.19,129122257.1,594400000.0,-510100000,2013-08-24,Darden Restaurants,Consumer Discretionary,Restaurants,"Orlando, Florida",
DRI,2014-05-25,6285600000.0,4990500000.0,1295100000.0,308900000,286200000,0,98300000.0,207800000,196800000,1975800000.0,7082700000.0,4925800000.0,2156900000.0,21,5,3,122.0,110.0,2.18,131284403.7,555400000.0,-414800000,2014-08-23,Darden Restaurants,Consumer Discretionary,Restaurants,"Orlando, Florida",
DRI,2015-05-31,6764000000.0,5341500000.0,1422500000.0,367600000,709500000,0,535900000.0,235400000,163900000,1056400000.0,5994700000.0,3661200000.0,2333500000.0,21,5,3,88.0,75.0,5.56,127607913.7,874300000.0,-296500000,2015-08-29,Darden Restaurants,Consumer Discretionary,Restaurants,"Orlando, Florida",
DRI,2016-05-29,6933500000.0,5392400000.0,1541100000.0,622200000,375000000,0,274800000.0,227300000,175400000,820300000.0,4582600000.0,2630600000.0,1952000000.0,22,9,6,69.0,54.0,2.94,127551020.4,820400000.0,-228300000,2016-08-27,Darden Restaurants,Consumer Discretionary,Restaurants,"Orlando, Florida",
DUK,2012-12-31,17912000000.0,11235000000.0,6677000000.0,2911000000,1768000000,0,1424000000.0,2717000000,3223000000,10122000000.0,114000000000.0,72993000000.0,40863000000.0,37,16,12,101.0,69.0,0.21,8419047619.0,5244000000.0,-5501000000,2013-03-31,Duke Energy,Utilities,Electric Utilities,"Charlotte, North Carolina",1976-06-30
DUK,2013-12-31,22756000000.0,13545000000.0,9211000000.0,4854000000,2665000000,0,1501000000.0,3005000000,3250000000,10516000000.0,115000000000.0,73449000000.0,41330000000.0,40,21,17,122.0,84.0,3.77,706896551.7,6382000000.0,-5526000000,2014-03-31,Duke Energy,Utilities,Electric Utilities,"Charlotte, North Carolina",1976-06-30
DUK,2014-12-31,23925000000.0,14323000000.0,9602000000.0,5258000000,1883000000,0,2036000000.0,2764000000,3459000000,11575000000.0,121000000000.0,79682000000.0,40875000000.0,40,22,17,103.0,72.0,2.66,707894736.8,6586000000.0,-5384000000,2015-03-31,Duke Energy,Utilities,Electric Utilities,"Charlotte, North Carolina",1976-06-30
DUK,2015-12-31,23459000000.0,13728000000.0,9731000000.0,5367000000,2816000000,0,857000000.0,2451000000,3810000000,8322000000.0,121000000000.0,81429000000.0,39727000000.0,41,23,18,73.0,40.0,4.05,695308642.0,6676000000.0,-6766000000,2016-03-30,Duke Energy,Utilities,Electric Utilities,"Charlotte, North Carolina",1976-06-30
DVA,2012-12-31,8186280000.0,5583549000.0,2602731000.0,1297084000,536017000,0,533748000.0,2066466000,78126000,2887050000.0,16014633000.0,12251496000.0,3763137000.0,32,16,12,143.0,139.0,5.58,96060394.27,1100848000.0,-550146000,2013-03-31,DaVita Inc.,Health Care,Health Care Facilities,"Denver, Colorado",2008-07-31
DVA,2013-12-31,11764050000.0,8198377000.0,3565673000.0,1550134000,633446000,0,946249000.0,2254009000,88805000,3472278000.0,17098877000.0,12666398000.0,4432479000.0,30,13,10,141.0,137.0,3.02,209750331.1,1773341000.0,-617597000,2014-03-31,DaVita Inc.,Health Care,Health Care Facilities,"Denver, Colorado",2008-07-31
DVA,2014-12-31,12795106000.0,9119305000.0,3675801000.0,1815141000,723114000,0,965241000.0,2010604000,136084000,3636170000.0,17617432000.0,12446919000.0,5170513000.0,29,14,10,174.0,168.0,3.41,212056891.5,1459407000.0,-641330000,2015-03-31,DaVita Inc.,Health Care,Health Care Facilities,"Denver, Colorado",2008-07-31
DVA,2015-12-31,13781837000.0,9824834000.0,3957003000.0,1170695000,269732000,0,1499116000.0,2220183000,185575000,4503280000.0,18514875000.0,13644095000.0,4870780000.0,29,8,5,188.0,180.0,1.27,212387401.6,1557200000.0,-707998000,2016-03-30,DaVita Inc.,Health Care,Health Care Facilities,"Denver, Colorado",2008-07-31
DVN,2013-12-31,10397000000.0,2268000000.0,8129000000.0,567000000,-20000000,0,6066000000.0,1609000000,0,8005000000.0,42877000000.0,22378000000.0,20499000000.0,78,5,1,120.0,120.0,-0.06,333333333.3,5436000000.0,-6758000000,2014-03-31,Devon Energy Corp.,Energy,Oil & Gas Exploration & Production,"Oklahoma City, Oklahoma",
DVN,2014-12-31,20638000000.0,2332000000.0,18306000000.0,4698000000,1607000000,0,1480000000.0,2481000000,0,6498000000.0,50637000000.0,29098000000.0,21539000000.0,89,23,20,109.0,109.0,3.93,408905852.4,6021000000.0,-13450000000,2015-03-31,Devon Energy Corp.,Energy,Oil & Gas Exploration & Production,"Oklahoma City, Oklahoma",
DVN,2015-12-31,13145000000.0,2104000000.0,11041000000.0,-20727000000,-14454000000,0,2310000000.0,1105000000,0,4021000000.0,29451000000.0,22402000000.0,7049000000.0,84,158,162,122.0,122.0,-35.55,406582278.5,5373000000.0,-6415000000,2016-03-30,Devon Energy Corp.,Energy,Oil & Gas Exploration & Production,"Oklahoma City, Oklahoma",
DVN,2016-12-31,12197000000.0,1582000000.0,10615000000.0,-2895000000,-3302000000,0,1959000000.0,1356000000,0,3772000000.0,25913000000.0,19986000000.0,5927000000.0,87,24,32,144.0,144.0,,,1746000000.0,-3971000000,2017-03-31,Devon Energy Corp.,Energy,Oil & Gas Exploration & Production,"Oklahoma City, Oklahoma",
EA,2013-03-31,3797000000.0,1388000000.0,2409000000.0,121000000,98000000,1153000000,1292000000.0,364000000,42000000,2325000000.0,5070000000.0,2803000000.0,2267000000.0,63,3,4,121.0,119.0,0.32,306250000.0,324000000.0,-106000000,2013-06-29,Electronic Arts,Information Technology,Home Entertainment Software,"Redwood City, California",
EA,2014-03-31,3575000000.0,1347000000.0,2228000000.0,33000000,8000000,1125000000,1782000000.0,401000000,56000000,3138000000.0,5716000000.0,3294000000.0,2422000000.0,62,1,0,131.0,129.0,0.03,266666666.7,712000000.0,-97000000,2014-06-29,Electronic Arts,Information Technology,Home Entertainment Software,"Redwood City, California",
EA,2015-03-31,4515000000.0,1429000000.0,3086000000.0,948000000,875000000,1094000000,2068000000.0,416000000,36000000,3720000000.0,6147000000.0,3111000000.0,3036000000.0,68,21,20,135.0,134.0,2.81,311387900.4,1067000000.0,-95000000,2015-06-29,Electronic Arts,Information Technology,Home Entertainment Software,"Redwood City, California",
EA,2016-03-31,4396000000.0,1354000000.0,3042000000.0,898000000,1156000000,1109000000,2493000000.0,233000000,33000000,4354000000.0,7050000000.0,3654000000.0,3396000000.0,69,20,20,180.0,179.0,3.73,309919571.0,1223000000.0,-93000000,2016-06-29,Electronic Arts,Information Technology,Home Entertainment Software,"Redwood City, California",
EBAY,2013-12-31,8257000000.0,1492000000.0,6765000000.0,2454000000,2856000000,915000000,4494000000.0,12948000000,0,23283000000.0,41488000000.0,17841000000.0,23647000000.0,82,30,31,184.0,184.0,2.2,1298181818.0,4995000000.0,-678000000,2014-03-31,eBay Inc.,Information Technology,Internet Software & Services,"San Jose, California",
EBAY,2014-12-31,8790000000.0,1663000000.0,7127000000.0,2476000000,46000000,983000000,4105000000.0,600000000,0,26531000000.0,45132000000.0,25226000000.0,19906000000.0,81,28,29,151.0,151.0,0.04,1150000000.0,5677000000.0,-622000000,2015-03-31,eBay Inc.,Information Technology,Internet Software & Services,"San Jose, California",
EBAY,2015-12-31,8592000000.0,1771000000.0,6821000000.0,2197000000,1725000000,923000000,1832000000.0,619000000,0,7904000000.0,17755000000.0,11179000000.0,6576000000.0,79,26,28,349.0,349.0,1.43,1206293706.0,4033000000.0,-668000000,2016-03-30,eBay Inc.,Information Technology,Internet Software & Services,"San Jose, California",
EBAY,2016-12-31,8979000000.0,2007000000.0,6972000000.0,2325000000,7266000000,1114000000,1816000000.0,592000000,0,8875000000.0,23847000000.0,13308000000.0,10539000000.0,78,26,41,231.0,231.0,,,2826000000.0,-626000000,2017-03-31,eBay Inc.,Information Technology,Internet Software & Services,"San Jose, California",
ECL,2012-12-31,11838700000.0,6385400000.0,5453300000.0,1289300000,703600000,0,1157800000.0,2430300000,1088100000,4892000000.0,17572300000.0,11495300000.0,6077000000.0,46,11,9,160.0,125.0,2.41,291950207.5,1203000000.0,-574500000,2013-03-31,Ecolab Inc.,Materials,Specialty Chemicals,"St. Paul, Minnesota",1989-01-31
ECL,2013-12-31,13253400000.0,7161200000.0,6092200000.0,1560600000,967800000,0,339200000.0,2731000000,1321900000,4698400000.0,19636500000.0,12292200000.0,7344300000.0,46,12,10,135.0,97.0,3.23,299628483.0,1559800000.0,-625100000,2014-03-31,Ecolab Inc.,Materials,Specialty Chemicals,"St. Paul, Minnesota",1989-01-31
ECL,2014-12-31,14280500000.0,7679100000.0,6601400000.0,1955000000,1202800000,0,209600000.0,2809900000,1466900000,4853000000.0,19427400000.0,12111500000.0,7315900000.0,46,14,12,111.0,78.0,4.01,299950124.7,1815600000.0,-748700000,2015-03-31,Ecolab Inc.,Materials,Specialty Chemicals,"St. Paul, Minnesota",1989-01-31
ECL,2015-12-31,13545100000.0,7223500000.0,6321600000.0,1561300000,1002100000,0,92800000.0,2640200000,1388200000,4447500000.0,18641700000.0,11731800000.0,6909900000.0,47,12,10,93.0,64.0,3.38,296479289.9,1999800000.0,-771000000,2016-03-30,Ecolab Inc.,Materials,Specialty Chemicals,"St. Paul, Minnesota",1989-01-31
ED,2013-12-31,12354000000.0,7191000000.0,5163000000.0,2244000000,1062000000,0,674000000.0,2127000000,363000000,3891000000.0,40647000000.0,28402000000.0,12245000000.0,42,18,12,82.0,75.0,3.62,293370165.7,2552000000.0,0,2014-03-31,Consolidated Edison,Utilities,Electric Utilities,"New York, New York",
ED,2014-12-31,12919000000.0,7807000000.0,5112000000.0,2209000000,1092000000,0,699000000.0,2058000000,372000000,3716000000.0,44071000000.0,31495000000.0,12576000000.0,40,17,13,99.0,89.0,3.73,292761394.1,2831000000.0,0,2015-03-31,Consolidated Edison,Utilities,Electric Utilities,"New York, New York",
ED,2015-12-31,12554000000.0,7060000000.0,5494000000.0,2427000000,1193000000,0,944000000.0,1882000000,350000000,3836000000.0,45642000000.0,32590000000.0,13052000000.0,44,19,14,81.0,74.0,4.07,293120393.1,3277000000.0,0,2016-03-30,Consolidated Edison,Utilities,Electric Utilities,"New York, New York",
ED,2016-12-31,12075000000.0,6357000000.0,5718000000.0,2575000000,1245000000,0,776000000.0,1827000000,339000000,3406000000.0,48255000000.0,33957000000.0,14298000000.0,47,21,16,89.0,80.0,,,3459000000.0,0,2017-03-31,Consolidated Edison,Utilities,Electric Utilities,"New York, New York",
EFX,2012-12-31,2073000000.0,759500000.0,1313500000.0,480000000,272100000,0,146800000.0,317000000,0,538700000.0,4520100000.0,2586900000.0,1933200000.0,63,23,21,83.0,83.0,2.27,119867841.4,496300000.0,-66000000,2013-03-31,Equifax Inc.,Industrials,Research & Consulting Services,"Atlanta, Georgia",
EFX,2013-12-31,2303900000.0,787300000.0,1516600000.0,611200000,351800000,0,235900000.0,309700000,0,648400000.0,4539900000.0,2239200000.0,2300700000.0,66,27,23,98.0,98.0,2.9,121310344.8,569000000.0,-83300000,2014-03-31,Equifax Inc.,Industrials,Research & Consulting Services,"Atlanta, Georgia",
EFX,2014-12-31,2436400000.0,844700000.0,1591700000.0,638200000,367400000,0,128300000.0,337200000,0,590500000.0,4661000000.0,2460900000.0,2200100000.0,65,26,24,72.0,72.0,3.03,121254125.4,616200000.0,-86400000,2015-03-31,Equifax Inc.,Industrials,Research & Consulting Services,"Atlanta, Georgia",
EFX,2015-12-31,2663600000.0,887400000.0,1776200000.0,693900000,429100000,0,93300000.0,349800000,0,561600000.0,4509000000.0,2198100000.0,2310900000.0,67,26,24,93.0,93.0,3.61,118864265.9,742100000.0,-146200000,2016-03-30,Equifax Inc.,Industrials,Research & Consulting Services,"Atlanta, Georgia",
EIX,2012-12-31,11862000000.0,7747000000.0,4115000000.0,2285000000,-92000000,0,170000000.0,1312000000,340000000,2672000000.0,44394000000.0,34962000000.0,9432000000.0,35,19,16,71.0,62.0,-0.56,164285714.3,3334000000.0,-4149000000,2013-03-31,Edison Int'l,Utilities,Electric Utilities,"Rosemead, California",
EIX,2013-12-31,12581000000.0,8364000000.0,4217000000.0,1715000000,1015000000,0,146000000.0,1855000000,256000000,3312000000.0,46646000000.0,36708000000.0,9938000000.0,34,14,10,68.0,63.0,2.81,361209964.4,2967000000.0,-3599000000,2014-03-31,Edison Int'l,Utilities,Electric Utilities,"Rosemead, California",
EIX,2014-12-31,13413000000.0,8742000000.0,4671000000.0,2472000000,1721000000,0,132000000.0,1422000000,281000000,3567000000.0,49734000000.0,38774000000.0,10960000000.0,35,18,15,65.0,60.0,4.95,347676767.7,3248000000.0,-3906000000,2015-03-31,Edison Int'l,Utilities,Electric Utilities,"Rosemead, California",
EIX,2015-12-31,11524000000.0,7256000000.0,4268000000.0,2008000000,1117000000,0,161000000.0,1336000000,267000000,2654000000.0,50310000000.0,38942000000.0,11368000000.0,37,17,14,54.0,48.0,3.13,356869009.6,4509000000.0,-4225000000,2016-03-30,Edison Int'l,Utilities,Electric Utilities,"Rosemead, California",
EL,2013-06-30,10181700000.0,2025900000.0,8155800000.0,1526000000,1019800000,0,1495700000.0,1171700000,1113900000,4297200000.0,7145200000.0,3843300000.0,3286900000.0,80,15,14,222.0,165.0,2.63,387756654.0,1226300000.0,-461000000,2013-09-28,Estee Lauder Cos.,Consumer Staples,Personal Products,"New York, New York",
EL,2014-06-30,10968800000.0,2158200000.0,8810600000.0,1827600000,1204100000,0,1629100000.0,1379300000,1294000000,4825200000.0,7868800000.0,3999400000.0,3854900000.0,80,17,16,235.0,172.0,3.12,385929487.2,1535200000.0,-510200000,2014-09-28,Estee Lauder Cos.,Consumer Staples,Personal Products,"New York, New York",
EL,2015-06-30,10780400000.0,2100600000.0,8679800000.0,1606300000,1088900000,0,1021400000.0,1174500000,1215800000,4183600000.0,8226900000.0,4572600000.0,3643200000.0,81,15,14,196.0,139.0,2.87,379407665.5,1943300000.0,-473000000,2015-09-28,Estee Lauder Cos.,Consumer Staples,Personal Products,"New York, New York",
EL,2016-06-30,11262300000.0,2181100000.0,9081200000.0,1610300000,1114600000,0,914100000.0,1258300000,1263400000,4225100000.0,9223300000.0,5636000000.0,3571900000.0,81,14,14,158.0,110.0,3.01,370299003.3,1788700000.0,-525300000,2016-09-28,Estee Lauder Cos.,Consumer Staples,Personal Products,"New York, New York",
EMN,2012-12-31,8102000000.0,6340000000.0,1762000000.0,800000000,437000000,198000000,249000000.0,997000000,1260000000,2699000000.0,11710000000.0,8767000000.0,2943000000.0,22,10,8,198.0,105.0,3.0,145666666.7,1128000000.0,-465000000,2013-03-31,Eastman Chemical,Materials,Diversified Chemicals,"Kingsport, Tennessee",1994-01-01
EMN,2013-12-31,9350000000.0,6574000000.0,2776000000.0,1862000000,1165000000,193000000,237000000.0,1088000000,1264000000,2840000000.0,11845000000.0,8049000000.0,3796000000.0,30,20,18,193.0,107.0,7.57,153896961.7,1297000000.0,-483000000,2014-03-31,Eastman Chemical,Materials,Diversified Chemicals,"Kingsport, Tennessee",1994-01-01
EMN,2014-12-31,9527000000.0,7306000000.0,2221000000.0,1162000000,751000000,227000000,214000000.0,1200000000,1509000000,3173000000.0,16072000000.0,12562000000.0,3510000000.0,23,12,10,157.0,82.0,5.03,149304175.0,1408000000.0,-593000000,2015-03-31,Eastman Chemical,Materials,Diversified Chemicals,"Kingsport, Tennessee",1994-01-01
EMN,2015-12-31,9648000000.0,7068000000.0,2580000000.0,1384000000,848000000,251000000,293000000.0,1038000000,1479000000,2878000000.0,15611000000.0,11670000000.0,3941000000.0,27,14,12,140.0,68.0,5.71,148511383.5,1612000000.0,-652000000,2016-03-30,Eastman Chemical,Materials,Diversified Chemicals,"Kingsport, Tennessee",1994-01-01
EMR,2013-09-30,24669000000.0,14717000000.0,9952000000.0,3414000000,2004000000,0,3275000000.0,4808000000,1895000000,10999000000.0,24711000000.0,14126000000.0,10585000000.0,40,14,13,144.0,119.0,2.78,720863309.4,3649000000.0,-678000000,2013-12-29,Emerson Electric Company,Industrials,Industrial Conglomerates,"Ferguson, Missouri",1965-03-31
EMR,2014-09-30,17733000000.0,9971000000.0,7762000000.0,3387000000,2184000000,0,3149000000.0,5019000000,2057000000,10867000000.0,24177000000.0,14058000000.0,10119000000.0,44,19,18,129.0,104.0,3.05,716065573.8,3692000000.0,-651000000,2014-12-29,Emerson Electric Company,Industrials,Industrial Conglomerates,"Ferguson, Missouri",1965-03-31
EMR,2015-09-30,16249000000.0,9241000000.0,7008000000.0,2943000000,2733000000,0,3054000000.0,2870000000,1265000000,10049000000.0,22088000000.0,14007000000.0,8081000000.0,43,18,23,129.0,113.0,4.01,681546134.7,2529000000.0,-588000000,2015-12-29,Emerson Electric Company,Industrials,Industrial Conglomerates,"Ferguson, Missouri",1965-03-31
EMR,2016-09-30,14522000000.0,8260000000.0,6262000000.0,2504000000,1664000000,0,3182000000.0,2701000000,1208000000,9960000000.0,21743000000.0,14175000000.0,7568000000.0,43,17,16,124.0,109.0,2.53,657707509.9,2881000000.0,-447000000,2016-12-29,Emerson Electric Company,Industrials,Industrial Conglomerates,"Ferguson, Missouri",1965-03-31
EOG,2012-12-31,11682636000.0,1699428000.0,9983208000.0,1479797000,570279000,0,876435000.0,1685781000,683187000,3589884000.0,27336578000.0,14051814000.0,13284764000.0,85,13,11,123.0,99.0,2.13,267736619.7,5236777000.0,-7355116000,2013-03-31,EOG Resources,Energy,Oil & Gas Exploration & Production,"Houston, Texas",
EOG,2013-12-31,14487118000.0,2066893000.0,12420225000.0,3675211000,2197109000,0,1318209000.0,1908256000,563268000,4072015000.0,30574238000.0,15155779000.0,15418459000.0,86,25,24,142.0,123.0,8.13,270247109.5,7329414000.0,-7060627000,2014-03-31,EOG Resources,Energy,Oil & Gas Exploration & Production,"Houston, Texas",
EOG,2014-12-31,18035340000.0,2534389000.0,15500951000.0,5241823000,2915487000,0,2087213000.0,1870550000,706597000,5416021000.0,34762687000.0,17050105000.0,17712582000.0,86,29,28,160.0,139.0,5.36,543934141.8,8649155000.0,-8246805000,2015-03-31,EOG Resources,Energy,Oil & Gas Exploration & Production,"Houston, Texas",
EOG,2015-12-31,8757428000.0,2177757000.0,6579671000.0,-6686079000,-4524515000,0,718506000.0,1119126000,598935000,2592244000.0,26975244000.0,14032209000.0,12943035000.0,75,76,79,142.0,110.0,-8.29,545779855.2,3595165000.0,-5013163000,2016-03-30,EOG Resources,Energy,Oil & Gas Exploration & Production,"Houston, Texas",
EQIX,2012-12-31,1887376000.0,944617000.0,942759000.0,392896000,140028000,0,252213000.0,163840000,0,640092000.0,6135797000.0,3822356000.0,2313441000.0,50,21,10,117.0,117.0,3.01,46520930.23,632026000.0,-789156000,2013-03-31,Equinix,Real Estate,REITs,"Redwood City, California",2015-03-20
EQIX,2013-12-31,2152766000.0,1064403000.0,1088363000.0,460932000,94685000,0,261894000.0,184840000,0,888660000.0,7492359000.0,5033295000.0,2459064000.0,51,21,5,163.0,163.0,1.92,49315104.17,604608000.0,-646738000,2014-03-31,Equinix,Real Estate,REITs,"Redwood City, California",2015-03-20
EQIX,2014-12-31,2443776000.0,1197885000.0,1245891000.0,509266000,-259547000,0,613974000.0,262570000,0,1490943000.0,7781978000.0,5511847000.0,2270131000.0,51,21,3,232.0,232.0,-4.96,52328024.19,689420000.0,-676994000,2015-03-31,Equinix,Real Estate,REITs,"Redwood City, California",2015-03-20
EQIX,2015-12-31,2725867000.0,1291506000.0,1434361000.0,567342000,187774000,0,2708255000.0,291964000,0,3259280000.0,10356695000.0,7611309000.0,2745386000.0,53,21,8,197.0,197.0,3.25,57776615.38,894793000.0,-906402000,2016-03-30,Equinix,Real Estate,REITs,"Redwood City, California",2015-03-20
EQR,2012-12-31,1747502000.0,625507000.0,1121995000.0,514093000,841719000,0,863032000.0,0,0,0.0,17201000000.0,9911187000.0,7289813000.0,64,29,9,,,2.729,308434957.9,1046155000.0,-1186034000,2013-03-31,Equity Residential,Real Estate,REITs,"Chicago, Illinois",
EQR,2013-12-31,2387702000.0,834228000.0,1553474000.0,512322000,1830613000,0,157101000.0,0,0,0.0,22834545000.0,12327344000.0,10507201000.0,65,21,5,,,5.155,355114064.0,868916000.0,-625700000,2014-03-31,Equity Residential,Real Estate,REITs,"Chicago, Illinois",
EQR,2014-12-31,2614748000.0,883564000.0,1731184000.0,921375000,631308000,0,112383000.0,0,0,0.0,22950614000.0,12582158000.0,10368456000.0,66,35,25,,,1.736,363656682.0,1324073000.0,-1191619000,2015-03-31,Equity Residential,Real Estate,REITs,"Chicago, Illinois",
EQR,2015-12-31,2744965000.0,905168000.0,1839797000.0,1008820000,870120000,0,98169000.0,0,0,0.0,23157328000.0,12686960000.0,10470368000.0,67,37,33,,,2.37,367139240.5,1356499000.0,-1171337000,2016-03-30,Equity Residential,Real Estate,REITs,"Chicago, Illinois",
EQT,2013-12-31,1859177000.0,354561000.0,1504616000.0,632152000,390572000,0,845641000.0,235781000,19656000,1255425000.0,9792053000.0,5757265000.0,4034788000.0,81,34,28,240.0,236.0,2.59,150800000.0,1162861000.0,-1763362000,2014-03-31,EQT Corporation,Energy,Oil & Gas Exploration & Production,"Pittsburgh, Pennsylvania",2008-12-19
EQT,2014-12-31,2388768000.0,443974000.0,1944794000.0,738307000,386965000,0,1077429000.0,306085000,0,1904323000.0,12035353000.0,7452538000.0,4582815000.0,81,31,30,229.0,229.0,2.55,151750980.4,1414742000.0,-2451490000,2015-03-31,EQT Corporation,Energy,Oil & Gas Exploration & Production,"Pittsburgh, Pennsylvania",2008-12-19
EQT,2015-12-31,1954000000.0,523043000.0,1430957000.0,177377000,85171000,0,1601232000.0,176957000,0,2251019000.0,13976172000.0,8898381000.0,5077791000.0,73,9,22,283.0,283.0,0.56,152091071.4,1216940000.0,-2434018000,2016-03-30,EQT Corporation,Energy,Oil & Gas Exploration & Production,"Pittsburgh, Pennsylvania",2008-12-19
EQT,2016-12-31,1857339000.0,613909000.0,1243430000.0,-37334000,-452983000,0,1103540000.0,341628000,0,1828219000.0,15472922000.0,9612641000.0,5860281000.0,67,2,21,227.0,227.0,,,1064320000.0,-2590733000,2017-03-31,EQT Corporation,Energy,Oil & Gas Exploration & Production,"Pittsburgh, Pennsylvania",2008-12-19
ES,2012-12-31,6273787000.0,3667434000.0,2606353000.0,1118206000,525945000,0,45748000.0,1008862000,267713000,2227295000.0,28302824000.0,19065774000.0,9237050000.0,42,18,13,61.0,54.0,1.9,276813157.9,1161229000.0,-1472272000,2013-03-31,Eversource Energy,Utilities,MultiUtilities,"Springfield, Massachusetts",
ES,2013-12-31,7301204000.0,3997940000.0,3303264000.0,1529435000,786007000,0,43364000.0,1007002000,303233000,2087049000.0,27795537000.0,18184009000.0,9611528000.0,45,21,17,64.0,54.0,2.49,315665461.8,1663539000.0,-1456787000,2014-03-31,Eversource Energy,Utilities,MultiUtilities,"Springfield, Massachusetts",
ES,2014-12-31,7741856000.0,4449139000.0,3292717000.0,1632849000,819546000,0,38703000.0,1405411000,349664000,2692465000.0,29740387000.0,19763572000.0,9976815000.0,43,21,17,86.0,75.0,2.59,316427027.0,1635473000.0,-1603744000,2015-03-31,Eversource Energy,Utilities,MultiUtilities,"Springfield, Massachusetts",
ES,2015-12-31,7954827000.0,4416194000.0,3538633000.0,1764164000,878485000,0,23947000.0,1283486000,336476000,2618786000.0,30580309000.0,20228094000.0,10352215000.0,44,22,18,88.0,76.0,2.77,317142599.3,1424025000.0,-1724139000,2016-03-30,Eversource Energy,Utilities,MultiUtilities,"Springfield, Massachusetts",
ESS,2012-12-31,535153000.0,172167000.0,362986000.0,167025000,125284000,0,42126000.0,66163000,0,0.0,4847223000.0,3082419000.0,1764804000.0,68,31,17,,,3.42,36632748.54,267499000.0,-514982000,2013-03-31,"Essex Property Trust, Inc.",Real Estate,Residential REITs,"Palo Alto, California",2014-04-02
ESS,2013-12-31,610590000.0,197336000.0,413254000.0,188705000,156283000,0,53766000.0,68255000,0,0.0,5186839000.0,3302220000.0,1884619000.0,68,31,14,,,4.06,38493349.75,304982000.0,-470739000,2014-03-31,"Essex Property Trust, Inc.",Real Estate,Residential REITs,"Palo Alto, California",2014-04-02
ESS,2014-12-31,970938000.0,312546000.0,658392000.0,201514000,122150000,0,95749000.0,24923000,0,0.0,11526732000.0,5504060000.0,6022672000.0,68,21,10,,,,,493312000.0,-700606000,2015-03-31,"Essex Property Trust, Inc.",Real Estate,Residential REITs,"Palo Alto, California",2014-04-02
ESS,2015-12-31,1194407000.0,363508000.0,830899000.0,331174000,232120000,0,123055000.0,19285000,0,0.0,12005091000.0,5767358000.0,6237733000.0,70,28,19,,,3.5,66320000.0,617410000.0,-830249000,2016-03-30,"Essex Property Trust, Inc.",Real Estate,Residential REITs,"Palo Alto, California",2014-04-02
ETFC,2012-12-31,1365000000.0,0.0,1365000000.0,203000000,-113000000,0,3138392000.0,15902764000,0,0.0,47386739000.0,42482269000.0,4904470000.0,100,15,10,,,-0.39,289743589.7,-159000000.0,-80000000,2013-03-31,E*Trade,Financials,Investment Banking & Brokerage,"New York, New York",2004-03-31
ETFC,2013-12-31,1466000000.0,0.0,1466000000.0,191000000,86000000,0,2904000000.0,14476000000,0,0.0,46280000000.0,41424000000.0,4856000000.0,100,13,13,,,0.3,286666666.7,1117000000.0,-47000000,2014-03-31,E*Trade,Financials,Investment Banking & Brokerage,"New York, New York",2004-03-31
ETFC,2014-12-31,1665000000.0,0.0,1665000000.0,520000000,293000000,0,2338000000.0,14538000000,0,0.0,45530000000.0,40155000000.0,5375000000.0,100,31,27,,,1.02,287254902.0,701000000.0,-87000000,2015-03-31,E*Trade,Financials,Investment Banking & Brokerage,"New York, New York",2004-03-31
ETFC,2015-12-31,1403000000.0,0.0,1403000000.0,196000000,268000000,0,3290000000.0,12531000000,0,0.0,45427000000.0,39628000000.0,5799000000.0,100,14,6,,,0.92,291304347.8,832000000.0,-70000000,2016-03-30,E*Trade,Financials,Investment Banking & Brokerage,"New York, New York",2004-03-31
ETN,2012-12-31,16311000000.0,11448000000.0,4863000000.0,1530000000,1217000000,439000000,577000000.0,4039000000,2336000000,7900000000.0,35810000000.0,20632000000.0,15113000000.0,30,9,8,143.0,101.0,3.54,343785310.7,1664000000.0,-593000000,2013-03-31,Eaton Corporation,Industrials,Industrial Conglomerates,"Dublin, Ireland",
ETN,2013-12-31,22046000000.0,15369000000.0,6677000000.0,2147000000,1861000000,644000000,915000000.0,4225000000,2382000000,8731000000.0,35491000000.0,18628000000.0,16791000000.0,30,10,9,178.0,129.0,3.93,473536895.7,2285000000.0,-614000000,2014-03-31,Eaton Corporation,Industrials,Industrial Conglomerates,"Dublin, Ireland",
ETN,2014-12-31,22552000000.0,15646000000.0,6906000000.0,1805000000,1793000000,647000000,781000000.0,4260000000,2428000000,8100000000.0,33529000000.0,17690000000.0,15786000000.0,31,8,8,151.0,106.0,3.78,474338624.3,1878000000.0,-632000000,2015-03-31,Eaton Corporation,Industrials,Industrial Conglomerates,"Dublin, Ireland",
ETN,2015-12-31,20855000000.0,14292000000.0,6563000000.0,2342000000,1979000000,625000000,268000000.0,3479000000,2323000000,6616000000.0,31031000000.0,15800000000.0,15186000000.0,31,11,10,143.0,93.0,4.25,465647058.8,2371000000.0,-506000000,2016-03-30,Eaton Corporation,Industrials,Industrial Conglomerates,"Dublin, Ireland",
ETR,2012-12-31,10302079000.0,6583627000.0,3718452000.0,1301181000,868363000,0,532569000.0,1308617000,1142361000,3683126000.0,43202502000.0,33911413000.0,9291089000.0,36,13,9,90.0,62.0,4.77,182046750.5,2940285000.0,-3131006000,2013-03-31,Entergy Corp.,Utilities,Electric Utilities,"New Orleans, Louisiana",
ETR,2013-12-31,11390947000.0,7588885000.0,3802062000.0,1354999000,730572000,0,739126000.0,1347259000,1123964000,3929691000.0,43406446000.0,33679980000.0,9726466000.0,33,12,8,97.0,69.0,3.99,183100751.9,3189219000.0,-2304893000,2014-03-31,Entergy Corp.,Utilities,Electric Utilities,"New Orleans, Louisiana",
ETR,2014-12-31,12494921000.0,8126187000.0,4368734000.0,2006889000,960257000,0,1422026000.0,1131038000,1124018000,4389633000.0,46414455000.0,36312730000.0,10101725000.0,35,16,12,114.0,85.0,5.24,183255152.7,3889561000.0,-2119191000,2015-03-31,Entergy Corp.,Utilities,Electric Utilities,"New Orleans, Louisiana",
ETR,2015-12-31,11513251000.0,7449273000.0,4063978000.0,-299165000,-156734000,0,1350961000.0,1068900000,1091167000,4067412000.0,44647681000.0,35390890000.0,9256791000.0,35,3,7,132.0,96.0,-0.99,158317171.7,3291184000.0,-2500860000,2016-03-30,Entergy Corp.,Utilities,Electric Utilities,"New Orleans, Louisiana",
EW,2012-12-31,1899600000.0,491000000.0,1408600000.0,389500000,291500000,291300000,310900000.0,390900000,281000000,1291900000.0,2221500000.0,742200000.0,1479300000.0,74,21,20,372.0,291.0,2.55,114313725.5,362100000.0,-109000000,2013-03-31,Edwards Lifesciences,Health Care,Health Care Equipment,"Irvine, California",2011-04-01
EW,2013-12-31,2045500000.0,516600000.0,1528900000.0,517700000,389100000,323000000,420400000.0,361400000,308900000,1725800000.0,2709900000.0,1165500000.0,1544400000.0,75,25,25,499.0,410.0,3.51,110854700.9,472700000.0,-109000000,2014-03-31,Edwards Lifesciences,Health Care,Health Care Equipment,"Irvine, California",2011-04-01
EW,2014-12-31,2322900000.0,625600000.0,1697300000.0,1162500000,811100000,346500000,653800000.0,325000000,296800000,2231100000.0,3523000000.0,1331600000.0,2191400000.0,73,50,49,524.0,454.0,7.62,106443569.6,1022300000.0,-82900000,2015-03-31,Edwards Lifesciences,Health Care,Health Care Equipment,"Irvine, California",2011-04-01
EW,2015-12-31,2493700000.0,617200000.0,1876500000.0,635700000,494900000,383100000,718400000.0,344100000,339900000,2047900000.0,4059300000.0,1556200000.0,2503100000.0,75,25,25,430.0,359.0,2.3,215173913.0,549700000.0,-102700000,2016-03-30,Edwards Lifesciences,Health Care,Health Care Equipment,"Irvine, California",2011-04-01
EXC,2013-12-31,24888000000.0,17994000000.0,6894000000.0,3669000000,1729000000,0,1776000000.0,4729000000,1105000000,10137000000.0,79924000000.0,56999000000.0,22925000000.0,28,15,11,131.0,117.0,0.6,2881666667.0,6343000000.0,-5395000000,2014-03-31,Exelon Corp.,Utilities,MultiUtilities,"Chicago, Illinois",
EXC,2014-12-31,27429000000.0,21571000000.0,5858000000.0,3096000000,1603000000,0,2149000000.0,4709000000,1603000000,11853000000.0,86416000000.0,63615000000.0,22801000000.0,21,11,9,135.0,117.0,,,4457000000.0,-6077000000,2015-03-31,Exelon Corp.,Utilities,MultiUtilities,"Chicago, Illinois",
EXC,2015-12-31,29447000000.0,21406000000.0,8041000000.0,4409000000,2269000000,0,6707000000.0,4099000000,1566000000,15334000000.0,95384000000.0,69398000000.0,25986000000.0,27,15,11,168.0,151.0,,,7616000000.0,-7624000000,2016-03-30,Exelon Corp.,Utilities,MultiUtilities,"Chicago, Illinois",
EXC,2016-12-31,31360000000.0,22688000000.0,8672000000.0,3112000000,1134000000,0,888000000.0,5359000000,1638000000,12412000000.0,115000000000.0,89067000000.0,25837000000.0,28,10,6,92.0,80.0,,,8445000000.0,-8553000000,2017-03-31,Exelon Corp.,Utilities,MultiUtilities,"Chicago, Illinois",
EXPD,2012-12-31,5992215000.0,4156845000.0,1835370000.0,530798000,333360000,0,1260842000.0,1043478000,0,2357599000.0,2954125000.0,926426000.0,2027699000.0,31,9,9,280.0,280.0,1.58,210987341.8,370126000.0,-47626000,2013-03-31,Expeditors Int'l,Industrials,Air Freight & Logistics,"Seattle, Washington",2007-10-10
EXPD,2013-12-31,6080257000.0,4197404000.0,1882853000.0,552073000,348526000,0,1247652000.0,1091896000,0,2415269000.0,3014812000.0,930029000.0,2084783000.0,31,9,9,278.0,278.0,1.69,206228402.4,407536000.0,-53411000,2014-03-31,Expeditors Int'l,Industrials,Air Freight & Logistics,"Seattle, Washington",2007-10-10
EXPD,2014-12-31,6564721000.0,4583294000.0,1981427000.0,594648000,376888000,0,927107000.0,1256321000,0,2289250000.0,2890905000.0,1022497000.0,1868408000.0,30,9,9,233.0,233.0,1.92,196295833.3,394966000.0,-37472000,2015-03-31,Expeditors Int'l,Industrials,Air Freight & Logistics,"Seattle, Washington",2007-10-10
EXPD,2015-12-31,6616632000.0,4428855000.0,2187777000.0,721484000,457223000,0,807796000.0,1129121000,0,1993370000.0,2582438000.0,890445000.0,1691993000.0,33,11,11,231.0,231.0,2.42,188935124.0,564712000.0,-44383000,2016-03-30,Expeditors Int'l,Industrials,Air Freight & Logistics,"Seattle, Washington",2007-10-10
EXPE,2013-12-31,4771259000.0,1038034000.0,3733225000.0,366060000,232850000,0,1047075000.0,745161000,0,2219287000.0,7739481000.0,5594017000.0,2145464000.0,78,8,6,67.0,67.0,1.73,134595375.7,763200000.0,-308581000,2014-03-31,Expedia Inc.,Consumer Discretionary,Internet & Direct Marketing Retail,"Bellevue, Washington",2007-10-02
EXPE,2014-12-31,5763485000.0,1179081000.0,4584404000.0,517764000,398097000,0,1437588000.0,964764000,0,2924489000.0,9020538000.0,7236271000.0,1784267000.0,80,9,8,70.0,70.0,3.09,128833980.6,1366959000.0,-328387000,2015-03-31,Expedia Inc.,Consumer Discretionary,Internet & Direct Marketing Retail,"Bellevue, Washington",2007-10-02
EXPE,2015-12-31,6672317000.0,1309559000.0,5362758000.0,413566000,764465000,0,1687623000.0,1096211000,0,2976261000.0,15485675000.0,10621281000.0,4864394000.0,80,6,14,50.0,50.0,5.87,130232538.3,1368045000.0,-787041000,2016-03-30,Expedia Inc.,Consumer Discretionary,Internet & Direct Marketing Retail,"Bellevue, Washington",2007-10-02
EXPE,2016-12-31,8773564000.0,1596698000.0,7176866000.0,461702000,281848000,0,1815544000.0,1362649000,0,3450251000.0,15777546000.0,11645245000.0,4132301000.0,82,5,3,56.0,56.0,,,1564334000.0,-749348000,2017-03-31,Expedia Inc.,Consumer Discretionary,Internet & Direct Marketing Retail,"Bellevue, Washington",2007-10-02
EXR,2012-12-31,409396000.0,114028000.0,295368000.0,157241000,208922000,0,47761000.0,11078000,0,0.0,3223477000.0,1731670000.0,1491807000.0,72,38,22,,,1.15,181671304.3,215879000.0,-608853000,2013-03-31,Extra Space Storage,Real Estate,Specialized REITs,"Salt Lake City, UT",2016-01-19
EXR,2013-12-31,520613000.0,140012000.0,380601000.0,213483000,309931000,0,148174000.0,7542000,0,0.0,3977140000.0,2218670000.0,1758470000.0,73,41,28,,,1.54,201253896.1,271259000.0,-362949000,2014-03-31,Extra Space Storage,Real Estate,Specialized REITs,"Salt Lake City, UT",2016-01-19
EXR,2014-12-31,647155000.0,172416000.0,474739000.0,278468000,367258000,0,72908000.0,11778000,0,0.0,4381987000.0,2644562000.0,1737425000.0,73,43,29,,,1.54,238479220.8,337581000.0,-531896000,2015-03-31,Extra Space Storage,Real Estate,Specialized REITs,"Salt Lake City, UT",2016-01-19
EXR,2015-12-31,782270000.0,203965000.0,578305000.0,294656000,394950000,0,106537000.0,2205000,0,0.0,6071407000.0,3982330000.0,2089077000.0,74,38,26,,,1.58,249968354.4,367329000.0,-384208000,2016-03-30,Extra Space Storage,Real Estate,Specialized REITs,"Salt Lake City, UT",2016-01-19
F,2013-12-31,147000000000.0,123000000000.0,23867000000.0,12809000000,11953000000,0,14468000000.0,87309000000,7708000000,132000000000.0,202000000000.0,176000000000.0,26112000000.0,16,9,10,674.0,634.0,1.82,6567582418.0,10444000000.0,-6597000000,2014-03-31,Ford Motor,Consumer Discretionary,Automobile Manufacturers,"Dearborn, Michigan",
F,2014-12-31,144000000000.0,132000000000.0,12174000000.0,332000000,1231000000,0,10757000000.0,92819000000,7870000000,132000000000.0,209000000000.0,184000000000.0,24438000000.0,8,0,1,658.0,619.0,0.81,1519753086.0,14507000000.0,-7463000000,2015-03-31,Ford Motor,Consumer Discretionary,Automobile Manufacturers,"Dearborn, Michigan",
F,2015-12-31,150000000000.0,131000000000.0,18149000000.0,7647000000,7373000000,0,14272000000.0,56179000000,8319000000,103000000000.0,225000000000.0,196000000000.0,28642000000.0,12,5,7,125.0,114.0,1.86,3963978495.0,16170000000.0,-7196000000,2016-03-30,Ford Motor,Consumer Discretionary,Automobile Manufacturers,"Dearborn, Michigan",
F,2016-12-31,152000000000.0,135000000000.0,16312000000.0,4116000000,4596000000,0,15905000000.0,57368000000,8898000000,108000000000.0,238000000000.0,209000000000.0,29170000000.0,11,3,4,120.0,110.0,,,19792000000.0,-6992000000,2017-03-31,Ford Motor,Consumer Discretionary,Automobile Manufacturers,"Dearborn, Michigan",
FAST,2013-12-31,3326106000.0,1606661000.0,1719445000.0,712657000,448636000,0,58506000.0,432579000,784068000,1408461000.0,2075784000.0,303087000.0,1772697000.0,52,21,21,587.0,260.0,1.51,297109933.8,416120000.0,-206540000,2014-03-31,Fastenal Co,Industrials,Building Products,"Winona, Minnesota",2009-09-15
FAST,2014-12-31,3733507000.0,1836105000.0,1897402000.0,787590000,494150000,0,114496000.0,483842000,869224000,1583265000.0,2359102000.0,443885000.0,1915217000.0,51,21,21,422.0,190.0,1.67,295898203.6,499392000.0,-189474000,2015-03-31,Fastenal Co,Industrials,Building Products,"Winona, Minnesota",2009-09-15
FAST,2015-12-31,3869187000.0,1920253000.0,1948934000.0,828755000,516361000,0,129019000.0,468375000,913263000,1664776000.0,2532462000.0,731173000.0,1801289000.0,50,21,21,446.0,201.0,1.77,291729378.5,546940000.0,-155168000,2016-03-30,Fastenal Co,Industrials,Building Products,"Winona, Minnesota",2009-09-15
FAST,2016-12-31,3962036000.0,1997259000.0,1964777000.0,795839000,499478000,0,112735000.0,499716000,992989000,1720770000.0,2668884000.0,735790000.0,1933094000.0,50,20,20,624.0,264.0,,,513999000.0,-189451000,2017-03-31,Fastenal Co,Industrials,Building Products,"Winona, Minnesota",2009-09-15
FB,2013-12-31,7872000000.0,1875000000.0,5997000000.0,2804000000,1491000000,1415000000,3323000000.0,1109000000,0,13070000000.0,17895000000.0,2425000000.0,15470000000.0,76,36,35,1188.0,1188.0,0.62,2404838710.0,4222000000.0,-1362000000,2014-03-31,Facebook,Information Technology,Internet Software & Services,"Menlo Park, California",2013-12-23
FB,2014-12-31,12466000000.0,2153000000.0,10313000000.0,4994000000,2925000000,2666000000,4315000000.0,1678000000,0,13390000000.0,39966000000.0,3870000000.0,36096000000.0,83,40,39,940.0,940.0,1.12,2611607143.0,7326000000.0,-1831000000,2015-03-31,Facebook,Information Technology,Internet Software & Services,"Menlo Park, California",2013-12-23
FB,2015-12-31,17928000000.0,2867000000.0,15061000000.0,6225000000,3669000000,4816000000,4907000000.0,2559000000,0,21652000000.0,49407000000.0,5189000000.0,44218000000.0,84,35,35,1125.0,1125.0,1.31,2800763359.0,10320000000.0,-2523000000,2016-03-30,Facebook,Information Technology,Internet Software & Services,"Menlo Park, California",2013-12-23
FB,2016-12-31,27638000000.0,3789000000.0,23849000000.0,12427000000,10188000000,5919000000,8903000000.0,3993000000,0,34401000000.0,64961000000.0,5767000000.0,59194000000.0,86,45,45,1197.0,1197.0,,,16108000000.0,-4491000000,2017-03-31,Facebook,Information Technology,Internet Software & Services,"Menlo Park, California",2013-12-23
FBHS,2012-12-31,3134800000.0,2093200000.0,1041600000.0,143200000,118700000,0,336000000.0,381700000,357200000,1227900000.0,3873900000.0,1492800000.0,2381100000.0,33,5,4,194.0,138.0,0.74,160405405.4,282800000.0,-75000000,2013-03-31,Fortune Brands Home & Security,Industrials,Building Products,"Deerfield, Illinois",2016-06-22
FBHS,2013-12-31,3703600000.0,2408500000.0,1295100000.0,323000000,229700000,0,241400000.0,402800000,428900000,1327400000.0,4178100000.0,1528700000.0,2649400000.0,35,9,8,180.0,122.0,1.39,165251798.6,297800000.0,-96700000,2014-03-31,Fortune Brands Home & Security,Industrials,Building Products,"Deerfield, Illinois",2016-06-22
FBHS,2014-12-31,4013600000.0,2646700000.0,1366900000.0,403500000,158100000,0,191900000.0,458900000,462200000,1299100000.0,4052900000.0,1793400000.0,2259500000.0,34,10,10,186.0,120.0,0.98,161326530.6,253700000.0,-127500000,2015-03-31,Fortune Brands Home & Security,Industrials,Building Products,"Deerfield, Illinois",2016-06-22
FBHS,2015-12-31,4579400000.0,2997500000.0,1581900000.0,496100000,315000000,0,238500000.0,502600000,555600000,1418700000.0,4878600000.0,2427700000.0,2450900000.0,35,11,10,187.0,114.0,1.97,159898477.2,411100000.0,-128500000,2016-03-30,Fortune Brands Home & Security,Industrials,Building Products,"Deerfield, Illinois",2016-06-22
FCX,2012-12-31,18010000000.0,11561000000.0,6449000000.0,5814000000,3100000000,285000000,3705000000.0,1629000000,4576000000,10297000000.0,35440000000.0,17897000000.0,17543000000.0,36,32,32,308.0,171.0,3.2,968750000.0,3774000000.0,-3494000000,2013-03-31,Freeport-McMoran Cp & Gld,Materials,Copper,"Phoenix, Arizona",
FCX,2013-12-31,20921000000.0,14637000000.0,6284000000.0,5351000000,2680000000,210000000,1985000000.0,2562000000,5018000000,9972000000.0,63473000000.0,42539000000.0,20934000000.0,30,26,24,209.0,104.0,2.65,1011320755.0,6139000000.0,-5286000000,2014-03-31,Freeport-McMoran Cp & Gld,Materials,Copper,"Phoenix, Arizona",
FCX,2014-12-31,21438000000.0,19504000000.0,1934000000.0,97000000,-551000000,126000000,464000000.0,2563000000,5361000000,9045000000.0,58674000000.0,40387000000.0,18287000000.0,9,0,1,175.0,71.0,-1.26,437301587.3,5631000000.0,-7215000000,2015-03-31,Freeport-McMoran Cp & Gld,Materials,Copper,"Phoenix, Arizona",
FCX,2015-12-31,15877000000.0,28524000000.0,-12647000000.0,-13382000000,-12156000000,127000000,224000000.0,2277000000,4788000000,7462000000.0,46577000000.0,38749000000.0,7828000000.0,80,84,88,173.0,62.0,-11.31,1074801061.0,3220000000.0,-6353000000,2016-03-30,Freeport-McMoran Cp & Gld,Materials,Copper,"Phoenix, Arizona",
FDX,2013-05-31,44287000000.0,16448000000.0,27839000000.0,4434000000,2716000000,0,4917000000.0,5577000000,457000000,11274000000.0,33567000000.0,16169000000.0,17398000000.0,63,10,10,196.0,188.0,4.95,548686868.7,4688000000.0,-3375000000,2013-08-29,FedEx Corporation,Industrials,Air Freight & Logistics,"Memphis, Tennessee",1980-12-31
FDX,2014-05-31,45567000000.0,17052000000.0,28515000000.0,3815000000,2324000000,0,2908000000.0,5982000000,463000000,9683000000.0,33070000000.0,17793000000.0,15277000000.0,63,8,8,182.0,174.0,6.82,340762463.3,4264000000.0,-3533000000,2014-08-29,FedEx Corporation,Industrials,Air Freight & Logistics,"Memphis, Tennessee",1980-12-31
FDX,2015-05-31,47453000000.0,16984000000.0,30469000000.0,1867000000,1050000000,0,3763000000.0,5719000000,498000000,10335000000.0,36531000000.0,21538000000.0,14993000000.0,64,4,3,174.0,165.0,3.7,283783783.8,5366000000.0,-4347000000,2015-08-29,FedEx Corporation,Industrials,Air Freight & Logistics,"Memphis, Tennessee",1980-12-31
FDX,2016-05-31,50365000000.0,17327000000.0,33038000000.0,3077000000,1820000000,0,3534000000.0,7252000000,496000000,11989000000.0,46064000000.0,32280000000.0,13784000000.0,66,6,5,150.0,144.0,6.59,276176024.3,5708000000.0,-4818000000,2016-08-29,FedEx Corporation,Industrials,Air Freight & Logistics,"Memphis, Tennessee",1980-12-31
FE,2012-12-31,15255000000.0,6717000000.0,8538000000.0,2134000000,770000000,0,172000000.0,2248000000,861000000,3768000000.0,50494000000.0,37410000000.0,13084000000.0,56,14,9,50.0,38.0,1.85,416216216.2,2320000000.0,-2678000000,2013-03-31,FirstEnergy Corp,Utilities,Electric Utilities,"Akron, Ohio",
FE,2013-12-31,14892000000.0,6459000000.0,8433000000.0,1582000000,392000000,0,218000000.0,2284000000,752000000,4013000000.0,50424000000.0,37732000000.0,12692000000.0,57,11,4,53.0,43.0,0.94,417021276.6,2662000000.0,-2638000000,2014-03-31,FirstEnergy Corp,Utilities,Electric Utilities,"Akron, Ohio",
FE,2014-12-31,15049000000.0,6996000000.0,8053000000.0,1062000000,299000000,0,85000000.0,1779000000,817000000,3358000000.0,51648000000.0,39228000000.0,12420000000.0,54,7,1,60.0,46.0,,,2713000000.0,-3312000000,2015-03-31,FirstEnergy Corp,Utilities,Electric Utilities,"Akron, Ohio",
FE,2015-12-31,15026000000.0,6173000000.0,8853000000.0,2292000000,578000000,0,131000000.0,1595000000,785000000,3040000000.0,52187000000.0,39766000000.0,12421000000.0,59,15,6,54.0,40.0,1.37,421897810.2,3447000000.0,-2704000000,2016-03-30,FirstEnergy Corp,Utilities,Electric Utilities,"Akron, Ohio",
FFIV,2013-09-30,1481314000.0,253047000.0,1228267000.0,430818000,277314000,209614000,189693000.0,220547000,19026000,816371000.0,2230554000.0,691842000.0,1538712000.0,83,29,30,148.0,145.0,3.53,78559206.8,499693000.0,-26583000,2013-12-29,F5 Networks,Information Technology,Networking Equipment,"Seattle, Washington",2010-12-20
FFIV,2014-09-30,1732046000.0,309959000.0,1422087000.0,493557000,311183000,263792000,281502000.0,284532000,24471000,998848000.0,2184950000.0,815640000.0,1369310000.0,82,28,29,157.0,153.0,4.13,75346973.37,548992000.0,-22718000,2014-12-29,F5 Networks,Information Technology,Networking Equipment,"Seattle, Washington",2010-12-20
FFIV,2015-09-30,1919823000.0,332261000.0,1587562000.0,552899000,365014000,296583000,390460000.0,329562000,33717000,1188140000.0,2312290000.0,995562000.0,1316728000.0,83,29,29,157.0,153.0,5.07,71994871.79,684541000.0,-60307000,2015-12-29,F5 Networks,Information Technology,Networking Equipment,"Seattle, Washington",2010-12-20
FFIV,2016-09-30,1995034000.0,337205000.0,1657829000.0,547377000,365855000,334227000,514571000.0,319776000,34051000,1288801000.0,2306323000.0,1121061000.0,1185262000.0,83,27,28,153.0,149.0,5.43,67376611.42,711535000.0,-63488000,2016-12-29,F5 Networks,Information Technology,Networking Equipment,"Seattle, Washington",2010-12-20
FIS,2012-12-31,5795800000.0,3956200000.0,1839600000.0,1076300000,481100000,0,517600000.0,1182100000,0,1844200000.0,13549700000.0,6908800000.0,6640900000.0,32,19,14,147.0,147.0,1.58,304493670.9,1046700000.0,-123700000,2013-03-31,Fidelity National Information Services,Information Technology,Internet Software & Services,"Jacksonville, Florida",
FIS,2013-12-31,6063400000.0,4092700000.0,1970700000.0,1062900000,517700000,0,547500000.0,1322900000,0,2351900000.0,13960100000.0,7379600000.0,6580500000.0,33,18,14,141.0,141.0,1.7,304529411.8,1060300000.0,-131700000,2014-03-31,Fidelity National Information Services,Information Technology,Internet Software & Services,"Jacksonville, Florida",
FIS,2014-12-31,6413800000.0,4328300000.0,2085500000.0,1270600000,706900000,0,492800000.0,1412600000,0,2473100000.0,14520500000.0,7963800000.0,6556700000.0,33,20,16,155.0,155.0,2.38,297016806.7,1164900000.0,-148500000,2015-03-31,Fidelity National Information Services,Information Technology,Internet Software & Services,"Jacksonville, Florida",
FIS,2015-12-31,6595200000.0,4393200000.0,2202000000.0,1099200000,650800000,0,687600000.0,2190000000,0,3511400000.0,26268800000.0,16947800000.0,9321000000.0,33,17,16,149.0,149.0,2.22,293153153.2,1136900000.0,-133300000,2016-03-30,Fidelity National Information Services,Information Technology,Internet Software & Services,"Jacksonville, Florida",
FISV,2012-12-31,4436000000.0,2564000000.0,1872000000.0,1048000000,611000000,0,358000000.0,703000000,0,1443000000.0,8497000000.0,5080000000.0,3417000000.0,42,24,20,131.0,131.0,4.5,135777777.8,826000000.0,-193000000,2013-03-31,Fiserv Inc,Information Technology,Internet Software & Services,"Brookfield, Wisconsin",
FISV,2013-12-31,4814000000.0,2776000000.0,2038000000.0,1061000000,648000000,0,400000000.0,806000000,0,1572000000.0,9513000000.0,5928000000.0,3585000000.0,42,22,19,118.0,118.0,2.47,262348178.1,1039000000.0,-236000000,2014-03-31,Fiserv Inc,Information Technology,Internet Software & Services,"Brookfield, Wisconsin",
FISV,2014-12-31,5066000000.0,2881000000.0,2185000000.0,1210000000,754000000,0,294000000.0,798000000,0,1444000000.0,9308000000.0,6013000000.0,3295000000.0,43,24,21,97.0,97.0,3.03,248844884.5,1307000000.0,-292000000,2015-03-31,Fiserv Inc,Information Technology,Internet Software & Services,"Brookfield, Wisconsin",
FISV,2015-12-31,5254000000.0,2909000000.0,2345000000.0,1311000000,712000000,0,275000000.0,802000000,0,1506000000.0,9340000000.0,6680000000.0,2660000000.0,45,25,20,100.0,100.0,3.04,234210526.3,1346000000.0,-359000000,2016-03-30,Fiserv Inc,Information Technology,Internet Software & Services,"Brookfield, Wisconsin",
FL,2013-02-02,6182000000.0,4148000000.0,2034000000.0,610000000,397000000,0,880000000.0,0,1167000000,2363000000.0,3367000000.0,990000000.0,2377000000.0,33,10,10,372.0,188.0,2.62,151526717.6,416000000.0,-163000000,2013-05-03,Foot Locker Inc,Consumer Discretionary,Apparel Retail,"New York, New York",2016-04-04
FL,2014-02-01,6505000000.0,4372000000.0,2133000000.0,664000000,429000000,0,858000000.0,0,1220000000,2350000000.0,3487000000.0,991000000.0,2496000000.0,33,10,10,375.0,181.0,2.89,148442906.6,530000000.0,-206000000,2014-05-02,Foot Locker Inc,Consumer Discretionary,Apparel Retail,"New York, New York",2016-04-04
FL,2015-01-31,7151000000.0,4777000000.0,2374000000.0,805000000,520000000,0,967000000.0,0,1250000000,2456000000.0,3577000000.0,1081000000.0,2496000000.0,33,11,11,353.0,173.0,3.61,144044321.3,712000000.0,-190000000,2015-05-01,Foot Locker Inc,Consumer Discretionary,Apparel Retail,"New York, New York",2016-04-04
FL,2016-01-30,7412000000.0,4907000000.0,2505000000.0,837000000,541000000,0,1021000000.0,0,1285000000,2606000000.0,3775000000.0,1222000000.0,2553000000.0,34,11,11,372.0,189.0,3.89,139074550.1,745000000.0,-228000000,2016-04-29,Foot Locker Inc,Consumer Discretionary,Apparel Retail,"New York, New York",2016-04-04
FLIR,2012-12-31,1405358000.0,670174000.0,735184000.0,303330000,222398000,137354000,321739000.0,366123000,379080000,1165246000.0,2190655000.0,590754000.0,1599901000.0,52,22,21,482.0,325.0,1.47,151291156.5,285545000.0,-58089000,2013-03-31,FLIR Systems,Information Technology,Electronic Equipment & Instruments,"Wilsonville, Oregon",2009-01-02
FLIR,2013-12-31,1496372000.0,759362000.0,737010000.0,240743000,177015000,147696000,542476000.0,324962000,344719000,1309731000.0,2343359000.0,729979000.0,1613380000.0,49,16,15,474.0,349.0,1.24,142754032.3,354965000.0,-52061000,2014-03-31,FLIR Systems,Information Technology,Electronic Equipment & Instruments,"Wilsonville, Oregon",2009-01-02
FLIR,2014-12-31,1530654000.0,780281000.0,750373000.0,259244000,200261000,142751000,531374000.0,354658000,320605000,1300328000.0,2349311000.0,739538000.0,1609773000.0,49,17,16,420.0,316.0,1.42,141028873.2,226244000.0,-61262000,2015-03-31,FLIR Systems,Information Technology,Electronic Equipment & Instruments,"Wilsonville, Oregon",2009-01-02
FLIR,2015-12-31,1557067000.0,803506000.0,753561000.0,305764000,241686000,132892000,472785000.0,326098000,393092000,1287514000.0,2406400000.0,756885000.0,1649515000.0,48,20,20,220.0,153.0,1.73,139702890.2,275814000.0,-68234000,2016-03-30,FLIR Systems,Information Technology,Electronic Equipment & Instruments,"Wilsonville, Oregon",2009-01-02
FLR,2013-12-31,27351573000.0,25986382000.0,1365191000.0,1190043000,667711000,0,2283582000.0,1519820000,1740821000,6003683000.0,8323850000.0,4566863000.0,3756987000.0,5,4,4,176.0,125.0,4.11,162460097.3,788906000.0,-288487000,2014-03-31,Fluor Corp.,Industrials,Diversified Commercial Services,"Irving, Texas",1980-03-31
FLR,2014-12-31,21531577000.0,20132544000.0,1399033000.0,1216322000,510909000,0,1993125000.0,1811928000,1587275000,5758047000.0,8194429000.0,5083558000.0,3110871000.0,6,6,6,173.0,125.0,3.24,157687963.0,642574000.0,-324704000,2015-03-31,Fluor Corp.,Industrials,Diversified Commercial Services,"Irving, Texas",1980-03-31
FLR,2015-12-31,18114048000.0,17019352000.0,1094696000.0,686471000,412512000,0,1949886000.0,1203024000,1376471000,5105400000.0,7625406000.0,4628059000.0,2997347000.0,6,4,4,174.0,127.0,2.85,144741052.6,849132000.0,-240220000,2016-03-30,Fluor Corp.,Industrials,Diversified Commercial Services,"Irving, Texas",1980-03-31
FLR,2016-12-31,19036525000.0,18246209000.0,790316000.0,599243000,281401000,0,1850436000.0,1700224000,1537289000,5610270000.0,9216417000.0,6091226000.0,3125191000.0,4,3,3,147.0,107.0,,,705919000.0,-235904000,2017-03-31,Fluor Corp.,Industrials,Diversified Commercial Services,"Irving, Texas",1980-03-31
FLS,2013-12-31,4954619000.0,3266524000.0,1688095000.0,760283000,485530000,0,363804000.0,1312775000,1060670000,2847382000.0,5036733000.0,3166354000.0,1870379000.0,34,15,14,183.0,115.0,3.43,141553935.9,487759000.0,-139090000,2014-03-31,Flowserve Corporation,Industrials,Industrial Machinery,"Irving, Texas",2008-10-02
FLS,2014-12-31,4877885000.0,3163268000.0,1714617000.0,789832000,518824000,0,450350000.0,1241359000,995564000,2794163000.0,4968020000.0,3036458000.0,1931562000.0,35,16,15,190.0,122.0,3.79,136892876.0,570160000.0,-132619000,2015-03-31,Flowserve Corporation,Industrials,Industrial Machinery,"Irving, Texas",2008-10-02
FLS,2015-12-31,4561030000.0,3073712000.0,1487318000.0,525568000,267669000,0,366444000.0,988391000,995565000,2475810000.0,4980657000.0,3314180000.0,1666477000.0,33,12,9,184.0,110.0,2.01,133168656.7,418102000.0,-181861000,2016-03-30,Flowserve Corporation,Industrials,Industrial Machinery,"Irving, Texas",2008-10-02
FLS,2016-12-31,3991462000.0,2759908000.0,1231554000.0,277455000,145060000,0,367162000.0,894749000,919251000,2331361000.0,4742762000.0,3094528000.0,1648234000.0,31,7,6,198.0,120.0,,,227594000.0,-89699000,2017-03-31,Flowserve Corporation,Industrials,Industrial Machinery,"Irving, Texas",2008-10-02
FMC,2012-12-31,3409900000.0,2141600000.0,1268300000.0,639100000,416200000,112000000,77100000.0,1197100000,642400000,2181900000.0,4373900000.0,2893600000.0,1480300000.0,37,19,18,192.0,136.0,3.01,138272425.2,422300000.0,-177300000,2013-03-31,FMC Corporation,Materials,Diversified Chemicals,"Philadelphia, Pennsylvania",2009-08-19
FMC,2013-12-31,3130700000.0,1929800000.0,1200900000.0,538700000,293900000,115600000,123200000.0,1698300000,688400000,2945000000.0,5235200000.0,3715400000.0,1519800000.0,38,17,16,148.0,114.0,2.16,136064814.8,258300000.0,-165000000,2014-03-31,FMC Corporation,Materials,Diversified Chemicals,"Philadelphia, Pennsylvania",2009-08-19
FMC,2014-12-31,3258700000.0,2047800000.0,1210900000.0,414800000,307500000,126300000,109500000.0,1825200000,607600000,2934400000.0,5326000000.0,3795500000.0,1530500000.0,37,13,11,154.0,122.0,2.3,133695652.2,284900000.0,-182200000,2015-03-31,FMC Corporation,Materials,Diversified Chemicals,"Philadelphia, Pennsylvania",2009-08-19
FMC,2015-12-31,3276500000.0,2201100000.0,1075400000.0,-50200000,489000000,143700000,78600000.0,1851400000,800200000,2971900000.0,6325900000.0,4460200000.0,1865700000.0,33,2,4,204.0,149.0,3.66,133606557.4,-277100000.0,-108500000,2016-03-30,FMC Corporation,Materials,Diversified Chemicals,"Philadelphia, Pennsylvania",2009-08-19
FRT,2013-12-31,637413000.0,190454000.0,446959000.0,254161000,162681000,0,88927000.0,139993000,0,0.0,4219294000.0,2771134000.0,1448160000.0,70,40,23,,,2.47,65862753.04,314498000.0,-377418000,2014-03-31,Federal Realty Investment Trust,Real Estate,Retail REITs,"Rockville, Maryland",2016-02-01
FRT,2014-12-31,686090000.0,211923000.0,474167000.0,271037000,164535000,0,47951000.0,144279000,0,0.0,4546870000.0,2942469000.0,1604401000.0,69,40,26,,,2.42,67989669.42,346130000.0,-370112000,2015-03-31,Federal Realty Investment Trust,Real Estate,Retail REITs,"Rockville, Maryland",2016-02-01
FRT,2015-12-31,744012000.0,233417000.0,510595000.0,300154000,210219000,0,21046000.0,152020000,0,0.0,4896559000.0,3232810000.0,1663749000.0,69,40,28,,,3.04,69150986.84,359835000.0,-436846000,2016-03-30,Federal Realty Investment Trust,Real Estate,Retail REITs,"Rockville, Maryland",2016-02-01
FRT,2016-12-31,801591000.0,253612000.0,547979000.0,320995000,249910000,0,23368000.0,146653000,0,0.0,5423279000.0,3446546000.0,1976733000.0,68,40,28,,,,,419254000.0,-580238000,2017-03-31,Federal Realty Investment Trust,Real Estate,Retail REITs,"Rockville, Maryland",2016-02-01
FSLR,2012-12-31,3368545000.0,2515796000.0,852749000.0,-37563000,-96338000,132460000,901294000.0,1016349000,434921000,2832324000.0,6348692000.0,2743166000.0,3605526000.0,25,1,1,257.0,218.0,-1.11,86790990.99,762209000.0,-379228000,2013-03-31,First Solar Inc,Information Technology,Semiconductors,"Tempe, Arizona",2009-10-16
FSLR,2013-12-31,3309616000.0,2444984000.0,864632000.0,370407000,350718000,134300000,1325072000.0,721605000,388951000,3792764000.0,6883502000.0,2380385000.0,4503117000.0,26,11,12,239.0,214.0,3.77,93028647.21,856126000.0,-282576000,2014-03-31,First Solar Inc,Information Technology,Semiconductors,"Tempe, Arizona",2009-10-16
FSLR,2014-12-31,3391187000.0,2566246000.0,824941000.0,421999000,395964000,143969000,1482054000.0,224892000,505088000,3077654000.0,6720991000.0,1729504000.0,4991487000.0,24,12,13,308.0,257.0,3.97,99739042.82,680989000.0,-257549000,2015-03-31,First Solar Inc,Information Technology,Semiconductors,"Tempe, Arizona",2009-10-16
FSLR,2015-12-31,3578995000.0,2659728000.0,919267000.0,516664000,546421000,130593000,1126826000.0,561076000,380424000,3345586000.0,7316331000.0,1767844000.0,5548487000.0,26,14,15,348.0,309.0,5.42,100815682.7,-360919000.0,-166438000,2016-03-30,First Solar Inc,Information Technology,Semiconductors,"Tempe, Arizona",2009-10-16
FTR,2012-12-31,5011853000.0,0.0,5011853000.0,987168000,46273000,0,1341940000.0,678291000,0,2087203000.0,17733631000.0,13626035000.0,4107596000.0,100,20,5,134.0,134.0,0.14,330521428.6,1552473000.0,-802504000,2013-03-31,Frontier Communications,Telecommunications Services,Integrated Telecommunications Services,"Stamford, Connecticut",
FTR,2013-12-31,4762000000.0,0.0,4762000000.0,981000000,-47000000,0,880039000.0,670227000,0,1618839000.0,16635484000.0,12580003000.0,4055481000.0,100,21,3,124.0,124.0,0.11,-427272727.3,1496000000.0,-635000000,2014-03-31,Frontier Communications,Telecommunications Services,Integrated Telecommunications Services,"Stamford, Connecticut",
FTR,2014-12-31,4772000000.0,0.0,4772000000.0,820000000,133000000,0,682000000.0,672000000,0,1415000000.0,18810000000.0,15152000000.0,3658000000.0,100,17,3,94.0,94.0,0.13,1023076923.0,1270000000.0,-688000000,2015-03-31,Frontier Communications,Telecommunications Services,Integrated Telecommunications Services,"Stamford, Connecticut",
FTR,2015-12-31,5576000000.0,0.0,5576000000.0,745000000,-196000000,0,9380000000.0,651000000,0,10131000000.0,27084000000.0,21470000000.0,5614000000.0,100,13,6,535.0,535.0,-0.29,675862069.0,1301000000.0,-863000000,2016-03-30,Frontier Communications,Telecommunications Services,Integrated Telecommunications Services,"Stamford, Connecticut",
GD,2013-12-31,30930000000.0,25202000000.0,5728000000.0,3689000000,2357000000,0,5301000000.0,9150000000,2890000000,18162000000.0,35494000000.0,20993000000.0,14501000000.0,19,12,12,148.0,125.0,6.72,350744047.6,3111000000.0,-436000000,2014-03-31,General Dynamics,Industrials,Aerospace & Defense,"Falls Church, Virginia",
GD,2014-12-31,30852000000.0,24979000000.0,5873000000.0,3889000000,2533000000,0,4388000000.0,8641000000,3221000000,17407000000.0,35337000000.0,23508000000.0,11829000000.0,19,13,12,127.0,103.0,7.56,335052910.1,3828000000.0,-521000000,2015-03-31,General Dynamics,Industrials,Aerospace & Defense,"Falls Church, Virginia",
GD,2015-12-31,31469000000.0,25339000000.0,6130000000.0,4178000000,2965000000,0,2785000000.0,7803000000,3366000000,14571000000.0,31997000000.0,21259000000.0,10738000000.0,19,13,13,117.0,90.0,9.23,321235102.9,2607000000.0,-569000000,2016-03-30,General Dynamics,Industrials,Aerospace & Defense,"Falls Church, Virginia",
GD,2016-12-31,31353000000.0,25104000000.0,6249000000.0,4309000000,2955000000,0,2334000000.0,8893000000,3523000000,15447000000.0,32872000000.0,21896000000.0,10976000000.0,20,14,13,120.0,93.0,,,2198000000.0,-392000000,2017-03-31,General Dynamics,Industrials,Aerospace & Defense,"Falls Church, Virginia",
GGP,2012-12-31,2426301000.0,800336000.0,1625965000.0,781303000,-481233000,0,624815000.0,260860000,0,0.0,27282405000.0,19660707000.0,7621698000.0,67,32,20,,,,,807103000.0,-702346000,2013-03-31,General Growth Properties Inc.,Real Estate,Retail REITs,"Chicago, Illinois",2013-12-10
GGP,2013-12-31,2486017000.0,815095000.0,1670922000.0,840416000,302528000,0,577271000.0,478899000,0,0.0,25762303000.0,17659182000.0,8103121000.0,67,34,12,,,,,889531000.0,-950311000,2014-03-31,General Growth Properties Inc.,Real Estate,Retail REITs,"Chicago, Illinois",2013-12-10
GGP,2014-12-31,2535559000.0,783602000.0,1751957000.0,941513000,665850000,0,372471000.0,663768000,0,0.0,25281632000.0,17675713000.0,7605919000.0,69,37,14,,,,,949724000.0,-1162186000,2015-03-31,General Growth Properties Inc.,Real Estate,Retail REITs,"Chicago, Illinois",2013-12-10
GGP,2015-12-31,2403906000.0,747276000.0,1656630000.0,923893000,1374561000,0,356895000.0,949556000,0,0.0,24073555000.0,15803512000.0,8270043000.0,69,38,40,,,,,1064888000.0,-1078891000,2016-03-30,General Growth Properties Inc.,Real Estate,Retail REITs,"Chicago, Illinois",2013-12-10
GILD,2012-12-31,9702000000.0,2471000000.0,7231000000.0,4010000000,2592000000,1760000000,1803694000.0,2014029000,1744982000,6156347000.0,21239838000.0,11937246000.0,9302592000.0,75,41,37,145.0,104.0,1.71,1515789474.0,3195000000.0,-397000000,2013-03-31,Gilead Sciences,Health Care,Biotechnology,"Foster City, California",
GILD,2013-12-31,11202000000.0,2859000000.0,8343000000.0,4524000000,3075000000,2120000000,2113000000.0,2513000000,1697000000,6997000000.0,22579000000.0,11209000000.0,11370000000.0,74,40,38,109.0,83.0,2.01,1529850746.0,3105000000.0,-190000000,2014-03-31,Gilead Sciences,Health Care,Biotechnology,"Foster City, California",
GILD,2014-12-31,24890000000.0,3788000000.0,21102000000.0,15265000000,12101000000,2854000000,10027000000.0,5143000000,1386000000,17714000000.0,34664000000.0,19238000000.0,15426000000.0,85,61,60,307.0,283.0,7.95,1522138365.0,12818000000.0,-557000000,2015-03-31,Gilead Sciences,Health Care,Biotechnology,"Foster City, California",
GILD,2015-12-31,32639000000.0,4006000000.0,28633000000.0,22193000000,18108000000,3014000000,12851000000.0,6682000000,1955000000,24763000000.0,51839000000.0,33305000000.0,18534000000.0,88,68,66,250.0,231.0,12.37,1463864188.0,20329000000.0,-747000000,2016-03-30,Gilead Sciences,Health Care,Biotechnology,"Foster City, California",
GIS,2013-05-26,17774100000.0,11350200000.0,6423900000.0,2851800000,1855200000,0,741400000.0,1574400000,1545500000,4298900000.0,22658000000.0,15985800000.0,6672200000.0,36,16,14,81.0,52.0,2.86,648671328.7,2926000000.0,-613900000,2013-08-24,General Mills,Consumer Staples,Packaged Foods & Meats,"Golden Valley, Minnesota",1969-03-31
GIS,2014-05-25,17909600000.0,11539800000.0,6369800000.0,2957400000,1824400000,0,867300000.0,1557700000,1559400000,4393500000.0,23145700000.0,16610900000.0,6534800000.0,36,17,15,81.0,52.0,2.9,629103448.3,2541000000.0,-663500000,2014-08-23,General Mills,Consumer Staples,Packaged Foods & Meats,"Golden Valley, Minnesota",1969-03-31
GIS,2015-05-31,17630300000.0,11681100000.0,5949200000.0,2077300000,1221300000,0,334200000.0,1386700000,1540900000,3685600000.0,21832000000.0,16835300000.0,4996700000.0,34,12,10,75.0,44.0,2.02,604603960.4,2542800000.0,-712400000,2015-08-29,General Mills,Consumer Staples,Packaged Foods & Meats,"Golden Valley, Minnesota",1969-03-31
GIS,2016-05-29,16563100000.0,10733600000.0,5829500000.0,2707400000,1697400000,0,763700000.0,1360800000,1413700000,3937200000.0,21712300000.0,16782100000.0,4930200000.0,35,16,15,79.0,50.0,2.83,599787985.9,2629800000.0,-729300000,2016-08-27,General Mills,Consumer Staples,Packaged Foods & Meats,"Golden Valley, Minnesota",1969-03-31
GLW,2013-12-31,7819000000.0,4495000000.0,3324000000.0,1371000000,1961000000,710000000,4704000000.0,1531000000,1270000000,8891000000.0,28478000000.0,7316000000.0,21162000000.0,43,18,32,509.0,436.0,1.35,1452592593.0,2787000000.0,-1019000000,2014-03-31,Corning Inc.,Information Technology,Electronic Components,"Corning, New York",
GLW,2014-12-31,9715000000.0,5663000000.0,4052000000.0,1931000000,2472000000,815000000,5309000000.0,1749000000,1322000000,10238000000.0,30063000000.0,8484000000.0,21579000000.0,42,20,37,441.0,384.0,1.82,1358241758.0,4709000000.0,-1076000000,2015-03-31,Corning Inc.,Information Technology,Electronic Components,"Corning, New York",
GLW,2015-12-31,9111000000.0,5458000000.0,3653000000.0,1322000000,1339000000,769000000,4500000000.0,1372000000,1385000000,8269000000.0,28527000000.0,9739000000.0,18788000000.0,40,15,16,294.0,245.0,1.02,1312745098.0,2809000000.0,-1250000000,2016-03-30,Corning Inc.,Information Technology,Electronic Components,"Corning, New York",
GLW,2016-12-31,9390000000.0,5644000000.0,3746000000.0,1391000000,3695000000,742000000,5291000000.0,1481000000,1471000000,9048000000.0,27899000000.0,10006000000.0,17893000000.0,40,15,39,329.0,275.0,,,2521000000.0,-1130000000,2017-03-31,Corning Inc.,Information Technology,Electronic Components,"Corning, New York",
GM,2013-12-31,155000000000.0,137000000000.0,18054000000.0,5131000000,5346000000,0,21268000000.0,33162000000,14039000000,81501000000.0,166000000000.0,124000000000.0,42607000000.0,12,3,5,131.0,108.0,2.71,1972693727.0,12630000000.0,-7565000000,2014-03-31,General Motors,Consumer Discretionary,Automobile Manufacturers,"Detroit, Michigan",2013-06-06
GM,2014-12-31,156000000000.0,142000000000.0,13808000000.0,1530000000,3949000000,0,20292000000.0,35366000000,13642000000,83626000000.0,178000000000.0,142000000000.0,35457000000.0,9,1,3,127.0,107.0,1.75,2256571429.0,10061000000.0,-7091000000,2015-03-31,General Motors,Consumer Discretionary,Automobile Manufacturers,"Detroit, Michigan",2013-06-06
GM,2015-12-31,152000000000.0,134000000000.0,18302000000.0,4897000000,9687000000,0,15238000000.0,26388000000,13764000000,69408000000.0,194000000000.0,154000000000.0,39871000000.0,12,3,5,97.0,78.0,6.11,1585433715.0,11691000000.0,-7874000000,2016-03-30,General Motors,Consumer Discretionary,Automobile Manufacturers,"Detroit, Michigan",2013-06-06
GM,2016-12-31,166000000000.0,145000000000.0,21255000000.0,9545000000,9427000000,0,12960000000.0,31703000000,13788000000,76203000000.0,222000000000.0,178000000000.0,43836000000.0,13,6,7,89.0,73.0,,,16545000000.0,-9542000000,2017-03-31,General Motors,Consumer Discretionary,Automobile Manufacturers,"Detroit, Michigan",2013-06-06
GPC,2012-12-31,13013868000.0,9235777000.0,3778091000.0,1015131000,648041000,0,403095000.0,1490028000,2602560000,4820131000.0,6807061000.0,3809174000.0,2997887000.0,29,8,8,194.0,89.0,4.17,155405515.6,906438000.0,-101987000,2013-03-31,Genuine Parts,Consumer Discretionary,Specialty Stores,"Atlanta, Georgia",1973-12-31
GPC,2013-12-31,14077843000.0,9857923000.0,4219920000.0,1049244000,684959000,0,196893000.0,1664819000,2946021000,5221491000.0,7680297000.0,4331223000.0,3349074000.0,30,7,7,164.0,71.0,4.43,154618284.4,1056731000.0,-124063000,2014-03-31,Genuine Parts,Consumer Discretionary,Specialty Stores,"Atlanta, Georgia",1973-12-31
GPC,2014-12-31,15341647000.0,10747886000.0,4593761000.0,1124226000,711286000,0,137730000.0,1872365000,3043848000,5592525000.0,8246238000.0,4944990000.0,3301248000.0,30,7,7,156.0,71.0,4.64,153294396.6,790145000.0,-107681000,2015-03-31,Genuine Parts,Consumer Discretionary,Specialty Stores,"Atlanta, Georgia",1973-12-31
GPC,2015-12-31,15280044000.0,10724192000.0,4555852000.0,1124414000,705672000,0,211631000.0,1822419000,2999966000,5555316000.0,8144771000.0,4998204000.0,3146567000.0,30,7,7,141.0,65.0,4.65,151757419.4,1159373000.0,-109544000,2016-03-30,Genuine Parts,Consumer Discretionary,Specialty Stores,"Atlanta, Georgia",1973-12-31
GPN,2013-05-31,2375923000.0,862075000.0,1513848000.0,357213000,216125000,0,680470000.0,197076000,11057000,1214492000.0,3125056000.0,1978971000.0,1146085000.0,64,15,14,172.0,171.0,2.78,77742805.76,240546000.0,-98590000,2013-08-29,Global Payments Inc,Information Technology,Data Processing & Outsourced Services,"Atlanta, Georgia",2016-04-25
GPN,2014-05-31,2554236000.0,952225000.0,1602011000.0,405499000,245286000,0,581872000.0,228346000,6636000,1643444000.0,4018650000.0,3021423000.0,997227000.0,63,16,15,136.0,135.0,3.4,72142941.18,194098000.0,-81411000,2014-08-29,Global Payments Inc,Information Technology,Data Processing & Outsourced Services,"Atlanta, Georgia",2016-04-25
GPN,2015-05-31,2773718000.0,1022107000.0,1751611000.0,456597000,278040000,0,650739000.0,202938000,0,3289915000.0,5779301000.0,5021325000.0,757976000.0,63,16,15,109.0,109.0,4.15,66997590.36,424701000.0,-92550000,2015-08-29,Global Payments Inc,Information Technology,Data Processing & Outsourced Services,"Atlanta, Georgia",2016-04-25
GPN,2016-05-31,2898150000.0,1147639000.0,1750511000.0,424944000,271666000,0,1044728000.0,288411000,0,2851313000.0,10509952000.0,7763476000.0,2746476000.0,60,15,12,117.0,117.0,2.05,132520000.0,585001000.0,-91591000,2016-08-29,Global Payments Inc,Information Technology,Data Processing & Outsourced Services,"Atlanta, Georgia",2016-04-25
GPS,2013-02-02,15651000000.0,9480000000.0,6171000000.0,1942000000,1135000000,0,1460000000.0,0,1758000000,4132000000.0,7470000000.0,4576000000.0,2894000000.0,39,12,12,176.0,101.0,2.35,482978723.4,1936000000.0,-659000000,2013-05-03,Gap (The),Consumer Discretionary,Apparel Retail,"San Francisco, California",1986-08-31
GPS,2014-02-01,16148000000.0,9855000000.0,6293000000.0,2149000000,1280000000,0,1510000000.0,0,1928000000,4430000000.0,7849000000.0,4787000000.0,3062000000.0,39,13,13,181.0,102.0,2.78,460431654.7,1705000000.0,-670000000,2014-05-02,Gap (The),Consumer Discretionary,Apparel Retail,"San Francisco, California",1986-08-31
GPS,2015-01-31,16435000000.0,10146000000.0,6289000000.0,2083000000,1262000000,0,1515000000.0,0,1889000000,4317000000.0,7690000000.0,4707000000.0,2983000000.0,38,13,12,193.0,109.0,2.9,435172413.8,2129000000.0,-714000000,2015-05-01,Gap (The),Consumer Discretionary,Apparel Retail,"San Francisco, California",1986-08-31
GPS,2016-01-30,15797000000.0,10077000000.0,5720000000.0,1524000000,920000000,0,1370000000.0,0,1873000000,3985000000.0,7473000000.0,4928000000.0,2545000000.0,36,10,9,157.0,83.0,2.24,410714285.7,1594000000.0,-726000000,2016-04-29,Gap (The),Consumer Discretionary,Apparel Retail,"San Francisco, California",1986-08-31
GRMN,2012-12-29,2715675000.0,1277195000.0,1438480000.0,604160000,542403000,325773000,1231180000.0,672458000,389931000,2536120000.0,4819124000.0,1287328000.0,3531796000.0,53,22,23,279.0,236.0,2.78,195108992.8,684745000.0,-38445000,2013-03-29,Garmin Ltd.,Consumer Discretionary,Consumer Electronics,"Schaffhausen, Switzerland",2012-12-12
GRMN,2013-12-28,2631851000.0,1224551000.0,1407300000.0,574032000,612412000,364923000,1179149000.0,771788000,382226000,2595636000.0,4879603000.0,1219897000.0,3659706000.0,53,22,25,287.0,244.0,3.13,195658785.9,630084000.0,-56083000,2014-03-28,Garmin Ltd.,Consumer Discretionary,Consumer Electronics,"Schaffhausen, Switzerland",2012-12-12
GRMN,2014-12-27,2870658000.0,1266246000.0,1604412000.0,690626000,364211000,395121000,1196268000.0,626293000,420475000,2510976000.0,4693303000.0,1289936000.0,3403367000.0,56,24,25,243.0,202.0,1.89,192704232.8,522711000.0,-73339000,2015-03-27,Garmin Ltd.,Consumer Discretionary,Consumer Electronics,"Schaffhausen, Switzerland",2012-12-12
GRMN,2015-12-26,2820270000.0,1281566000.0,1538704000.0,549581000,456227000,427043000,833070000.0,531481000,500554000,2211087000.0,4499391000.0,1154265000.0,3345126000.0,55,19,20,255.0,198.0,2.39,190889958.2,280467000.0,-80592000,2016-03-25,Garmin Ltd.,Consumer Discretionary,Consumer Electronics,"Schaffhausen, Switzerland",2012-12-12
GT,2013-12-31,19540000000.0,15422000000.0,4118000000.0,1302000000,629000000,0,2996000000.0,2578000000,2816000000,8644000000.0,17527000000.0,15921000000.0,1606000000.0,21,7,4,172.0,116.0,2.44,257786885.2,938000000.0,-1168000000,2014-03-31,Goodyear Tire & Rubber,Consumer Discretionary,Tires & Rubber,"Akron, Ohio",
GT,2014-12-31,18138000000.0,13906000000.0,4232000000.0,1417000000,2452000000,0,2161000000.0,2126000000,2671000000,7159000000.0,18044000000.0,14434000000.0,3610000000.0,23,8,4,151.0,95.0,9.13,268565169.8,340000000.0,-923000000,2015-03-31,Goodyear Tire & Rubber,Consumer Discretionary,Tires & Rubber,"Akron, Ohio",
GT,2015-12-31,16443000000.0,12164000000.0,4279000000.0,1551000000,307000000,0,1476000000.0,2033000000,2464000000,6126000000.0,16391000000.0,12471000000.0,3920000000.0,26,9,4,124.0,74.0,1.14,269298245.6,1687000000.0,-983000000,2016-03-30,Goodyear Tire & Rubber,Consumer Discretionary,Tires & Rubber,"Akron, Ohio",
GT,2016-12-31,15158000000.0,10972000000.0,4186000000.0,1569000000,1264000000,0,1132000000.0,1769000000,2627000000,5718000000.0,16511000000.0,12004000000.0,4507000000.0,28,10,8,119.0,64.0,,,1504000000.0,-996000000,2017-03-31,Goodyear Tire & Rubber,Consumer Discretionary,Tires & Rubber,"Akron, Ohio",
GWW,2012-12-31,8950045000.0,5033885000.0,3916160000.0,1131125000,689881000,0,452063000.0,995987000,1301935000,2900640000.0,5014598000.0,1990686000.0,3023912000.0,44,13,12,269.0,148.0,9.71,71048506.69,816195000.0,-249860000,2013-03-31,Grainger (W.W.) Inc.,Industrials,Industrial Materials,"Lake Forest, Illinois",1981-06-30
GWW,2013-12-31,9437758000.0,5301275000.0,4136483000.0,1296854000,797036000,0,430644000.0,1177475000,1305520000,3044285000.0,5266328000.0,2015890000.0,3250438000.0,44,14,14,255.0,145.0,11.31,70471794.87,986498000.0,-272145000,2014-03-31,Grainger (W.W.) Inc.,Industrials,Industrial Materials,"Lake Forest, Illinois",1981-06-30
GWW,2014-12-31,9964953000.0,5650711000.0,4314242000.0,1347117000,801729000,0,226644000.0,1234311000,1356396000,2967549000.0,5283049000.0,2073177000.0,3209872000.0,43,14,13,235.0,128.0,11.59,69174201.9,959814000.0,-387390000,2015-03-31,Grainger (W.W.) Inc.,Industrials,Industrial Materials,"Lake Forest, Illinois",1981-06-30
GWW,2015-12-31,9973384000.0,5741956000.0,4231428000.0,1300320000,768996000,0,290136000.0,1209641000,1414177000,3048642000.0,5857755000.0,3591121000.0,2266634000.0,42,13,13,170.0,91.0,11.69,65782378.1,989904000.0,-373868000,2016-03-30,Grainger (W.W.) Inc.,Industrials,Industrial Materials,"Lake Forest, Illinois",1981-06-30
HAL,2013-12-31,29402000000.0,24931000000.0,4471000000.0,3138000000,2125000000,0,2356000000.0,6569000000,3305000000,13704000000.0,29223000000.0,15642000000.0,13581000000.0,15,11,9,273.0,207.0,2.37,896624472.6,4447000000.0,-2934000000,2014-03-31,Halliburton Co.,Energy,Oil & Gas Equipment & Services,"Houston, Texas",
HAL,2014-12-31,32870000000.0,27334000000.0,5536000000.0,5097000000,3500000000,0,2291000000.0,7564000000,3571000000,14647000000.0,32165000000.0,15898000000.0,16267000000.0,17,16,14,250.0,189.0,4.13,847457627.1,4062000000.0,-3283000000,2015-03-31,Halliburton Co.,Energy,Oil & Gas Equipment & Services,"Houston, Texas",
HAL,2015-12-31,23633000000.0,21113000000.0,2520000000.0,-165000000,-671000000,0,10077000000.0,5317000000,2993000000,20070000000.0,36942000000.0,21480000000.0,15462000000.0,11,1,4,376.0,320.0,-0.79,849367088.6,2906000000.0,-2184000000,2016-03-30,Halliburton Co.,Energy,Oil & Gas Equipment & Services,"Houston, Texas",
HAL,2016-12-31,15887000000.0,15023000000.0,864000000.0,-6778000000,-5763000000,0,4009000000.0,3922000000,2275000000,11677000000.0,27000000000.0,17591000000.0,9409000000.0,5,43,48,290.0,234.0,,,-1703000000.0,-798000000,2017-03-31,Halliburton Co.,Energy,Oil & Gas Equipment & Services,"Houston, Texas",
HAR,2013-06-30,4297842000.0,3193722000.0,1104120000.0,201251000,142407000,0,454258000.0,722711000,549831000,2089052000.0,3235685000.0,1590814000.0,1644871000.0,26,5,4,194.0,143.0,,,42136000.0,-101682000,2013-09-28,Harman Int'l Industries,Consumer Discretionary,Consumer Electronics,"Stamford, Connecticut",
HAR,2014-06-30,5348483000.0,3891816000.0,1456667000.0,329727000,234692000,0,581312000.0,894579000,662128000,2458871000.0,4125590000.0,2333012000.0,1792578000.0,27,6,6,166.0,121.0,,,592140000.0,-157141000,2014-09-28,Harman Int'l Industries,Consumer Discretionary,Consumer Electronics,"Stamford, Connecticut",
HAR,2015-06-30,6155297000.0,4338193000.0,1817104000.0,469594000,342680000,0,649513000.0,1024139000,693574000,2828592000.0,5865900000.0,3491287000.0,2374613000.0,30,8,7,137.0,103.0,,,552603000.0,-192498000,2015-09-28,Harman Int'l Industries,Consumer Discretionary,Consumer Electronics,"Stamford, Connecticut",
HAR,2016-06-30,6911676000.0,4818585000.0,2093091000.0,580027000,361734000,0,602300000.0,1122920000,706084000,2918455000.0,6054042000.0,3601569000.0,2452473000.0,30,8,8,159.0,121.0,,,446528000.0,-198455000,2016-09-28,Harman Int'l Industries,Consumer Discretionary,Consumer Electronics,"Stamford, Connecticut",
HAS,2012-12-31,4088983000.0,1671980000.0,2417003000.0,551785000,335999000,201197000,849701000.0,1029959000,316049000,2508202000.0,4325387000.0,2818008000.0,1507379000.0,59,13,11,261.0,228.0,,,534796000.0,-112091000,2013-03-31,Hasbro Inc.,Consumer Discretionary,Leisure Products,"Pawtucket, Rhode Island",1984-09-30
HAS,2013-12-29,4082157000.0,1672901000.0,2409256000.0,467093000,286198000,207591000,682449000.0,1093620000,348794000,2480457000.0,4402267000.0,2719924000.0,1682343000.0,59,11,9,182.0,156.0,2.2,130090000.0,401132000.0,-112031000,2014-03-29,Hasbro Inc.,Consumer Discretionary,Leisure Products,"Pawtucket, Rhode Island",1984-09-30
HAS,2014-12-28,4277207000.0,1698372000.0,2578835000.0,635375000,415930000,222556000,893167000.0,1094673000,339572000,2643505000.0,4518100000.0,3052436000.0,1465664000.0,60,15,13,247.0,215.0,3.24,128373456.8,454411000.0,-113388000,2015-03-28,Hasbro Inc.,Consumer Discretionary,Leisure Products,"Pawtucket, Rhode Island",1984-09-30
HAS,2015-12-27,4447509000.0,1677033000.0,2770476000.0,691933000,451838000,242944000,976750000.0,1217850000,384492000,2865598000.0,4720717000.0,3056815000.0,1663902000.0,62,16,14,269.0,233.0,3.61,125162880.9,552445000.0,-142022000,2016-03-26,Hasbro Inc.,Consumer Discretionary,Leisure Products,"Pawtucket, Rhode Island",1984-09-30
HBAN,2012-12-31,3036584000.0,162167000.0,0.0,0,631290000,0,10734983000.0,0,0,0.0,56153185000.0,50362974000.0,5790211000.0,0,0,27,,,0.71,889140845.1,1002130000.0,-129641000,2013-03-31,Huntington Bancshares,Financials,Banks,"Columbus, Ohio",
HBAN,2013-12-31,2872833000.0,116241000.0,0.0,0,641282000,0,12239168000.0,0,0,0.0,59467174000.0,53377021000.0,6090153000.0,0,0,30,,,0.73,878468493.2,1013245000.0,-102208000,2014-03-31,Huntington Bancshares,Financials,Banks,"Columbus, Ohio",
HBAN,2014-12-31,2955641000.0,86453000.0,0.0,0,632392000,0,14091890000.0,0,0,0.0,66298010000.0,59969840000.0,6328170000.0,0,0,29,,,0.73,866290411.0,888786000.0,-58862000,2015-03-31,Huntington Bancshares,Financials,Banks,"Columbus, Ohio",
HBAN,2015-12-31,3153251000.0,82175000.0,0.0,0,692957000,0,15871022000.0,0,0,0.0,71044551000.0,64449945000.0,6594606000.0,0,0,29,,,0.82,845069512.2,1033362000.0,-93097000,2016-03-30,Huntington Bancshares,Financials,Banks,"Columbus, Ohio",
HBI,2013-12-28,4627802000.0,3016109000.0,1611693000.0,515186000,330494000,0,115863000.0,775818000,1283331000,2243666000.0,4090048000.0,2859425000.0,1230623000.0,35,11,9,225.0,96.0,3.31,99847129.91,591281000.0,-43627000,2014-03-28,Hanesbrands Inc,Consumer Discretionary,"Apparel, Accessories & Luxury Goods","Winston-Salem, North Carolina",2015-03-20
HBI,2015-01-03,5324746000.0,3420339000.0,1904407000.0,563954000,404519000,0,239855000.0,672048000,1537200000,2550167000.0,5208193000.0,3821421000.0,1386772000.0,36,11,9,172.0,68.0,4.02,100626616.9,508090000.0,-64311000,2015-04-03,Hanesbrands Inc,Consumer Discretionary,"Apparel, Accessories & Luxury Goods","Winston-Salem, North Carolina",2015-03-20
HBI,2016-01-02,5731549000.0,3595217000.0,2136332000.0,595118000,428855000,0,319169000.0,680417000,1814602000,2917867000.0,5597590000.0,4321699000.0,1275891000.0,37,10,8,194.0,73.0,1.07,400799065.4,227007000.0,-99375000,2016-04-01,Hanesbrands Inc,Consumer Discretionary,"Apparel, Accessories & Luxury Goods","Winston-Salem, North Carolina",2015-03-20
HBI,2016-12-31,6028199000.0,3752151000.0,2276048000.0,775649000,539382000,0,460245000.0,814178000,1840565000,3298420000.0,6907734000.0,5683820000.0,1223914000.0,38,13,9,206.0,91.0,,,605607000.0,-83399000,2017-03-31,Hanesbrands Inc,Consumer Discretionary,"Apparel, Accessories & Luxury Goods","Winston-Salem, North Carolina",2015-03-20
HCA,2012-12-31,33013000000.0,5717000000.0,27296000000.0,4816000000,1605000000,0,705000000.0,5057000000,1086000000,7763000000.0,28075000000.0,37735000000.0,-9660000000.0,83,15,9,126.0,108.0,3.65,439726027.4,4175000000.0,-1862000000,2013-03-31,HCA Holdings,Health Care,Health Care Facilities,"Nashville, Tennessee",2015-01-27
HCA,2013-12-31,34182000000.0,5970000000.0,28212000000.0,4792000000,1556000000,0,414000000.0,5697000000,1179000000,8037000000.0,28831000000.0,37101000000.0,-8270000000.0,83,14,9,141.0,120.0,3.5,444571428.6,3680000000.0,-1943000000,2014-03-31,HCA Holdings,Health Care,Health Care Facilities,"Nashville, Tennessee",2015-01-27
HCA,2014-12-31,36918000000.0,6262000000.0,30656000000.0,5565000000,1875000000,0,566000000.0,6060000000,1279000000,8930000000.0,30980000000.0,38874000000.0,-7894000000.0,83,15,9,163.0,140.0,4.3,436046511.6,4448000000.0,-2176000000,2015-03-31,HCA Holdings,Health Care,Health Care Facilities,"Nashville, Tennessee",2015-01-27
HCA,2015-12-31,39678000000.0,6638000000.0,33040000000.0,5965000000,2129000000,0,741000000.0,5889000000,1439000000,9232000000.0,32744000000.0,40343000000.0,-7599000000.0,83,15,10,167.0,141.0,5.14,414202334.6,4734000000.0,-2375000000,2016-03-30,HCA Holdings,Health Care,Health Care Facilities,"Nashville, Tennessee",2015-01-27
HCN,2012-12-31,1765979000.0,567989000.0,1197990000.0,532820000,298030000,0,1141421000.0,411095000,0,0.0,19549109000.0,9254308000.0,10294801000.0,68,30,11,,,0.99,301040404.0,818133000.0,-421860000,2013-03-31,Welltower Inc.,Real Estate,REITs,"Toledo, Ohio",2009-01-30
HCN,2013-12-31,2847945000.0,1206813000.0,1641132000.0,533613000,145959000,0,231601000.0,553310000,0,0.0,23083957000.0,11669374000.0,11414583000.0,58,19,4,,,0.28,521282142.9,988497000.0,-383392000,2014-03-31,Welltower Inc.,Real Estate,REITs,"Toledo, Ohio",2009-01-30
HCN,2014-12-31,3305879000.0,1403358000.0,1902521000.0,845910000,502595000,0,553423000.0,1126001000,0,0.0,24962923000.0,11787770000.0,13175153000.0,58,26,12,,,1.46,344243150.7,1138670000.0,-330661000,2015-03-31,Welltower Inc.,Real Estate,REITs,"Toledo, Ohio",2009-01-30
HCN,2015-12-31,3775685000.0,1622257000.0,2153428000.0,1066626000,849073000,0,422690000.0,1921360000,0,0.0,29023845000.0,14433285000.0,14590560000.0,57,28,17,,,2.35,361307659.6,1373468000.0,-432313000,2016-03-30,Welltower Inc.,Real Estate,REITs,"Toledo, Ohio",2009-01-30
HCP,2013-12-31,2013719000.0,0.0,2013719000.0,1182892000,970837000,0,337785000.0,393495000,0,0.0,20075870000.0,9352570000.0,10723300000.0,100,59,42,,,2.13,455792018.8,1148987000.0,-194995000,2014-03-31,HCP Inc.,Real Estate,REITs,"Long Beach, California",2008-03-31
HCP,2014-12-31,1563210000.0,0.0,1563210000.0,627993000,922233000,0,232786000.0,943300000,0,0.0,21331436000.0,10596139000.0,10735297000.0,100,40,18,,,2.01,458822388.1,1248621000.0,-681983000,2015-03-31,HCP Inc.,Real Estate,REITs,"Long Beach, California",2008-03-31
HCP,2015-12-31,1828305000.0,0.0,1828305000.0,481098000,-559235000,0,386532000.0,817672000,0,0.0,21449849000.0,12106206000.0,9343643000.0,100,26,7,,,-1.21,462177686.0,1222145000.0,-894269000,2016-03-30,HCP Inc.,Real Estate,REITs,"Long Beach, California",2008-03-31
HCP,2016-12-31,2040486000.0,0.0,2040486000.0,620547000,627747000,0,136990000.0,853070000,0,0.0,15759265000.0,10211670000.0,5547595000.0,100,30,18,,,,,1214131000.0,-888484000,2017-03-31,HCP Inc.,Real Estate,REITs,"Long Beach, California",2008-03-31
HD,2013-02-03,74754000000.0,48912000000.0,25842000000.0,7766000000,4535000000,0,2494000000.0,1395000000,10710000000,15372000000.0,41084000000.0,23307000000.0,17777000000.0,35,10,10,134.0,41.0,3.03,1496699670.0,6975000000.0,-1312000000,2013-05-04,Home Depot,Consumer Discretionary,Home Improvement Retail,"Atlanta, Georgia",1988-03-31
HD,2014-02-02,78812000000.0,51897000000.0,26915000000.0,9166000000,5385000000,0,1929000000.0,1398000000,11057000000,15279000000.0,40518000000.0,27996000000.0,12522000000.0,34,12,11,142.0,39.0,3.78,1424603175.0,7628000000.0,-1389000000,2014-05-03,Home Depot,Consumer Discretionary,Home Improvement Retail,"Atlanta, Georgia",1988-03-31
HD,2015-02-01,83176000000.0,54787000000.0,28389000000.0,10469000000,6345000000,0,1723000000.0,1484000000,11079000000,15302000000.0,39946000000.0,30624000000.0,9322000000.0,34,13,12,136.0,37.0,4.74,1338607595.0,8242000000.0,-1442000000,2015-05-02,Home Depot,Consumer Discretionary,Home Improvement Retail,"Atlanta, Georgia",1988-03-31
HD,2016-01-31,88519000000.0,58254000000.0,30265000000.0,11774000000,7009000000,0,2216000000.0,1890000000,11809000000,16993000000.0,42549000000.0,36233000000.0,6316000000.0,34,13,12,136.0,41.0,5.49,1276684882.0,9373000000.0,-1503000000,2016-04-30,Home Depot,Consumer Discretionary,Home Improvement Retail,"Atlanta, Georgia",1988-03-31
HES,2012-12-31,12245000000.0,3535000000.0,8710000000.0,3066000000,2025000000,0,642000000.0,4338000000,1259000000,8387000000.0,43441000000.0,22351000000.0,21090000000.0,71,25,27,100.0,85.0,5.98,338628762.5,5660000000.0,-7682000000,2013-03-31,Hess Corporation,Energy,Integrated Oil & Gas,"New York, New York",1984-05-31
HES,2013-12-31,11905000000.0,3969000000.0,7936000000.0,2884000000,5052000000,0,1814000000.0,3525000000,954000000,8599000000.0,42754000000.0,18034000000.0,24720000000.0,67,24,39,131.0,117.0,15.01,336575616.3,5098000000.0,-5937000000,2014-03-31,Hess Corporation,Energy,Integrated Oil & Gas,"New York, New York",1984-05-31
HES,2014-12-31,10737000000.0,3753000000.0,6984000000.0,2057000000,2317000000,0,2444000000.0,2073000000,527000000,6313000000.0,38407000000.0,16202000000.0,22205000000.0,65,19,23,130.0,119.0,7.63,303669724.8,4457000000.0,-5214000000,2015-03-31,Hess Corporation,Energy,Integrated Oil & Gas,"New York, New York",1984-05-31
HES,2015-12-31,6636000000.0,3323000000.0,3313000000.0,-3842000000,-3056000000,0,2716000000.0,1159000000,399000000,4404000000.0,34195000000.0,14809000000.0,19386000000.0,50,58,64,168.0,152.0,-10.78,283487940.6,1981000000.0,-4321000000,2016-03-30,Hess Corporation,Energy,Integrated Oil & Gas,"New York, New York",1984-05-31
HIG,2012-12-31,22086000000.0,13195000000.0,8891000000.0,-89000000,-38000000,0,2421000000.0,8208000000,0,0.0,299000000000.0,276000000000.0,22447000000.0,40,0,0,,,-0.18,211111111.1,2681000000.0,-66000000,2013-03-31,Hartford Financial Svc.Gp.,Financials,Property & Casualty Insurance,"Hartford, Connecticut",
HIG,2013-12-31,20673000000.0,11048000000.0,9625000000.0,1471000000,176000000,0,1428000000.0,26795000000,0,0.0,278000000000.0,259000000000.0,18905000000.0,47,7,7,,,0.37,475675675.7,1237000000.0,-64000000,2014-03-31,Hartford Financial Svc.Gp.,Financials,Property & Casualty Insurance,"Hartford, Connecticut",
HIG,2014-12-31,18614000000.0,10805000000.0,7809000000.0,1699000000,798000000,0,399000000.0,26349000000,0,0.0,245000000000.0,226000000000.0,18720000000.0,42,9,9,,,1.81,440883977.9,1886000000.0,-121000000,2015-03-31,Hartford Financial Svc.Gp.,Financials,Property & Casualty Insurance,"Hartford, Connecticut",
HIG,2015-12-31,18377000000.0,10775000000.0,7602000000.0,1978000000,1682000000,0,448000000.0,26726000000,0,0.0,228000000000.0,211000000000.0,17642000000.0,41,11,11,,,4.05,415308642.0,2756000000.0,-307000000,2016-03-30,Hartford Financial Svc.Gp.,Financials,Property & Casualty Insurance,"Hartford, Connecticut",
HOG,2012-12-31,5580506000.0,3440623000.0,2139883000.0,1000176000,623925000,0,1256146000.0,2083977000,393524000,4050936000.0,9170773000.0,6613149000.0,2557624000.0,38,18,17,270.0,243.0,2.75,226881818.2,801458000.0,-189002000,2013-03-31,Harley-Davidson,Consumer Discretionary,Motorcycle Manufacturers,"Milwaukee, Wisconsin",
HOG,2013-12-31,5899872000.0,3621417000.0,2278455000.0,1153702000,733993000,0,1211419000.0,2138376000,424507000,3988803000.0,9405040000.0,6395554000.0,3009486000.0,39,20,19,159.0,142.0,3.3,222422121.2,977093000.0,-208321000,2014-03-31,Harley-Davidson,Consumer Discretionary,Motorcycle Manufacturers,"Milwaukee, Wisconsin",
HOG,2014-12-31,6228508000.0,3788023000.0,2440485000.0,1280983000,844611000,0,1005307000.0,2254172000,448871000,3948095000.0,9528097000.0,6618811000.0,2909286000.0,39,21,21,165.0,146.0,3.9,216566923.1,1146677000.0,-232319000,2015-03-31,Harley-Davidson,Consumer Discretionary,Motorcycle Manufacturers,"Milwaukee, Wisconsin",
HOG,2015-12-31,5995402000.0,3619612000.0,2375790000.0,1155695000,752207000,0,810476000.0,2403756000,585907000,3983154000.0,9991167000.0,8151513000.0,1839654000.0,40,19,19,145.0,123.0,3.71,202751212.9,1100118000.0,-259974000,2016-03-30,Harley-Davidson,Consumer Discretionary,Motorcycle Manufacturers,"Milwaukee, Wisconsin",
HOLX,2013-09-28,2492300000.0,1330900000.0,1161400000.0,-906200000,-1172800000,197600000,829400000.0,409300000,289400000,1624200000.0,9000800000.0,7059300000.0,1941500000.0,47,36,48,149.0,123.0,-4.36,268990825.7,493800000.0,-90100000,2013-12-27,Hologic,Health Care,Health Care Equipment,"Marlborough, Massachusetts",2016-03-30
HOLX,2014-09-27,2530700000.0,1285200000.0,1245500000.0,279700000,17300000,203200000,741600000.0,435400000,330600000,1565800000.0,8414700000.0,6351700000.0,2063000000.0,49,11,2,253.0,199.0,0.06,288333333.3,508400000.0,-80200000,2014-12-26,Hologic,Health Care,Health Care Equipment,"Marlborough, Massachusetts",2016-03-30
HOLX,2015-09-26,2705000000.0,1272300000.0,1432700000.0,455100000,131600000,214900000,492700000.0,435100000,283100000,1265800000.0,7642500000.0,5563300000.0,2079200000.0,53,17,7,134.0,104.0,0.47,280000000.0,786100000.0,-89400000,2015-12-25,Hologic,Health Care,Health Care Equipment,"Marlborough, Massachusetts",2016-03-30
HOLX,2016-09-24,2832700000.0,1269400000.0,1563300000.0,548600000,330800000,232100000,548400000.0,447000000,274700000,1326600000.0,7317000000.0,5174300000.0,2142700000.0,55,19,15,147.0,117.0,1.18,280338983.1,787200000.0,-94500000,2016-12-23,Hologic,Health Care,Health Care Equipment,"Marlborough, Massachusetts",2016-03-30
HON,2013-12-31,39055000000.0,28364000000.0,10691000000.0,5501000000,3924000000,0,6422000000.0,8778000000,4293000000,21164000000.0,45435000000.0,27968000000.0,17467000000.0,27,14,14,149.0,119.0,4.99,786372745.5,4335000000.0,-947000000,2014-03-31,Honeywell Int'l Inc.,Industrials,Industrial Conglomerates,"Morristown, New Jersey",1964-03-31
HON,2014-12-31,40306000000.0,28957000000.0,11349000000.0,5831000000,4239000000,0,6959000000.0,8682000000,4405000000,22191000000.0,45451000000.0,27794000000.0,17657000000.0,28,14,14,150.0,120.0,5.4,785000000.0,5080000000.0,-1094000000,2015-03-31,Honeywell Int'l Inc.,Industrials,Industrial Conglomerates,"Morristown, New Jersey",1964-03-31
HON,2015-12-31,38581000000.0,26747000000.0,11834000000.0,6828000000,4768000000,0,5455000000.0,8075000000,4420000000,20053000000.0,49316000000.0,31033000000.0,18283000000.0,31,18,17,109.0,85.0,6.11,780360065.5,5519000000.0,-1073000000,2016-03-30,Honeywell Int'l Inc.,Industrials,Industrial Conglomerates,"Morristown, New Jersey",1964-03-31
HON,2016-12-31,39302000000.0,27150000000.0,12152000000.0,6683000000,4809000000,0,7843000000.0,8818000000,4366000000,23058000000.0,54146000000.0,34777000000.0,19369000000.0,31,17,16,141.0,114.0,,,5498000000.0,-1095000000,2017-03-31,Honeywell Int'l Inc.,Industrials,Industrial Conglomerates,"Morristown, New Jersey",1964-03-31
HP,2013-09-30,3387614000.0,1852768000.0,1534846000.0,956661000,736639000,15235000,447868000.0,637834000,88866000,1258211000.0,6264827000.0,1821100000.0,4443727000.0,45,28,33,278.0,259.0,6.89,106914223.5,997185000.0,-809066000,2013-12-29,Helmerich & Payne,Energy,Oil & Gas Drilling,"Tulsa, Oklahoma[5]",
HP,2014-09-30,3715968000.0,2006715000.0,1709253000.0,1053174000,706563000,15905000,360909000.0,721733000,106241000,1277001000.0,6720998000.0,1830021000.0,4890977000.0,46,28,29,252.0,231.0,6.54,108037156.0,1129082000.0,-951536000,2014-12-29,Helmerich & Payne,Energy,Oil & Gas Drilling,"Tulsa, Oklahoma[5]",
HP,2015-09-30,3161702000.0,1703476000.0,1458226000.0,671963000,420427000,16104000,729384000.0,463154000,128541000,1439194000.0,7147242000.0,2251396000.0,4895846000.0,46,21,21,413.0,376.0,3.9,107801794.9,1428574000.0,-1131445000,2015-12-29,Helmerich & Payne,Energy,Oil & Gas Drilling,"Tulsa, Oklahoma[5]",
HP,2016-09-30,1624232000.0,898805000.0,725427000.0,-25966000,-56828000,10269000,905561000.0,375169000,124325000,1572686000.0,6832019000.0,2271094000.0,4560925000.0,45,2,4,476.0,439.0,-0.54,105237037.0,753597000.0,-257169000,2016-12-29,Helmerich & Payne,Energy,Oil & Gas Drilling,"Tulsa, Oklahoma[5]",
HPE,2014-10-31,55123000000.0,39486000000.0,15637000000.0,2335000000,1648000000,2197000000,2319000000.0,11397000000,1884000000,22031000000.0,65071000000.0,28295000000.0,36776000000.0,28,4,4,111.0,102.0,,,6911000000.0,-3620000000,2015-01-29,Hewlett Packard Enterprise,Information Technology,"Technology Hardware, Storage & Peripherals","Palo Alto, California",2015-11-02
HPE,2015-10-31,52107000000.0,37168000000.0,14939000000.0,1523000000,2461000000,2338000000,9842000000.0,11456000000,2198000000,29964000000.0,79916000000.0,46381000000.0,33535000000.0,29,3,3,136.0,126.0,,,3661000000.0,-3344000000,2016-01-29,Hewlett Packard Enterprise,Information Technology,"Technology Hardware, Storage & Peripherals","Palo Alto, California",2015-11-02
HPE,2016-10-31,50123000000.0,35507000000.0,14616000000.0,4150000000,3161000000,2298000000,12987000000.0,9832000000,1774000000,28917000000.0,79679000000.0,48231000000.0,31448000000.0,29,8,8,128.0,120.0,1.84,1717934783.0,4958000000.0,-3280000000,2017-01-29,Hewlett Packard Enterprise,Information Technology,"Technology Hardware, Storage & Peripherals","Palo Alto, California",2015-11-02
HPQ,2013-10-31,112000000000.0,86380000000.0,25918000000.0,7131000000,5113000000,3135000000,12163000000.0,19020000000,6046000000,50364000000.0,106000000000.0,78407000000.0,27269000000.0,23,6,6,111.0,97.0,2.64,1936742424.0,11608000000.0,-3199000000,2014-01-29,HP Inc.,Information Technology,Computer Hardware,"Palo Alto, California",1974-12-31
HPQ,2014-10-31,56651000000.0,45431000000.0,11220000000.0,4256000000,5013000000,1298000000,15133000000.0,16778000000,6415000000,50145000000.0,103000000000.0,76475000000.0,26731000000.0,20,8,7,115.0,100.0,2.66,1884586466.0,12333000000.0,-3853000000,2015-01-29,HP Inc.,Information Technology,Computer Hardware,"Palo Alto, California",1974-12-31
HPQ,2015-10-31,51463000000.0,41524000000.0,9939000000.0,3920000000,4554000000,1191000000,7584000000.0,4825000000,4288000000,51787000000.0,107000000000.0,79114000000.0,27768000000.0,19,8,7,123.0,113.0,,,6490000000.0,-3603000000,2016-01-29,HP Inc.,Information Technology,Computer Hardware,"Palo Alto, California",1974-12-31
HPQ,2016-10-31,48238000000.0,39240000000.0,8998000000.0,3549000000,2496000000,1209000000,6288000000.0,4114000000,4484000000,18468000000.0,29010000000.0,32899000000.0,-3889000000.0,19,7,8,98.0,74.0,1.44,1733333333.0,3230000000.0,-433000000,2017-01-29,HP Inc.,Information Technology,Computer Hardware,"Palo Alto, California",1974-12-31
HRB,2013-04-30,2807114000.0,1123773000.0,1683341000.0,672154000,433948000,0,1865421000.0,206835000,0,2462343000.0,4537779000.0,3274232000.0,1263547000.0,60,24,25,122.0,122.0,1.59,272923270.4,497108000.0,-113239000,2013-07-29,Block H&R,Financials,Consumer Finance,"Kansas City, Missouri",1986-11-30
HRB,2014-04-30,3024295000.0,1179405000.0,1844890000.0,818490000,475157000,0,2300626000.0,326945000,0,3114006000.0,4693529000.0,3136980000.0,1556549000.0,61,27,25,135.0,135.0,1.73,274657225.4,809581000.0,-147011000,2014-07-29,Block H&R,Financials,Consumer Finance,"Kansas City, Missouri",1986-11-30
HRB,2015-04-30,3078658000.0,1231104000.0,1847554000.0,794666000,473663000,0,2099162000.0,342231000,0,2951301000.0,4515420000.0,2682471000.0,1832949000.0,60,26,24,157.0,157.0,1.72,275385465.1,626608000.0,-123158000,2015-07-29,Block H&R,Financials,Consumer Finance,"Kansas City, Missouri",1986-11-30
HRB,2016-04-30,3038153000.0,1250320000.0,1787833000.0,633192000,374267000,0,1000911000.0,153116000,0,1222298000.0,2857775000.0,2834672000.0,23103000.0,59,21,19,118.0,118.0,1.5,249511333.3,532394000.0,-99923000,2016-07-29,Block H&R,Financials,Consumer Finance,"Kansas City, Missouri",1986-11-30
HRL,2013-10-27,8751654000.0,7338838000.0,1412816000.0,805989000,526211000,0,434014000.0,625043000,967977000,2047413000.0,4915880000.0,1604840000.0,3311040000.0,16,9,9,261.0,138.0,1.99,264427638.2,637805000.0,-106762000,2014-01-25,Hormel Foods Corp.,Consumer Staples,Packaged Foods & Meats,"Austin, Minnesota",2009-03-04
HRL,2014-10-26,9316256000.0,7751273000.0,1564983000.0,931620000,602677000,0,334174000.0,722057000,1054552000,2132771000.0,5455619000.0,1849941000.0,3605678000.0,17,10,10,223.0,113.0,2.28,264332017.5,746879000.0,-159138000,2015-01-24,Hormel Foods Corp.,Consumer Staples,Packaged Foods & Meats,"Austin, Minnesota",2009-03-04
HRL,2015-10-31,9263863000.0,7455282000.0,1808581000.0,1067320000,686088000,0,347239000.0,698723000,993265000,2063032000.0,6139831000.0,2141633000.0,3998198000.0,20,12,11,170.0,88.0,,,991992000.0,-144063000,2016-01-29,Hormel Foods Corp.,Consumer Staples,Packaged Foods & Meats,"Austin, Minnesota",2009-03-04
HRL,2016-10-30,9523224000.0,7365049000.0,2158175000.0,1323895000,890052000,0,415143000.0,609592000,985683000,2029912000.0,6370067000.0,1922061000.0,4448006000.0,23,14,14,193.0,99.0,0.46,1934895652.0,992848000.0,-255524000,2017-01-28,Hormel Foods Corp.,Consumer Staples,Packaged Foods & Meats,"Austin, Minnesota",2009-03-04
HRS,2013-06-28,5112000000.0,3385000000.0,1727000000.0,813000000,113000000,0,321000000.0,854200000,668700000,1948100000.0,4858400000.0,3297200000.0,1561300000.0,34,16,13,150.0,99.0,1.01,111881188.1,833000000.0,-165000000,2013-09-26,Harris Corporation,Information Technology,Telecommunications Equipment,"Melbourne, Florida",2008-09-22
HRS,2014-06-27,5012000000.0,3310000000.0,1702000000.0,882000000,535000000,0,561000000.0,706000000,619000000,1991000000.0,4919000000.0,3094000000.0,1826000000.0,34,18,16,179.0,123.0,5.0,107000000.0,849000000.0,-201000000,2014-09-25,Harris Corporation,Information Technology,Telecommunications Equipment,"Melbourne, Florida",2008-09-22
HRS,2015-07-03,5083000000.0,3348000000.0,1735000000.0,713000000,334000000,0,481000000.0,1255000000,1015000000,3183000000.0,13127000000.0,9725000000.0,3397000000.0,34,14,9,140.0,95.0,3.15,106031746.0,854000000.0,-148000000,2015-10-01,Harris Corporation,Information Technology,Telecommunications Equipment,"Melbourne, Florida",2008-09-22
HRS,2016-07-01,7467000000.0,5132000000.0,2335000000.0,782000000,324000000,0,487000000.0,999000000,964000000,2608000000.0,11996000000.0,8939000000.0,3056000000.0,31,10,8,133.0,84.0,2.61,124137931.0,924000000.0,-152000000,2016-09-29,Harris Corporation,Information Technology,Telecommunications Equipment,"Melbourne, Florida",2008-09-22
HSIC,2012-12-29,8939967000.0,6432454000.0,2507513000.0,618961000,388076000,0,122080000.0,1079243000,1203507000,2704377000.0,5333997000.0,2720412000.0,2613585000.0,28,7,7,184.0,102.0,4.44,87404504.5,408099000.0,-51237000,2013-03-29,Henry Schein,Health Care,Health Care Distributors,"Melville, New York",2015-03-17
HSIC,2013-12-28,9560647000.0,6904633000.0,2656014000.0,677054000,431554000,0,188616000.0,1119081000,1250403000,2834665000.0,5624636000.0,2839439000.0,2785197000.0,28,7,7,183.0,102.0,5.02,85966932.27,664175000.0,-60215000,2014-03-28,Henry Schein,Health Care,Health Care Distributors,"Melville, New York",2015-03-17
HSIC,2014-12-27,10371390000.0,7460075000.0,2911315000.0,715142000,466077000,0,89474000.0,1184108000,1327796000,2913166000.0,6138807000.0,3325213000.0,2813594000.0,28,7,7,164.0,89.0,5.53,84281555.15,592504000.0,-82116000,2015-03-27,Henry Schein,Health Care,Health Care Distributors,"Melville, New York",2015-03-17
HSIC,2015-12-26,10629719000.0,7617460000.0,3012259000.0,733972000,479058000,0,72086000.0,1287975000,1509957000,3231100000.0,6504740000.0,3620484000.0,2884256000.0,28,7,7,150.0,80.0,5.78,82882006.92,586841000.0,-71684000,2016-03-25,Henry Schein,Health Care,Health Care Distributors,"Melville, New York",2015-03-17
HST,2012-12-31,5059000000.0,1885000000.0,3174000000.0,362000000,61000000,0,453000000.0,0,0,453000000.0,12994000000.0,6169000000.0,6825000000.0,63,7,0,80.0,80.0,0.08,762500000.0,781000000.0,-350000000,2013-03-31,Host Hotels & Resorts,Real Estate,REITs,"Bethesda, Maryland",2007-03-20
HST,2013-12-31,5166000000.0,1989000000.0,3177000000.0,512000000,317000000,0,893000000.0,0,0,893000000.0,12814000000.0,5586000000.0,7228000000.0,61,10,4,148.0,148.0,0.16,1981250000.0,1019000000.0,-326000000,2014-03-31,Host Hotels & Resorts,Real Estate,REITs,"Bethesda, Maryland",2007-03-20
HST,2014-12-31,5354000000.0,2033000000.0,3321000000.0,710000000,732000000,0,684000000.0,0,0,684000000.0,12172000000.0,4836000000.0,7336000000.0,62,13,14,110.0,110.0,0.34,2152941176.0,1150000000.0,-306000000,2015-03-31,Host Hotels & Resorts,Real Estate,REITs,"Bethesda, Maryland",2007-03-20
HST,2015-12-31,5387000000.0,2012000000.0,3375000000.0,650000000,558000000,0,254000000.0,0,0,254000000.0,11784000000.0,4720000000.0,7064000000.0,63,12,11,47.0,47.0,0.22,2536363636.0,1171000000.0,-397000000,2016-03-30,Host Hotels & Resorts,Real Estate,REITs,"Bethesda, Maryland",2007-03-20
HSY,2012-12-31,6644252000.0,3784370000.0,2859882000.0,1111148000,660931000,0,728272000.0,583607000,633262000,2113485000.0,4754839000.0,3718090000.0,1036749000.0,43,17,15,144.0,101.0,,,1094827000.0,-258727000,2013-03-31,The Hershey Company,Consumer Staples,Packaged Foods & Meats,"Hershey, Pennsylvania",
HSY,2013-12-31,7146079000.0,3865231000.0,3280848000.0,1338051000,820470000,0,1118508000.0,530423000,659541000,2487334000.0,5357488000.0,3752654000.0,1604834000.0,46,19,18,177.0,130.0,,,1191399000.0,-323551000,2014-03-31,The Hershey Company,Consumer Staples,Packaged Foods & Meats,"Hershey, Pennsylvania",
HSY,2014-12-31,7421768000.0,4085602000.0,3336166000.0,1392261000,846912000,0,374854000.0,697455000,801036000,2247047000.0,5622870000.0,4167808000.0,1455062000.0,45,19,18,116.0,75.0,,,844377000.0,-345947000,2015-03-31,The Hershey Company,Consumer Staples,Packaged Foods & Meats,"Hershey, Pennsylvania",
HSY,2015-12-31,7386626000.0,4003951000.0,3382675000.0,1037759000,512951000,0,346529000.0,599073000,750970000,1848598000.0,5344371000.0,4346374000.0,997997000.0,46,14,12,83.0,49.0,,,1214456000.0,-329707000,2016-03-30,The Hershey Company,Consumer Staples,Packaged Foods & Meats,"Hershey, Pennsylvania",
HUM,2013-12-31,41313000000.0,32564000000.0,8749000000.0,2061000000,1231000000,0,1138000000.0,950000000,0,0.0,20735000000.0,11419000000.0,9316000000.0,21,5,5,,,7.81,157618437.9,1716000000.0,-441000000,2014-03-31,Humana Inc.,Health Care,Managed Health Care,"Louisville, Kentucky",
HUM,2014-12-31,48500000000.0,38166000000.0,10334000000.0,2362000000,1147000000,0,1935000000.0,1053000000,0,0.0,23527000000.0,13881000000.0,9646000000.0,21,5,4,,,7.44,154166666.7,1618000000.0,-528000000,2015-03-31,Humana Inc.,Health Care,Managed Health Care,"Louisville, Kentucky",
HUM,2015-12-31,54289000000.0,44269000000.0,10020000000.0,2347000000,1276000000,0,2571000000.0,1161000000,0,0.0,24678000000.0,14332000000.0,10346000000.0,18,4,4,,,8.54,149414519.9,868000000.0,-523000000,2016-03-30,Humana Inc.,Health Care,Managed Health Care,"Louisville, Kentucky",
HUM,2016-12-31,54379000000.0,45007000000.0,9372000000.0,1741000000,614000000,0,3877000000.0,1280000000,0,0.0,25396000000.0,14711000000.0,10685000000.0,17,3,3,,,,,1936000000.0,-527000000,2017-03-31,Humana Inc.,Health Care,Managed Health Care,"Louisville, Kentucky",
IBM,2012-12-31,103000000000.0,52513000000.0,50361000000.0,22156000000,16604000000,5816000000,10412000000.0,31993000000,2287000000,49433000000.0,119000000000.0,100000000000.0,18860000000.0,49,22,22,113.0,108.0,14.53,1142739160.0,19586000000.0,-4082000000,2013-03-31,International Business Machines,Information Technology,IT Consulting & Other Services,"Armonk, New York",
IBM,2013-12-31,98367000000.0,49683000000.0,48684000000.0,20312000000,16483000000,5743000000,10716000000.0,33487000000,2310000000,51350000000.0,126000000000.0,103000000000.0,22792000000.0,49,21,21,128.0,122.0,15.06,1094488712.0,17485000000.0,-3623000000,2014-03-31,International Business Machines,Information Technology,IT Consulting & Other Services,"Armonk, New York",
IBM,2014-12-31,92793000000.0,46386000000.0,46407000000.0,18532000000,12022000000,5437000000,8476000000.0,31831000000,2103000000,47377000000.0,117000000000.0,105000000000.0,11868000000.0,50,20,22,120.0,114.0,11.97,1004344194.0,16868000000.0,-3740000000,2015-03-31,International Business Machines,Information Technology,IT Consulting & Other Services,"Armonk, New York",
IBM,2015-12-31,81741000000.0,41057000000.0,40684000000.0,15689000000,13190000000,5247000000,7686000000.0,28554000000,1551000000,42504000000.0,110000000000.0,96233000000.0,14262000000.0,50,19,20,124.0,120.0,13.48,978486646.9,17008000000.0,-3579000000,2016-03-30,International Business Machines,Information Technology,IT Consulting & Other Services,"Armonk, New York",
IDXX,2012-12-31,1293338000.0,594190000.0,699148000.0,262563000,178267000,82014000,223986000.0,166038000,140946000,569537000.0,1103602000.0,467379000.0,636223000.0,54,20,20,140.0,105.0,3.24,55020679.01,222408000.0,-57618000,2013-03-31,IDEXX Laboratories,Health Care,Health Care Equipment,"Westbrook, Maine",2017-01-05
IDXX,2013-12-31,1377058000.0,620940000.0,756118000.0,266762000,187800000,88003000,279058000.0,191264000,133427000,652706000.0,1230516000.0,712330000.0,518186000.0,55,19,19,136.0,109.0,3.53,53201133.14,245996000.0,-77612000,2014-03-31,IDEXX Laboratories,Health Care,Health Care Equipment,"Westbrook, Maine",2017-01-05
IDXX,2014-12-31,1485807000.0,669691000.0,816116000.0,260255000,181906000,98263000,322536000.0,190069000,160342000,759398000.0,1384211000.0,1266695000.0,117516000.0,55,18,17,93.0,73.0,3.63,50111845.73,235846000.0,-60523000,2015-03-31,IDEXX Laboratories,Health Care,Health Care Equipment,"Westbrook, Maine",2017-01-05
IDXX,2015-12-31,1601892000.0,711622000.0,890270000.0,299912000,192078000,99681000,128994000.0,228147000,188833000,821634000.0,1474993000.0,1559118000.0,-84125000.0,56,19,17,96.0,74.0,2.07,92791304.35,216364000.0,-82921000,2016-03-30,IDEXX Laboratories,Health Care,Health Care Equipment,"Westbrook, Maine",2017-01-05
IFF,2012-12-31,2821446000.0,1645912000.0,1175534000.0,486618000,254134000,233713000,324422000.0,565206000,540658000,1572687000.0,3246192000.0,1993637000.0,1248808000.0,42,17,16,250.0,164.0,3.11,81715112.54,323796000.0,-126140000,2013-03-31,Intl Flavors & Fragrances,Materials,Specialty Chemicals,"New York, New York",1976-03-31
IFF,2013-12-31,2952896000.0,1668691000.0,1284205000.0,516339000,353544000,259838000,405505000.0,564682000,533806000,1652903000.0,3331731000.0,1864680000.0,1463072000.0,43,17,16,295.0,200.0,4.32,81838888.89,407562000.0,-134157000,2014-03-31,Intl Flavors & Fragrances,Materials,Specialty Chemicals,"New York, New York",1976-03-31
IFF,2014-12-31,3088533000.0,1726383000.0,1362150000.0,592321000,414543000,253640000,478573000.0,521477000,568729000,1710027000.0,3494621000.0,1971932000.0,1518561000.0,44,19,18,330.0,220.0,5.09,81442632.61,518390000.0,-143182000,2015-03-31,Intl Flavors & Fragrances,Materials,Specialty Chemicals,"New York, New York",1976-03-31
IFF,2015-12-31,3023189000.0,1671590000.0,1351599000.0,588347000,419247000,246101000,181988000.0,537896000,589019000,1455884000.0,3721454000.0,2126464000.0,1590318000.0,45,19,18,196.0,117.0,5.19,80779768.79,433578000.0,-101030000,2016-03-30,Intl Flavors & Fragrances,Materials,Specialty Chemicals,"New York, New York",1976-03-31
ILMN,2013-12-29,1421178000.0,509291000.0,911887000.0,134107000,125308000,276743000,711637000.0,275022000,154099000,1617535000.0,3019006000.0,1485804000.0,1533202000.0,64,9,11,502.0,454.0,1.0,125308000.0,386421000.0,-79215000,2014-03-29,Illumina Inc,Health Care,Life Sciences Tools & Services,"San Diego, California",2015-11-19
ILMN,2014-12-28,1861358000.0,563648000.0,1297710000.0,514711000,353351000,388055000,636154000.0,330244000,191144000,1889603000.0,3339640000.0,1876842000.0,1462798000.0,70,28,24,262.0,235.0,2.61,135383524.9,501271000.0,-105996000,2015-03-28,Illumina Inc,Health Care,Life Sciences Tools & Services,"San Diego, California",2015-11-19
ILMN,2016-01-03,2219762000.0,670472000.0,1549290000.0,612841000,461559000,401527000,768770000.0,385529000,270777000,2096823000.0,3687747000.0,1839194000.0,1848553000.0,70,28,26,343.0,299.0,3.19,144689341.7,659596000.0,-142847000,2016-04-02,Illumina Inc,Health Care,Life Sciences Tools & Services,"San Diego, California",2015-11-19
ILMN,2017-01-01,2398373000.0,731925000.0,1666448000.0,587032000,462649000,504415000,734516000.0,381316000,300170000,2318091000.0,4280600000.0,2083371000.0,2197229000.0,69,24,23,329.0,286.0,,,687238000.0,-259891000,2017-04-01,Illumina Inc,Health Care,Life Sciences Tools & Services,"San Diego, California",2015-11-19
INTC,2013-12-28,52708000000.0,21187000000.0,31521000000.0,12291000000,9620000000,10611000000,5674000000.0,6176000000,4172000000,32084000000.0,92358000000.0,34102000000.0,58256000000.0,60,23,24,236.0,206.0,1.94,4958762887.0,20776000000.0,-10711000000,2014-03-28,Intel Corp.,Information Technology,Semiconductors,"Santa Clara, California",1976-12-31
INTC,2014-12-27,55870000000.0,20261000000.0,35609000000.0,15347000000,11704000000,11537000000,2561000000.0,6385000000,4273000000,27730000000.0,91900000000.0,36035000000.0,55865000000.0,64,27,28,173.0,147.0,2.39,4897071130.0,20418000000.0,-10105000000,2015-03-27,Intel Corp.,Information Technology,Semiconductors,"Santa Clara, California",1976-12-31
INTC,2015-12-26,55355000000.0,20676000000.0,34679000000.0,14002000000,11420000000,12128000000,15308000000.0,4787000000,5167000000,38320000000.0,101000000000.0,40374000000.0,61085000000.0,63,25,26,245.0,212.0,2.41,4738589212.0,19017000000.0,-7326000000,2016-03-25,Intel Corp.,Information Technology,Semiconductors,"Santa Clara, California",1976-12-31
INTC,2016-12-31,59387000000.0,23196000000.0,36191000000.0,12874000000,10316000000,12740000000,5560000000.0,4690000000,5553000000,35508000000.0,113000000000.0,47101000000.0,66226000000.0,61,22,22,175.0,148.0,,,21808000000.0,-9625000000,2017-03-31,Intel Corp.,Information Technology,Semiconductors,"Santa Clara, California",1976-12-31
INTU,2013-07-31,3946000000.0,527000000.0,3419000000.0,1208000000,858000000,647000000,1009000000.0,358000000,0,2396000000.0,5486000000.0,1955000000.0,3531000000.0,87,31,30,187.0,187.0,2.89,296885813.1,1366000000.0,-129000000,2013-10-29,Intuit Inc.,Information Technology,Internet Software & Services,"Mountain View, California",2000-12-05
INTU,2014-07-31,4243000000.0,603000000.0,3640000000.0,1300000000,907000000,714000000,849000000.0,274000000,0,2621000000.0,5201000000.0,2123000000.0,3078000000.0,86,31,31,184.0,184.0,3.18,285220125.8,1446000000.0,-104000000,2014-10-29,Intuit Inc.,Information Technology,Internet Software & Services,"Mountain View, California",2000-12-05
INTU,2015-07-31,4192000000.0,695000000.0,3497000000.0,738000000,365000000,798000000,808000000.0,406000000,0,2560000000.0,4968000000.0,2636000000.0,2332000000.0,83,18,17,147.0,147.0,1.3,280769230.8,1504000000.0,-142000000,2015-10-29,Intuit Inc.,Information Technology,Internet Software & Services,"Mountain View, California",2000-12-05
INTU,2016-07-31,4694000000.0,730000000.0,3964000000.0,1242000000,979000000,881000000,638000000.0,128000000,0,1614000000.0,4250000000.0,3089000000.0,1161000000.0,84,26,26,72.0,72.0,3.73,262466487.9,1401000000.0,-416000000,2016-10-29,Intuit Inc.,Information Technology,Internet Software & Services,"Mountain View, California",2000-12-05
IP,2012-12-31,21852000000.0,15287000000.0,6565000000.0,1724000000,794000000,0,1302000000.0,3885000000,2730000000,8905000000.0,32153000000.0,25849000000.0,6304000000.0,30,8,4,178.0,124.0,1.82,436263736.3,2967000000.0,0,2013-03-31,International Paper,Materials,Paper Packaging,"Memphis, Tennessee",
IP,2013-12-31,23483000000.0,16282000000.0,7201000000.0,1830000000,1395000000,0,1802000000.0,4058000000,2825000000,9025000000.0,31528000000.0,23423000000.0,8105000000.0,31,8,5,176.0,121.0,3.15,442857142.9,3028000000.0,0,2014-03-31,International Paper,Materials,Paper Packaging,"Memphis, Tennessee",
IP,2014-12-31,23617000000.0,16254000000.0,7363000000.0,1517000000,555000000,0,1881000000.0,3414000000,2424000000,7959000000.0,28684000000.0,23569000000.0,5115000000.0,31,6,4,162.0,113.0,1.3,426923076.9,3077000000.0,0,2015-03-31,International Paper,Materials,Paper Packaging,"Memphis, Tennessee",
IP,2015-12-31,22365000000.0,15468000000.0,6897000000.0,1995000000,938000000,0,1050000000.0,2987000000,2228000000,6477000000.0,30587000000.0,26703000000.0,3884000000.0,31,9,6,165.0,108.0,2.25,416888888.9,2580000000.0,0,2016-03-30,International Paper,Materials,Paper Packaging,"Memphis, Tennessee",
IPG,2012-12-31,6956200000.0,0.0,6956200000.0,678300000,446700000,0,2574800000.0,5815400000,0,8738300000.0,13493900000.0,11073300000.0,2420600000.0,100,10,10,113.0,113.0,1.01,442277227.7,357200000.0,-169200000,2013-03-31,Interpublic Group,Consumer Discretionary,Advertising,"New York, New York",1992-10-01
IPG,2013-12-31,7122300000.0,0.0,7122300000.0,598300000,267900000,0,1636800000.0,6101800000,0,8084000000.0,12905000000.0,10689800000.0,2215200000.0,100,8,7,99.0,99.0,0.62,432096774.2,592900000.0,-173000000,2014-03-31,Interpublic Group,Consumer Discretionary,Advertising,"New York, New York",1992-10-01
IPG,2014-12-31,7537100000.0,0.0,7537100000.0,788400000,477100000,0,1660600000.0,5800800000,0,7810200000.0,12736600000.0,10620300000.0,2116300000.0,100,10,10,105.0,105.0,1.14,418508771.9,669500000.0,-148700000,2015-03-31,Interpublic Group,Consumer Discretionary,Advertising,"New York, New York",1992-10-01
IPG,2015-12-31,7613800000.0,0.0,7613800000.0,871900000,454600000,0,1502900000.0,5955400000,0,7693100000.0,12585100000.0,10619600000.0,1965500000.0,100,11,10,101.0,101.0,1.11,409549549.6,674000000.0,-161100000,2016-03-30,Interpublic Group,Consumer Discretionary,Advertising,"New York, New York",1992-10-01
IRM,2012-12-31,3003955000.0,1277113000.0,1726842000.0,555466000,170922000,0,277027000.0,582352000,0,1024092000.0,6358339000.0,5208368000.0,1149971000.0,57,18,10,113.0,113.0,0.99,172648484.8,432736000.0,-240683000,2013-03-31,Iron Mountain Incorporated,Real Estate,REITs,"Boston, Massachusetts",2009-01-06
IRM,2013-12-31,3024623000.0,1288878000.0,1735745000.0,489247000,96462000,0,154386000.0,634420000,0,933607000.0,6653005000.0,5611767000.0,1041238000.0,57,16,5,96.0,96.0,0.51,189141176.5,507546000.0,-287295000,2014-03-31,Iron Mountain Incorporated,Real Estate,REITs,"Boston, Massachusetts",2009-01-06
IRM,2014-12-31,3117693000.0,1344636000.0,1773057000.0,549277000,326119000,0,159793000.0,618457000,0,917719000.0,6523265000.0,5666910000.0,856355000.0,57,18,7,107.0,107.0,1.67,195280838.3,472948000.0,-361924000,2015-03-31,Iron Mountain Incorporated,Real Estate,REITs,"Boston, Massachusetts",2009-01-06
IRM,2015-12-31,3007976000.0,1290025000.0,1717951000.0,524527000,123241000,0,128381000.0,586580000,0,857912000.0,6350587000.0,5841746000.0,508841000.0,57,17,5,102.0,102.0,0.58,212484482.8,541760000.0,-290249000,2016-03-30,Iron Mountain Incorporated,Real Estate,REITs,"Boston, Massachusetts",2009-01-06
ISRG,2013-12-31,2265100000.0,670900000.0,1594200000.0,852500000,671000000,167700000,782100000.0,311000000,179600000,1932400000.0,3950300000.0,448900000.0,3501400000.0,70,38,38,507.0,460.0,17.12,39193925.23,880000000.0,-104600000,2014-03-31,Intuitive Surgical Inc.,Health Care,Health Care Equipment,"Sunnyvale, California",2008-06-02
ISRG,2014-12-31,2131700000.0,717900000.0,1413800000.0,544800000,418800000,178000000,600300000.0,315100000,181700000,1811900000.0,3959400000.0,580000000.0,3379400000.0,66,26,26,362.0,325.0,11.35,36898678.41,665100000.0,-105600000,2015-03-31,Intuitive Surgical Inc.,Health Care,Health Care Equipment,"Sunnyvale, California",2008-06-02
ISRG,2015-12-31,2384400000.0,806500000.0,1577900000.0,740000000,588800000,197400000,714600000.0,394300000,167900000,2195500000.0,4907300000.0,587800000.0,4319500000.0,66,31,32,446.0,412.0,15.87,37101449.28,771900000.0,-81000000,2016-03-30,Intuitive Surgical Inc.,Health Care,Health Care Equipment,"Sunnyvale, California",2008-06-02
ISRG,2016-12-31,2704400000.0,814300000.0,1890100000.0,945200000,735900000,239600000,1036600000.0,430200000,182300000,3250400000.0,6486900000.0,709100000.0,5777800000.0,70,35,36,545.0,514.0,,,1042900000.0,-53900000,2017-03-31,Intuitive Surgical Inc.,Health Care,Health Care Equipment,"Sunnyvale, California",2008-06-02
ITW,2013-12-31,14135000000.0,8554000000.0,5581000000.0,2514000000,1679000000,0,3618000000.0,2749000000,1247000000,9816000000.0,19966000000.0,10257000000.0,9703000000.0,39,18,17,163.0,142.0,3.76,446542553.2,2528000000.0,-368000000,2014-03-31,Illinois Tool Works,Industrials,Industrial Machinery,"Glenview, Illinois",1986-02-28
ITW,2014-12-31,14484000000.0,8673000000.0,5811000000.0,2888000000,2946000000,0,3990000000.0,2293000000,1180000000,7864000000.0,17465000000.0,10641000000.0,6819000000.0,40,20,19,223.0,190.0,7.33,401909959.1,1616000000.0,-361000000,2015-03-31,Illinois Tool Works,Industrials,Industrial Machinery,"Glenview, Illinois",1986-02-28
ITW,2015-12-31,13405000000.0,7888000000.0,5517000000.0,2867000000,1899000000,0,3090000000.0,2203000000,1086000000,6720000000.0,15729000000.0,10501000000.0,5224000000.0,41,21,20,284.0,238.0,5.16,368023255.8,2299000000.0,-284000000,2016-03-30,Illinois Tool Works,Industrials,Industrial Machinery,"Glenview, Illinois",1986-02-28
ITW,2016-12-31,13599000000.0,7896000000.0,5703000000.0,3064000000,2035000000,0,2472000000.0,2357000000,1076000000,6123000000.0,15201000000.0,10942000000.0,4254000000.0,42,23,21,222.0,183.0,,,2302000000.0,-273000000,2017-03-31,Illinois Tool Works,Industrials,Industrial Machinery,"Glenview, Illinois",1986-02-28
IVZ,2012-12-31,4050400000.0,0.0,4050400000.0,842600000,587300000,0,1123300000.0,1122000000,0,8806900000.0,17492400000.0,9175600000.0,8316800000.0,100,21,21,127.0,127.0,1.5,391533333.3,819300000.0,-99300000,2013-03-31,Invesco Ltd.,Financials,Asset Management & Custody Banks,"Atlanta, Georgia",2008-08-21
IVZ,2013-12-31,4644600000.0,0.0,4644600000.0,1120200000,940300000,0,1914800000.0,1491500000,0,10606600000.0,19270500000.0,10877900000.0,8392600000.0,100,24,27,127.0,127.0,2.1,447761904.8,780200000.0,-88200000,2014-03-31,Invesco Ltd.,Financials,Asset Management & Custody Banks,"Atlanta, Georgia",2008-08-21
IVZ,2014-12-31,5147100000.0,0.0,5147100000.0,1276900000,988100000,0,1918200000.0,1439600000,0,12141800000.0,20450000000.0,12124000000.0,8326000000.0,100,25,27,131.0,131.0,2.27,435286343.6,1200400000.0,-133200000,2015-03-31,Invesco Ltd.,Financials,Asset Management & Custody Banks,"Atlanta, Georgia",2008-08-21
IVZ,2015-12-31,5122900000.0,0.0,5122900000.0,1358400000,968100000,0,2214700000.0,1267900000,0,17009600000.0,25073200000.0,17187900000.0,7885300000.0,100,27,27,123.0,123.0,2.26,428362831.9,1053500000.0,-124500000,2016-03-30,Invesco Ltd.,Financials,Asset Management & Custody Banks,"Atlanta, Georgia",2008-08-21
JBHT,2012-12-31,5054980000.0,3230857000.0,1824123000.0,530200000,310354000,0,5589000.0,466011000,23065000,554532000.0,2464641000.0,1672781000.0,791860000.0,36,10,10,110.0,106.0,2.64,117558333.3,548044000.0,-439494000,2013-03-31,J. B. Hunt Transport Services,Industrials,Trucking,"Lowell, Arkansas",2015-07-01
JBHT,2013-12-31,5584571000.0,3570801000.0,2013770000.0,576708000,342382000,0,5831000.0,568519000,26248000,680203000.0,2819404000.0,1806952000.0,1012452000.0,36,10,10,95.0,92.0,2.92,117254109.6,574351000.0,-493431000,2014-03-31,J. B. Hunt Transport Services,Industrials,Trucking,"Lowell, Arkansas",2015-07-01
JBHT,2014-12-31,6165441000.0,3898403000.0,2267038000.0,631542000,374792000,0,5961000.0,653795000,27740000,861499000.0,3378486000.0,2173963000.0,1204523000.0,37,10,10,112.0,108.0,3.2,117122500.0,646779000.0,-808569000,2015-03-31,J. B. Hunt Transport Services,Industrials,Trucking,"Lowell, Arkansas",2015-07-01
JBHT,2015-12-31,6187646000.0,3665578000.0,2522068000.0,715694000,427235000,0,5566000.0,654542000,23191000,859367000.0,3636567000.0,2336215000.0,1300352000.0,41,12,11,161.0,157.0,3.69,115781842.8,873308000.0,-725122000,2016-03-30,J. B. Hunt Transport Services,Industrials,Trucking,"Lowell, Arkansas",2015-07-01
JEC,2013-09-27,11818376000.0,9976057000.0,1842319000.0,668979000,423093000,0,1256405000.0,2680076000,0,4039558000.0,7274144000.0,3061047000.0,4213097000.0,16,6,6,214.0,214.0,3.27,129386238.5,448516000.0,-127270000,2013-12-26,Jacobs Engineering Group,Industrials,Industrial Conglomerates,"Pasadena, California",2007-10-26
JEC,2014-09-26,12695157000.0,10621373000.0,2073784000.0,528068000,328108000,0,732647000.0,3037448000,0,3892071000.0,8453659000.0,3984404000.0,4469255000.0,16,4,4,166.0,166.0,2.51,130720318.7,721716000.0,-132146000,2014-12-25,Jacobs Engineering Group,Industrials,Industrial Conglomerates,"Pasadena, California",2007-10-26
JEC,2015-10-02,12114832000.0,10146494000.0,1968338000.0,445527000,302971000,0,460859000.0,2548743000,0,3122678000.0,7785926000.0,3494181000.0,4291745000.0,16,4,4,158.0,158.0,2.42,125194628.1,484572000.0,-88404000,2015-12-31,Jacobs Engineering Group,Industrials,Industrial Conglomerates,"Pasadena, California",2007-10-26
JEC,2016-09-30,10964157000.0,9196326000.0,1767831000.0,338598000,210463000,0,655716000.0,2115663000,0,2864470000.0,7360022000.0,3094746000.0,4265276000.0,16,3,3,161.0,161.0,1.75,120264571.4,680173000.0,-67688000,2016-12-29,Jacobs Engineering Group,Industrials,Industrial Conglomerates,"Pasadena, California",2007-10-26
JNPR,2012-12-31,4365400000.0,1656600000.0,2708800000.0,308100000,186500000,1101600000,2407800000.0,611000000,0,3600700000.0,9832100000.0,2833100000.0,6999000000.0,62,7,7,253.0,253.0,0.36,518055555.6,637700000.0,-347700000,2013-03-31,Juniper Networks,Information Technology,Networking Equipment,"Sunnyvale, California",
JNPR,2013-12-31,4669100000.0,1727700000.0,2941400000.0,565900000,439800000,1043200000,2284000000.0,658100000,0,3703900000.0,10326000000.0,3023800000.0,7302200000.0,63,12,11,257.0,257.0,0.88,499772727.3,845900000.0,-230000000,2014-03-31,Juniper Networks,Information Technology,Networking Equipment,"Sunnyvale, California",
JNPR,2014-12-31,4627100000.0,1768900000.0,2858200000.0,-419700000,-334300000,1006200000,1639600000.0,598900000,0,2810600000.0,8281400000.0,3362300000.0,4919100000.0,62,9,2,186.0,186.0,-0.73,457945205.5,763400000.0,-192900000,2015-03-31,Juniper Networks,Information Technology,Networking Equipment,"Sunnyvale, California",
JNPR,2015-12-31,4857800000.0,1779200000.0,3078600000.0,912000000,633700000,994500000,1420900000.0,780700000,0,2912400000.0,8619200000.0,4044800000.0,4574400000.0,63,19,18,162.0,162.0,1.62,391172839.5,892500000.0,-210300000,2016-03-30,Juniper Networks,Information Technology,Networking Equipment,"Sunnyvale, California",
JPM,2012-12-31,93646000000.0,0.0,93646000000.0,28917000000,21284000000,0,472000000000.0,60933000000,0,0.0,2360000000000.0,2160000000000.0,204000000000.0,100,31,31,,,5.22,4077394636.0,25079000000.0,0,2013-03-31,JPMorgan Chase & Co.,Financials,Banks,"New York, New York",1975-06-30
JPM,2013-12-31,97142000000.0,0.0,97142000000.0,26675000000,17886000000,0,604000000000.0,65160000000,0,0.0,2420000000000.0,2200000000000.0,211000000000.0,100,27,27,,,4.39,4074259681.0,108000000000.0,0,2014-03-31,JPMorgan Chase & Co.,Financials,Banks,"New York, New York",1975-06-30
JPM,2014-12-31,91973000000.0,0.0,91973000000.0,30699000000,21745000000,0,728000000000.0,70079000000,0,0.0,2570000000000.0,2340000000000.0,232000000000.0,100,33,33,,,5.34,4072097378.0,36593000000.0,0,2015-03-31,JPMorgan Chase & Co.,Financials,Banks,"New York, New York",1975-06-30
JPM,2015-12-31,89716000000.0,0.0,89716000000.0,30702000000,24442000000,0,573000000000.0,46605000000,0,0.0,2350000000000.0,2100000000000.0,248000000000.0,100,34,34,,,6.05,4040000000.0,73466000000.0,0,2016-03-30,JPMorgan Chase & Co.,Financials,Banks,"New York, New York",1975-06-30
JWN,2013-02-02,12134000000.0,7432000000.0,4702000000.0,1345000000,735000000,0,1285000000.0,2356000000,1360000000,5081000000.0,8089000000.0,6176000000.0,1913000000.0,39,11,10,228.0,167.0,3.62,203038674.0,1110000000.0,-513000000,2013-05-03,Nordstrom,Consumer Discretionary,Department Stores,"Seattle, Washington",1986-08-31
JWN,2014-02-01,12540000000.0,7737000000.0,4803000000.0,1350000000,734000000,0,1194000000.0,2416000000,1531000000,5228000000.0,8574000000.0,6494000000.0,2080000000.0,38,11,9,206.0,145.0,3.77,194694960.2,1320000000.0,-803000000,2014-05-02,Nordstrom,Consumer Discretionary,Department Stores,"Seattle, Washington",1986-08-31
JWN,2015-01-31,13506000000.0,8406000000.0,5100000000.0,1323000000,720000000,0,827000000.0,2562000000,1733000000,5224000000.0,9245000000.0,6805000000.0,2440000000.0,38,10,9,187.0,125.0,3.79,189973614.8,1220000000.0,-861000000,2015-05-01,Nordstrom,Consumer Discretionary,Department Stores,"Seattle, Washington",1986-08-31
JWN,2016-01-30,14437000000.0,9168000000.0,5269000000.0,1101000000,600000000,0,595000000.0,196000000,1945000000,3014000000.0,7698000000.0,6827000000.0,871000000.0,36,8,7,104.0,37.0,3.22,186335403.7,2451000000.0,-1082000000,2016-04-29,Nordstrom,Consumer Discretionary,Department Stores,"Seattle, Washington",1986-08-31
K,2012-12-29,14197000000.0,8763000000.0,5434000000.0,1562000000,961000000,0,281000000.0,1454000000,1365000000,3380000000.0,15169000000.0,12765000000.0,2404000000.0,38,11,9,75.0,45.0,2.68,358582089.6,1758000000.0,-533000000,2013-03-29,Kellogg Co.,Consumer Staples,Packaged Foods & Meats,"Battle Creek, Michigan",
K,2013-12-28,14792000000.0,8689000000.0,6103000000.0,2837000000,1807000000,0,273000000.0,1424000000,1248000000,3267000000.0,15474000000.0,11929000000.0,3545000000.0,41,19,18,85.0,53.0,4.98,362851405.6,1807000000.0,-637000000,2014-03-28,Kellogg Co.,Consumer Staples,Packaged Foods & Meats,"Battle Creek, Michigan",
K,2015-01-03,14580000000.0,9517000000.0,5063000000.0,1024000000,632000000,0,443000000.0,1276000000,1279000000,3340000000.0,15153000000.0,12364000000.0,2789000000.0,35,7,6,77.0,47.0,1.76,359090909.1,1793000000.0,-582000000,2015-04-03,Kellogg Co.,Consumer Staples,Packaged Foods & Meats,"Battle Creek, Michigan",
K,2016-01-02,13525000000.0,8844000000.0,4681000000.0,1091000000,614000000,0,251000000.0,1344000000,1250000000,3236000000.0,15265000000.0,13137000000.0,2128000000.0,35,8,6,56.0,35.0,1.74,352873563.2,1691000000.0,-553000000,2016-04-01,Kellogg Co.,Consumer Staples,Packaged Foods & Meats,"Battle Creek, Michigan",
KEY,2013-09-30,1287577000.0,1073447000.0,214130000.0,27261000,-33868000,0,553437000.0,30408000,1313818000,0.0,1986789000.0,1746239000.0,240550000.0,17,2,3,,,,,-174642000.0,-10761000,2013-12-29,KeyCorp,Financials,Banks,"Cleveland, Ohio",1994-03-01
KEY,2014-09-30,1463767000.0,1200308000.0,263459000.0,55689000,34383000,0,387095000.0,37298000,1561353000,0.0,2066220000.0,1787102000.0,279118000.0,18,4,0,,,,,-160469000.0,-14553000,2014-12-29,KeyCorp,Financials,Banks,"Cleveland, Ohio",1994-03-01
KEY,2015-09-30,1627413000.0,1354969000.0,272444000.0,51587000,344094000,0,290484000.0,378171000,1697590000,0.0,2409295000.0,1778872000.0,630423000.0,17,3,1,,,,,-81049000.0,-15964000,2015-12-29,KeyCorp,Financials,Banks,"Cleveland, Ohio",1994-03-01
KEY,2016-09-30,1822114000.0,1524907000.0,297207000.0,59325000,4693000,0,243276000.0,363473000,1569279000,0.0,2213158000.0,1570305000.0,642853000.0,16,3,1,,,,,163025000.0,-12219000,2016-12-29,KeyCorp,Financials,Banks,"Cleveland, Ohio",1994-03-01
KIM,2012-12-31,793373000.0,206974000.0,586399000.0,232916000,266073000,0,141875000.0,242244000,0,0.0,9751234000.0,4986074000.0,4765160000.0,74,29,1,,,0.42,633507142.9,479054000.0,-560594000,2013-03-31,Kimco Realty,Real Estate,REITs,"New Hyde Park, New York",
KIM,2013-12-31,861527000.0,221498000.0,640029000.0,249466000,236281000,0,148768000.0,194569000,0,0.0,9663630000.0,5031213000.0,4632417000.0,74,29,7,,,0.43,549490697.7,570035000.0,-131434000,2014-03-31,Kimco Realty,Real Estate,REITs,"New Hyde Park, New York",
KIM,2014-12-31,993897000.0,258617000.0,735280000.0,310315000,424001000,0,187322000.0,246399000,0,0.0,10261400000.0,5486615000.0,4774785000.0,74,31,10,,,0.89,476405618.0,629343000.0,-202275000,2015-03-31,Kimco Realty,Real Estate,REITs,"New Hyde Park, New York",
KIM,2015-12-31,1166769000.0,304477000.0,862292000.0,343572000,894115000,0,189534000.0,199076000,0,0.0,11344171000.0,6297871000.0,5046300000.0,74,29,25,,,2.01,444833333.3,493701000.0,-200527000,2016-03-30,Kimco Realty,Real Estate,REITs,"New Hyde Park, New York",
KLAC,2013-06-30,2842781000.0,1237452000.0,1605329000.0,729685000,543149000,487832000,985390000.0,723135000,634448000,4351503000.0,5287357000.0,1805205000.0,3482152000.0,56,26,24,505.0,431.0,3.27,166100611.6,913188000.0,-74573000,2013-09-28,KLA-Tencor Corp.,Information Technology,Semiconductor Equipment,"Milpitas, California",
KLAC,2014-06-30,2929408000.0,1232962000.0,1696446000.0,772070000,582755000,539469000,630861000.0,708539000,656457000,4586095000.0,5535846000.0,1866500000.0,3669346000.0,58,26,25,512.0,439.0,3.51,166027065.5,778886000.0,-67502000,2014-09-28,KLA-Tencor Corp.,Information Technology,Semiconductor Equipment,"Milpitas, California",
KLAC,2015-06-30,2814049000.0,1215229000.0,1598820000.0,661340000,366158000,530616000,838025000.0,821747000,617904000,3904576000.0,4826012000.0,4404573000.0,421439000.0,57,24,15,390.0,328.0,2.26,162016814.2,605906000.0,-45791000,2015-09-28,KLA-Tencor Corp.,Information Technology,Semiconductor Equipment,"Milpitas, California",
KLAC,2016-06-30,2984493000.0,1163391000.0,1821102000.0,960445000,704422000,481258000,1108488000.0,613233000,698635000,3868032000.0,4962432000.0,4273318000.0,689114000.0,61,32,29,386.0,316.0,4.52,155845575.2,759696000.0,-31741000,2016-09-28,KLA-Tencor Corp.,Information Technology,Semiconductor Equipment,"Milpitas, California",
KMB,2013-12-31,19561000000.0,12952000000.0,6609000000.0,2903000000,2142000000,0,1054000000.0,2545000000,2233000000,6550000000.0,18919000000.0,14063000000.0,4856000000.0,34,15,14,112.0,74.0,5.58,383870967.7,3040000000.0,-953000000,2014-03-31,Kimberly-Clark,Consumer Staples,Household Products,"Irving, Texas",
KMB,2014-12-31,19724000000.0,13041000000.0,6683000000.0,2521000000,1526000000,0,789000000.0,2223000000,1892000000,5559000000.0,15526000000.0,14797000000.0,729000000.0,34,13,11,89.0,59.0,4.07,374938574.9,2845000000.0,-1039000000,2015-03-31,Kimberly-Clark,Consumer Staples,Household Products,"Irving, Texas",
KMB,2015-12-31,18591000000.0,11967000000.0,6624000000.0,1613000000,1013000000,0,619000000.0,2281000000,1909000000,5426000000.0,14842000000.0,15016000000.0,-174000000.0,36,9,7,85.0,55.0,2.78,364388489.2,2306000000.0,-1056000000,2016-03-30,Kimberly-Clark,Consumer Staples,Household Products,"Irving, Texas",
KMB,2016-12-31,18202000000.0,11551000000.0,6651000000.0,3317000000,2166000000,0,923000000.0,2176000000,1679000000,5115000000.0,14602000000.0,14704000000.0,-102000000.0,37,18,17,87.0,59.0,,,3232000000.0,-771000000,2017-03-31,Kimberly-Clark,Consumer Staples,Household Products,"Irving, Texas",
KMI,2013-12-31,14070000000.0,7365000000.0,6705000000.0,3990000000,1193000000,0,598000000.0,2288000000,430000000,3868000000.0,75185000000.0,62092000000.0,13093000000.0,48,28,24,64.0,57.0,,,4122000000.0,-3369000000,2014-03-31,Kinder Morgan,Energy,Oil & Gas Refining & Marketing & Transportation,"Houston, Texas",2012-05-25
KMI,2014-12-31,16226000000.0,8435000000.0,7791000000.0,4448000000,1026000000,0,315000000.0,1697000000,459000000,3752000000.0,83049000000.0,48973000000.0,34076000000.0,48,27,19,59.0,52.0,,,4467000000.0,-3617000000,2015-03-31,Kinder Morgan,Energy,Oil & Gas Refining & Marketing & Transportation,"Houston, Texas",2012-05-25
KMI,2015-12-31,14403000000.0,6452000000.0,7951000000.0,2447000000,253000000,0,289000000.0,1355000000,407000000,2824000000.0,84104000000.0,48985000000.0,35119000000.0,55,17,5,69.0,59.0,0.1,2530000000.0,5303000000.0,-3896000000,2016-03-30,Kinder Morgan,Energy,Oil & Gas Refining & Marketing & Transportation,"Houston, Texas",2012-05-25
KMI,2016-12-31,13058000000.0,5801000000.0,7257000000.0,3572000000,708000000,0,787000000.0,1550000000,357000000,3229000000.0,80305000000.0,45874000000.0,34431000000.0,56,27,13,55.0,48.0,,,4787000000.0,-2882000000,2017-03-31,Kinder Morgan,Energy,Oil & Gas Refining & Marketing & Transportation,"Houston, Texas",2012-05-25
KMX,2013-02-28,10962818000.0,9498456000.0,1464362000.0,732595000,434284000,0,673651000.0,97154000,1517813000,2310131000.0,9888602000.0,6869435000.0,3019167000.0,13,7,6,338.0,116.0,1.9,228570526.3,-778441000.0,-235707000,2013-05-29,Carmax Inc,Consumer Discretionary,Specialty Stores,"Richmond, Virginia",2010-06-28
KMX,2014-02-28,12574299000.0,10925598000.0,1648701000.0,829653000,492586000,0,887200000.0,87789000,1641424000,2643224000.0,11707157000.0,8390160000.0,3316997000.0,13,7,6,302.0,114.0,2.2,223902727.3,-613163000.0,-310317000,2014-05-29,Carmax Inc,Consumer Discretionary,Specialty Stores,"Richmond, Virginia",2010-06-28
KMX,2015-02-28,14268716000.0,12381189000.0,1887527000.0,997096000,597358000,0,321728000.0,137690000,2086874000,2590938000.0,13198201000.0,10041416000.0,3156785000.0,13,7,7,260.0,51.0,2.77,215652707.6,-968130000.0,-309817000,2015-05-29,Carmax Inc,Consumer Discretionary,Specialty Stores,"Richmond, Virginia",2010-06-28
KMX,2016-02-29,15149675000.0,13130915000.0,2018760000.0,1058861000,623428000,0,381223000.0,132171000,1932029000,2471781000.0,14481576000.0,11576790000.0,2904786000.0,13,7,7,246.0,54.0,3.07,203071009.8,-148893000.0,-315584000,2016-05-29,Carmax Inc,Consumer Discretionary,Specialty Stores,"Richmond, Virginia",2010-06-28
KO,2012-12-31,48017000000.0,19053000000.0,28964000000.0,10779000000,9019000000,0,8442000000.0,4759000000,3264000000,30328000000.0,86174000000.0,53384000000.0,32790000000.0,60,22,25,109.0,97.0,2.0,4509500000.0,10645000000.0,-2780000000,2013-03-31,Coca Cola Company,Consumer Staples,Soft Drinks,"Atlanta, Georgia",
KO,2013-12-31,46854000000.0,18421000000.0,28433000000.0,10228000000,8584000000,0,10414000000.0,4873000000,3277000000,31304000000.0,90055000000.0,56882000000.0,33173000000.0,61,22,24,113.0,101.0,1.94,4424742268.0,10542000000.0,-2550000000,2014-03-31,Coca Cola Company,Consumer Staples,Soft Drinks,"Atlanta, Georgia",
KO,2014-12-31,45998000000.0,17889000000.0,28109000000.0,9708000000,7098000000,0,8958000000.0,4466000000,3100000000,32986000000.0,92023000000.0,61703000000.0,30320000000.0,61,21,20,102.0,92.0,1.62,4381481481.0,10615000000.0,-2406000000,2015-03-31,Coca Cola Company,Consumer Staples,Soft Drinks,"Atlanta, Georgia",
KO,2015-12-31,44294000000.0,17482000000.0,26812000000.0,8728000000,7351000000,0,7309000000.0,3941000000,2902000000,33395000000.0,90093000000.0,64539000000.0,25554000000.0,61,20,22,124.0,113.0,1.69,4349704142.0,10528000000.0,-2553000000,2016-03-30,Coca Cola Company,Consumer Staples,Soft Drinks,"Atlanta, Georgia",
KORS,2013-03-30,2181732000.0,875166000.0,1306566000.0,630014000,397602000,0,472511000.0,214934000,266894000,989189000.0,1289565000.0,242319000.0,1047246000.0,60,29,29,602.0,440.0,2.02,196832673.3,363837000.0,-121321000,2013-06-28,Michael Kors Holdings,Consumer Discretionary,"Apparel, Accessories & Luxury Goods","New York, New York",2013-11-13
KORS,2014-03-29,3310800000.0,1294700000.0,2016100000.0,1008200000,661500000,0,971194000.0,328545000,426938000,1777169000.0,2216973000.0,410842000.0,1806131000.0,61,30,30,576.0,438.0,3.27,202293578.0,633000000.0,-184700000,2014-06-27,Michael Kors Holdings,Consumer Discretionary,"Apparel, Accessories & Luxury Goods","New York, New York",2013-11-13
KORS,2015-03-28,4371500000.0,1723800000.0,2647700000.0,1257000000,881000000,0,978900000.0,363400000,519900000,1989700000.0,2684600000.0,443600000.0,2241000000.0,61,29,29,610.0,450.0,4.35,202528735.6,857900000.0,-356200000,2015-06-26,Michael Kors Holdings,Consumer Discretionary,"Apparel, Accessories & Luxury Goods","New York, New York",2013-11-13
KORS,2016-04-02,4712100000.0,1914900000.0,2797200000.0,1175100000,839100000,0,702000000.0,307900000,546800000,1669800000.0,2566800000.0,571100000.0,1995700000.0,59,25,25,383.0,258.0,4.5,186466666.7,1228400000.0,-369200000,2016-07-01,Michael Kors Holdings,Consumer Discretionary,"Apparel, Accessories & Luxury Goods","New York, New York",2013-11-13
KR,2013-02-02,96619000000.0,76726000000.0,19893000000.0,2764000000,1497000000,0,238000000.0,1051000000,5146000000,7959000000.0,24634000000.0,20427000000.0,4207000000.0,21,3,2,72.0,25.0,2.78,538489208.6,2954000000.0,-2062000000,2013-05-03,Kroger Co.,Consumer Staples,Food Retail,"Cincinnati, Ohio",
KR,2014-02-01,98375000000.0,78138000000.0,20237000000.0,2725000000,1519000000,0,401000000.0,1116000000,5651000000,8830000000.0,29281000000.0,23897000000.0,5384000000.0,21,3,2,82.0,30.0,2.93,518430034.1,3573000000.0,-2330000000,2014-05-02,Kroger Co.,Consumer Staples,Food Retail,"Cincinnati, Ohio",
KR,2015-01-31,108000000000.0,85512000000.0,22953000000.0,3137000000,1728000000,0,268000000.0,1266000000,5688000000,8911000000.0,30497000000.0,25085000000.0,5412000000.0,21,3,2,78.0,28.0,3.49,495128939.8,4163000000.0,-2831000000,2015-05-01,Kroger Co.,Consumer Staples,Food Retail,"Cincinnati, Ohio",
KR,2016-01-30,110000000000.0,85496000000.0,24334000000.0,3576000000,2039000000,0,277000000.0,1734000000,6168000000,9892000000.0,33897000000.0,27077000000.0,6820000000.0,22,3,3,76.0,29.0,2.09,975598086.1,4833000000.0,-3349000000,2016-04-29,Kroger Co.,Consumer Staples,Food Retail,"Cincinnati, Ohio",
KSS,2013-02-02,19279000000.0,12289000000.0,6990000000.0,1890000000,986000000,0,537000000.0,122000000,3748000000,4719000000.0,13905000000.0,7857000000.0,6048000000.0,36,10,8,186.0,38.0,4.19,235322195.7,1265000000.0,-785000000,2013-05-03,Kohl's Corp.,Consumer Discretionary,General Merchandise Stores,"Menomonee Falls, Wisconsin",
KSS,2014-02-01,19031000000.0,12087000000.0,6944000000.0,1742000000,889000000,0,971000000.0,142000000,3874000000,5314000000.0,14357000000.0,8379000000.0,5978000000.0,36,9,7,193.0,52.0,4.08,217892156.9,1884000000.0,-643000000,2014-05-02,Kohl's Corp.,Consumer Discretionary,General Merchandise Stores,"Menomonee Falls, Wisconsin",
KSS,2015-01-31,19023000000.0,12098000000.0,6925000000.0,1689000000,867000000,0,1407000000.0,0,3814000000,5580000000.0,14333000000.0,8342000000.0,5991000000.0,36,9,7,195.0,62.0,4.28,202570093.5,2024000000.0,-682000000,2015-05-01,Kohl's Corp.,Consumer Discretionary,General Merchandise Stores,"Menomonee Falls, Wisconsin",
KSS,2016-01-30,19204000000.0,12265000000.0,6939000000.0,1553000000,673000000,0,707000000.0,0,4038000000,5076000000.0,13606000000.0,8115000000.0,5491000000.0,36,8,6,187.0,38.0,3.48,193390804.6,1474000000.0,-690000000,2016-04-29,Kohl's Corp.,Consumer Discretionary,General Merchandise Stores,"Menomonee Falls, Wisconsin",
KSU,2013-12-31,2369300000.0,805300000.0,1564000000.0,738600000,351400000,0,429500000.0,329900000,121300000,942400000.0,7435400000.0,4064800000.0,3370600000.0,66,31,23,129.0,112.0,3.19,110156739.8,798300000.0,-806600000,2014-03-31,Kansas City Southern,Industrials,Railroads,"Kansas City, Missouri",2013-05-24
KSU,2014-12-31,2577100000.0,877900000.0,1699200000.0,809100000,502600000,0,348000000.0,181600000,111000000,718200000.0,7976400000.0,4220900000.0,3755500000.0,66,31,28,80.0,68.0,4.56,110219298.2,906000000.0,-970300000,2015-03-31,Kansas City Southern,Industrials,Railroads,"Kansas City, Missouri",2013-05-24
KSU,2015-12-31,2418800000.0,759200000.0,1659600000.0,803800000,483500000,0,136600000.0,171900000,137900000,537000000.0,8341000000.0,4426700000.0,3914300000.0,69,33,28,71.0,53.0,4.41,109637188.2,909300000.0,-832200000,2016-03-30,Kansas City Southern,Industrials,Railroads,"Kansas City, Missouri",2013-05-24
KSU,2016-12-31,2334200000.0,691100000.0,1643100000.0,818500000,478100000,0,170600000.0,191000000,152600000,648000000.0,8817500000.0,4727600000.0,4089900000.0,70,35,28,87.0,67.0,,,913300000.0,-590500000,2017-03-31,Kansas City Southern,Industrials,Railroads,"Kansas City, Missouri",2013-05-24
LB,2013-02-02,10459000000.0,6073000000.0,4386000000.0,1573000000,753000000,0,773000000.0,232000000,1004000000,2205000000.0,6019000000.0,7034000000.0,-1015000000.0,42,15,12,143.0,78.0,2.6,289615384.6,1351000000.0,-588000000,2013-05-03,L Brands Inc.,Consumer Discretionary,Apparel Retail,"Columbus, Ohio",1983-09-30
LB,2014-02-01,10773000000.0,6344000000.0,4429000000.0,1743000000,903000000,0,1519000000.0,272000000,1165000000,3150000000.0,7198000000.0,7568000000.0,-370000000.0,41,16,13,173.0,109.0,3.12,289423076.9,1248000000.0,-691000000,2014-05-02,L Brands Inc.,Consumer Discretionary,Apparel Retail,"Columbus, Ohio",1983-09-30
LB,2015-01-31,11454000000.0,6646000000.0,4808000000.0,1953000000,1042000000,0,1681000000.0,252000000,1036000000,3199000000.0,7476000000.0,7458000000.0,18000000.0,42,17,14,191.0,129.0,3.57,291876750.7,1786000000.0,-715000000,2015-05-01,L Brands Inc.,Consumer Discretionary,Apparel Retail,"Columbus, Ohio",1983-09-30
LB,2016-01-30,12154000000.0,6950000000.0,5204000000.0,2192000000,1253000000,0,2548000000.0,261000000,1122000000,4156000000.0,8493000000.0,8752000000.0,-259000000.0,43,18,16,222.0,162.0,4.3,291395348.8,1869000000.0,-727000000,2016-04-29,L Brands Inc.,Consumer Discretionary,Apparel Retail,"Columbus, Ohio",1983-09-30
LEG,2012-12-31,3414500000.0,2718900000.0,695600000.0,324400000,250500000,0,359100000.0,446200000,489000000,1339100000.0,3254900000.0,1812700000.0,1434500000.0,20,10,8,183.0,116.0,1.72,145639534.9,449700000.0,-71000000,2013-03-31,Leggett & Platt,Industrials,Industrial Conglomerates,"Carthage, Missouri",
LEG,2013-12-31,3477200000.0,2767300000.0,709900000.0,274600000,199700000,0,272700000.0,467400000,495900000,1281700000.0,3108100000.0,1708900000.0,1391300000.0,20,8,7,155.0,95.0,1.36,146838235.3,416900000.0,-80600000,2014-03-31,Leggett & Platt,Industrials,Industrial Conglomerates,"Carthage, Missouri",
LEG,2014-12-31,3782300000.0,2991900000.0,790400000.0,331500000,101200000,0,332800000.0,523300000,481400000,1429300000.0,3140600000.0,1985700000.0,1146500000.0,21,9,8,144.0,96.0,0.69,146666666.7,381900000.0,-94100000,2015-03-31,Leggett & Platt,Industrials,Industrial Conglomerates,"Carthage, Missouri",
LEG,2015-12-31,3917200000.0,2994000000.0,923200000.0,486500000,329200000,0,253200000.0,520200000,504600000,1311200000.0,2967600000.0,1869900000.0,1085600000.0,24,12,11,187.0,115.0,2.31,142510822.5,359100000.0,-103200000,2016-03-30,Leggett & Platt,Industrials,Industrial Conglomerates,"Carthage, Missouri",
LEN,2013-11-30,5935095000.0,4920664000.0,1014431000.0,685836000,479674000,0,935663000.0,51935000,6601048000,0.0,11273247000.0,7104346000.0,4168901000.0,17,12,11,,,2.48,193416935.5,-807714000.0,-8126000,2014-02-28,Lennar Corp.,Consumer Discretionary,Homebuilding,"Miami, Florida",
LEN,2014-11-30,7779812000.0,6336272000.0,1443540000.0,922038000,638916000,0,895578000.0,93444000,7736600000,0.0,12923151000.0,8096131000.0,4827020000.0,19,12,12,,,3.12,204780769.2,-788488000.0,-22599000,2015-02-28,Lennar Corp.,Consumer Discretionary,Homebuilding,"Miami, Florida",
LEN,2015-11-30,9474008000.0,7757571000.0,1716437000.0,1086016000,802894000,0,906913000.0,74538000,8740596000,0.0,14419509000.0,8770565000.0,5648944000.0,18,11,13,,,3.87,207466149.9,-419646000.0,-91355000,2016-02-28,Lennar Corp.,Consumer Discretionary,Homebuilding,"Miami, Florida",
LEN,2016-11-30,10949999000.0,8923519000.0,2026480000.0,1262363000,911844000,0,1056115000.0,106976000,9178926000,0.0,15361781000.0,8335739000.0,7026042000.0,19,12,12,,,,,507804000.0,-76439000,2017-02-28,Lennar Corp.,Consumer Discretionary,Homebuilding,"Miami, Florida",
LH,2012-12-31,5671400000.0,3421700000.0,2249700000.0,1023500000,583100000,0,466800000.0,729400000,121000000,1391800000.0,6795000000.0,4077600000.0,2717400000.0,40,18,17,135.0,124.0,6.09,95747126.44,841400000.0,-173800000,2013-03-31,Laboratory Corp. of America Holding,Health Care,Health Care Facilities,"Burlington, North Carolina",
LH,2013-12-31,5808300000.0,3585100000.0,2223200000.0,990900000,573800000,0,404000000.0,784700000,136500000,1432100000.0,6965900000.0,4474600000.0,2491300000.0,38,17,16,195.0,176.0,6.36,90220125.79,818700000.0,-202200000,2014-03-31,Laboratory Corp. of America Holding,Health Care,Health Care Facilities,"Burlington, North Carolina",
LH,2014-12-31,6011600000.0,3808500000.0,2203100000.0,910400000,511200000,0,580000000.0,815700000,139500000,1692700000.0,7301800000.0,4481300000.0,2820500000.0,37,15,14,173.0,159.0,,,739000000.0,-203500000,2015-03-31,Laboratory Corp. of America Holding,Health Care,Health Care Facilities,"Burlington, North Carolina",
LH,2015-12-31,8680100000.0,5776800000.0,2903300000.0,1002900000,436900000,0,716400000.0,1415300000,191000000,2663000000.0,14221700000.0,9277300000.0,4944400000.0,33,12,8,157.0,145.0,,,982400000.0,-255800000,2016-03-30,Laboratory Corp. of America Holding,Health Care,Health Care Facilities,"Burlington, North Carolina",
LKQ,2012-12-31,4122930000.0,2398790000.0,1724140000.0,437953000,261225000,0,59770000.0,365293000,900803000,1384351000.0,3723456000.0,1759362000.0,1964094000.0,42,11,10,284.0,99.0,0.88,296846590.9,206190000.0,-88255000,2013-03-31,LKQ Corporation,Consumer Discretionary,Distributors,"Chicago, Illinois",2016-05-23
LKQ,2013-12-31,5062528000.0,2987126000.0,2075402000.0,530180000,311623000,0,150488000.0,522032000,1076952000,1799817000.0,4518774000.0,2168029000.0,2350745000.0,41,10,9,265.0,107.0,,,428056000.0,-90186000,2014-03-31,LKQ Corporation,Consumer Discretionary,Distributors,"Chicago, Illinois",2016-05-23
LKQ,2014-12-31,6740064000.0,4088151000.0,2651913000.0,649868000,381519000,0,114605000.0,601422000,1433847000,2235673000.0,5475739000.0,2755082000.0,2720657000.0,39,10,9,300.0,108.0,,,370897000.0,-140950000,2015-03-31,LKQ Corporation,Consumer Discretionary,Distributors,"Chicago, Illinois",2016-05-23
LKQ,2015-12-31,7192633000.0,4359104000.0,2833529000.0,704627000,423223000,0,87397000.0,590160000,1556552000,2340712000.0,5647837000.0,2533155000.0,3114682000.0,39,10,9,311.0,104.0,,,529837000.0,-170490000,2016-03-30,LKQ Corporation,Consumer Discretionary,Distributors,"Chicago, Illinois",2016-05-23
LLL,2012-12-31,13107000000.0,11799000000.0,1308000000.0,1308000000,784000000,0,349000000.0,3591000000,358000000,4484000000.0,13800000000.0,8349000000.0,5451000000.0,10,10,9,175.0,161.0,8.41,93222354.34,1231000000.0,-210000000,2013-03-31,L-3 Communications Holdings,Industrials,Industrial Conglomerates,"New York, New York",
LLL,2013-12-31,11420000000.0,10303000000.0,1117000000.0,1117000000,751000000,0,500000000.0,3580000000,366000000,4613000000.0,14007000000.0,8026000000.0,5981000000.0,10,10,9,181.0,166.0,8.7,86321839.08,1156000000.0,-204000000,2014-03-31,L-3 Communications Holdings,Industrials,Industrial Conglomerates,"New York, New York",
LLL,2014-12-31,10986000000.0,9974000000.0,1012000000.0,1012000000,664000000,0,442000000.0,2951000000,288000000,5665000000.0,13715000000.0,8430000000.0,5285000000.0,9,9,8,215.0,204.0,7.78,85347043.7,1071000000.0,-174000000,2015-03-31,L-3 Communications Holdings,Industrials,Industrial Conglomerates,"New York, New York",
LLL,2015-12-31,10466000000.0,9576000000.0,890000000.0,475000000,-240000000,0,207000000.0,2827000000,333000000,4232000000.0,12085000000.0,7730000000.0,4355000000.0,9,5,3,147.0,135.0,-2.97,80808080.81,1042000000.0,-197000000,2016-03-30,L-3 Communications Holdings,Industrials,Industrial Conglomerates,"New York, New York",
LLTC,2013-06-30,1282236000.0,322516000.0,959720000.0,573154000,406925000,235184000,126650000.0,145274000,87229000,1793890000.0,2098341000.0,1116433000.0,981908000.0,75,45,41,175.0,166.0,1.72,236584302.3,563934000.0,-17640000,2013-09-28,Linear Technology Corp.,Information Technology,Semiconductors,"Milpitas, California",
LLTC,2014-06-29,1388386000.0,338580000.0,1049806000.0,639730000,459961000,250434000,157323000.0,219634000,91310000,1364713000.0,1655578000.0,324209000.0,1331369000.0,76,46,43,634.0,592.0,1.91,240817277.5,596427000.0,-37669000,2014-09-27,Linear Technology Corp.,Information Technology,Semiconductors,"Milpitas, California",
LLTC,2015-06-28,1475139000.0,355727000.0,1119412000.0,682699000,520963000,266761000,195679000.0,227757000,99861000,1584752000.0,1884079000.0,306152000.0,1577927000.0,76,46,46,866.0,812.0,2.13,244583568.1,598919000.0,-62560000,2015-09-26,Linear Technology Corp.,Information Technology,Semiconductors,"Milpitas, California",
LLTC,2016-07-03,1423936000.0,343801000.0,1080135000.0,633553000,494346000,276462000,263682000.0,157460000,97251000,1754730000.0,2049981000.0,290806000.0,1759175000.0,76,44,45,975.0,921.0,2.02,244725742.6,685057000.0,-47333000,2016-10-01,Linear Technology Corp.,Information Technology,Semiconductors,"Milpitas, California",
LLY,2012-12-31,22603400000.0,4796500000.0,17806900000.0,5408200000,4088600000,5278100000,4018800000.0,3888300000,2643800000,13038700000.0,34398900000.0,19625000000.0,14765200000.0,79,24,24,155.0,124.0,3.67,1114059946.0,5304800000.0,-905400000,2013-03-31,Lilly (Eli) & Co.,Health Care,Pharmaceuticals,"Indianapolis, Indiana",1970-12-31
LLY,2013-12-31,23113100000.0,4908100000.0,18205000000.0,5889300000,4684800000,5531300000,3830200000.0,4022800000,2928800000,13104700000.0,35248700000.0,17608000000.0,17631400000.0,79,25,25,147.0,114.0,4.33,1081939954.0,5735000000.0,-1012100000,2014-03-31,Lilly (Eli) & Co.,Health Care,Pharmaceuticals,"Indianapolis, Indiana",1970-12-31
LLY,2014-12-31,19615600000.0,4932500000.0,14683100000.0,3000300000,2390500000,4733600000,3871600000.0,3801300000,2740000000,11928300000.0,36307600000.0,20919500000.0,15373200000.0,75,15,15,122.0,94.0,2.23,1071973094.0,4367100000.0,-1162600000,2015-03-31,Lilly (Eli) & Co.,Health Care,Pharmaceuticals,"Indianapolis, Indiana",1970-12-31
LLY,2015-12-31,19958700000.0,5037200000.0,14921500000.0,2790000000,2408400000,4796400000,3666400000.0,4071600000,3445800000,12573600000.0,35568900000.0,20978600000.0,14571300000.0,75,14,14,153.0,111.0,2.27,1060969163.0,2772800000.0,-1066200000,2016-03-30,Lilly (Eli) & Co.,Health Care,Pharmaceuticals,"Indianapolis, Indiana",1970-12-31
LMT,2013-12-31,45358000000.0,41171000000.0,4187000000.0,4505000000,2981000000,0,2617000000.0,6922000000,2977000000,13329000000.0,36188000000.0,31270000000.0,4918000000.0,9,10,9,120.0,93.0,9.29,320882669.5,4546000000.0,-836000000,2014-03-31,Lockheed Martin Corp.,Industrials,Aerospace & Defense,"Bethesda, Maryland",1984-07-31
LMT,2014-12-31,39946000000.0,35263000000.0,4683000000.0,5012000000,3614000000,0,1446000000.0,7328000000,2804000000,12322000000.0,37046000000.0,33646000000.0,3400000000.0,12,13,12,111.0,86.0,11.41,316739702.0,3866000000.0,-845000000,2015-03-31,Lockheed Martin Corp.,Industrials,Aerospace & Defense,"Bethesda, Maryland",1984-07-31
LMT,2015-12-31,40536000000.0,36044000000.0,4492000000.0,4712000000,3605000000,0,1090000000.0,7254000000,4819000000,14573000000.0,49304000000.0,46207000000.0,3097000000.0,11,12,11,105.0,70.0,11.62,310240963.9,5101000000.0,-939000000,2016-03-30,Lockheed Martin Corp.,Industrials,Aerospace & Defense,"Bethesda, Maryland",1984-07-31
LMT,2016-12-31,47248000000.0,42186000000.0,5062000000.0,5549000000,5302000000,0,1837000000.0,8202000000,4670000000,15108000000.0,47806000000.0,46295000000.0,1511000000.0,11,12,10,120.0,83.0,,,5189000000.0,-1063000000,2017-03-31,Lockheed Martin Corp.,Industrials,Aerospace & Defense,"Bethesda, Maryland",1984-07-31
LNT,2012-12-31,3094500000.0,2144200000.0,950300000.0,519700000,335700000,0,21200000.0,346500000,203900000,994300000.0,10785500000.0,7505500000.0,3280000000.0,31,17,14,97.0,77.0,2.89,116159169.6,841100000.0,0,2013-03-31,Alliant Energy Corp,Utilities,Electric Utilities,"Madison, Wisconsin",2016-07-01
LNT,2013-12-31,3276800000.0,2272400000.0,1004400000.0,533900000,376200000,0,9800000.0,610000000,211800000,1011200000.0,11112400000.0,7631000000.0,3481400000.0,31,16,13,71.0,56.0,3.23,116470588.2,731000000.0,0,2014-03-31,Alliant Energy Corp,Utilities,Electric Utilities,"Madison, Wisconsin",2016-07-01
LNT,2014-12-31,3350300000.0,2317500000.0,1032800000.0,543600000,393300000,0,56900000.0,577400000,223800000,1043100000.0,12063500000.0,8424800000.0,3638700000.0,31,16,13,86.0,67.0,3.46,113670520.2,891600000.0,0,2015-03-31,Alliant Energy Corp,Utilities,Electric Utilities,"Madison, Wisconsin",2016-07-01
LNT,2015-12-31,3253600000.0,2171600000.0,1082000000.0,577000000,388400000,0,5800000.0,397600000,223500000,826800000.0,12495200000.0,8571100000.0,3924100000.0,33,18,14,61.0,44.0,3.36,115595238.1,871200000.0,0,2016-03-30,Alliant Energy Corp,Utilities,Electric Utilities,"Madison, Wisconsin",2016-07-01
LOW,2013-02-01,50521000000.0,33194000000.0,17327000000.0,3560000000,1959000000,0,541000000.0,217000000,8600000000,9784000000.0,32666000000.0,18809000000.0,13857000000.0,34,7,6,127.0,15.0,1.69,1159171598.0,3762000000.0,-1211000000,2013-05-02,Lowe's Cos.,Consumer Discretionary,Home Improvement Retail,"Mooresville, North Carolina",1984-02-29
LOW,2014-01-31,53417000000.0,34941000000.0,18476000000.0,4149000000,2286000000,0,391000000.0,252000000,9127000000,10296000000.0,32732000000.0,20879000000.0,11853000000.0,35,8,7,116.0,13.0,2.14,1068224299.0,4111000000.0,-940000000,2014-05-01,Lowe's Cos.,Consumer Discretionary,Home Improvement Retail,"Mooresville, North Carolina",1984-02-29
LOW,2015-01-30,56223000000.0,36665000000.0,19558000000.0,4792000000,2698000000,0,466000000.0,0,8911000000,9851000000.0,31721000000.0,21753000000.0,9968000000.0,35,9,8,105.0,10.0,2.71,995571955.7,4929000000.0,-880000000,2015-04-30,Lowe's Cos.,Consumer Discretionary,Home Improvement Retail,"Mooresville, North Carolina",1984-02-29
LOW,2016-01-29,59074000000.0,38504000000.0,20570000000.0,4971000000,2546000000,0,405000000.0,0,9458000000,10561000000.0,31266000000.0,23612000000.0,7654000000.0,35,8,7,101.0,11.0,2.73,932600732.6,4784000000.0,-1197000000,2016-04-28,Lowe's Cos.,Consumer Discretionary,Home Improvement Retail,"Mooresville, North Carolina",1984-02-29
LRCX,2013-06-30,3598916000.0,2195857000.0,1403059000.0,118071000,113879000,683688000,1162473000.0,602624000,559317000,3793829000.0,7250315000.0,2574523000.0,4488872000.0,39,3,2,270.0,230.0,0.67,169968656.7,719933000.0,-160795000,2013-09-28,Lam Research,Information Technology,Semiconductor Equipment,"Fremont, California",2012-06-29
LRCX,2014-06-29,4607309000.0,2599828000.0,2007481000.0,677669000,632289000,716471000,1452677000.0,800616000,740503000,4783662000.0,7993306000.0,2963571000.0,5029735000.0,44,15,16,302.0,256.0,3.84,164658593.8,717049000.0,-145503000,2014-09-27,Lam Research,Information Technology,Semiconductor Equipment,"Fremont, California",2012-06-29
LRCX,2015-06-28,5259312000.0,2974976000.0,2284336000.0,788039000,655577000,825242000,1501539000.0,1093582000,943346000,6270849000.0,9364648000.0,4261504000.0,5103144000.0,43,15,14,238.0,202.0,4.11,159507785.9,785503000.0,-198265000,2015-09-26,Lam Research,Information Technology,Semiconductor Equipment,"Fremont, California",2012-06-29
LRCX,2016-06-26,5885893000.0,3266971000.0,2618922000.0,1074256000,914049000,913712000,5039322000.0,1262145000,971911000,9214911000.0,12271528000.0,6377011000.0,5894517000.0,44,18,16,381.0,341.0,5.75,158965043.5,1350277000.0,-175330000,2016-09-24,Lam Research,Information Technology,Semiconductor Equipment,"Fremont, California",2012-06-29
LUK,2012-12-31,7810610000.0,7479746000.0,330864000.0,-148013000,864641000,0,145960000.0,6824000,0,4586948000.0,9349118000.0,2581850000.0,6767268000.0,4,2,18,468.0,468.0,3.49,247748137.5,645439000.0,-79014000,2013-03-31,Leucadia National Corp.,Financials,Multi-Sector Holdings,"New York, New York",2007-08-27
LUK,2013-12-31,9531778000.0,7567707000.0,1964071000.0,-382460000,362193000,0,7524197000.0,3816680000,0,40024391000.0,47866781000.0,37639319000.0,10102462000.0,21,4,6,137.0,137.0,1.07,338498130.8,702340000.0,-166129000,2014-03-31,Leucadia National Corp.,Financials,Multi-Sector Holdings,"New York, New York",2007-08-27
LUK,2014-12-31,10681897000.0,8024286000.0,2657611000.0,-444719000,199025000,0,7721449000.0,3934825000,0,43662912000.0,52623908000.0,42196750000.0,10302158000.0,25,4,4,131.0,131.0,0.54,368564814.8,-987160000.0,-600837000,2015-03-31,Leucadia National Corp.,Financials,Multi-Sector Holdings,"New York, New York",2007-08-27
LUK,2015-12-31,10116502000.0,7677233000.0,2439269000.0,-412289000,252111000,0,4389732000.0,3830967000,0,37551026000.0,46339812000.0,35813601000.0,10401211000.0,24,4,4,133.0,133.0,0.74,340690540.5,-761755000.0,-295894000,2016-03-30,Leucadia National Corp.,Financials,Multi-Sector Holdings,"New York, New York",2007-08-27
LUV,2013-12-31,17699000000.0,8307000000.0,9392000000.0,1278000000,754000000,0,1355000000.0,587000000,467000000,4456000000.0,19345000000.0,12009000000.0,7336000000.0,53,7,7,79.0,70.0,1.06,711320754.7,2477000000.0,-1433000000,2014-03-31,Southwest Airlines,Industrials,Airlines,"Dallas, Texas",1994-07-01
LUV,2014-12-31,18605000000.0,7677000000.0,10928000000.0,2225000000,1136000000,0,1282000000.0,365000000,342000000,3927000000.0,19723000000.0,12948000000.0,6775000000.0,59,12,10,66.0,61.0,1.65,688484848.5,2902000000.0,-1748000000,2015-03-31,Southwest Airlines,Industrials,Airlines,"Dallas, Texas",1994-07-01
LUV,2015-12-31,19820000000.0,6025000000.0,13795000000.0,4116000000,2181000000,0,1583000000.0,474000000,311000000,4024000000.0,21312000000.0,13954000000.0,7358000000.0,70,21,18,54.0,50.0,3.3,660909090.9,3238000000.0,-2041000000,2016-03-30,Southwest Airlines,Industrials,Airlines,"Dallas, Texas",1994-07-01
LUV,2016-12-31,20425000000.0,6132000000.0,14293000000.0,3760000000,2244000000,0,1680000000.0,546000000,337000000,4498000000.0,23286000000.0,14845000000.0,8441000000.0,70,18,17,66.0,61.0,,,4293000000.0,-2038000000,2017-03-31,Southwest Airlines,Industrials,Airlines,"Dallas, Texas",1994-07-01
LVLT,2012-12-31,6376000000.0,3851000000.0,2525000000.0,575000000,-422000000,0,987000000.0,714000000,0,1842000000.0,13307000000.0,12136000000.0,1171000000.0,40,9,6,102.0,102.0,-1.96,215306122.4,578000000.0,-743000000,2013-03-31,Level 3 Communications,Telecommunications Services,Alternative Carriers,"Broomfield, Colorado",2014-11-05
LVLT,2013-12-31,6313000000.0,3685000000.0,2628000000.0,666000000,-109000000,0,638000000.0,673000000,0,1454000000.0,12874000000.0,11463000000.0,1411000000.0,42,11,1,101.0,101.0,-0.49,222448979.6,713000000.0,-760000000,2014-03-31,Level 3 Communications,Telecommunications Services,Alternative Carriers,"Broomfield, Colorado",2014-11-05
LVLT,2014-12-31,6777000000.0,3775000000.0,3002000000.0,1013000000,314000000,0,587000000.0,737000000,0,1481000000.0,20947000000.0,14584000000.0,6363000000.0,44,15,4,78.0,78.0,1.23,255284552.8,1161000000.0,-910000000,2015-03-31,Level 3 Communications,Telecommunications Services,Alternative Carriers,"Broomfield, Colorado",2014-11-05
LVLT,2015-12-31,8229000000.0,4265000000.0,3964000000.0,1331000000,3433000000,0,862000000.0,757000000,0,1749000000.0,24145000000.0,14019000000.0,10126000000.0,48,16,3,124.0,124.0,9.71,353553038.1,1855000000.0,-1229000000,2016-03-30,Level 3 Communications,Telecommunications Services,Alternative Carriers,"Broomfield, Colorado",2014-11-05
LYB,2012-12-31,45352000000.0,39595000000.0,5757000000.0,4676000000,2848000000,172000000,2737000000.0,3904000000,5075000000,12286000000.0,24220000000.0,13081000000.0,11139000000.0,13,10,9,241.0,142.0,4.97,573038229.4,4787000000.0,-1060000000,2013-03-31,LyondellBasell,Materials,Diversified Chemicals,"Rotterdam, Netherlands",2012-09-05
LYB,2013-12-31,44062000000.0,37940000000.0,6122000000.0,5102000000,3857000000,150000000,4460000000.0,4030000000,5279000000,14599000000.0,27298000000.0,14820000000.0,12478000000.0,14,12,11,265.0,169.0,6.8,567205882.4,4835000000.0,-1561000000,2014-03-31,LyondellBasell,Materials,Diversified Chemicals,"Rotterdam, Netherlands",2012-09-05
LYB,2014-12-31,45608000000.0,38939000000.0,6669000000.0,5736000000,4174000000,127000000,1033000000.0,3448000000,4517000000,11645000000.0,24221000000.0,15907000000.0,8314000000.0,15,13,13,214.0,131.0,8.03,519800747.2,6048000000.0,-1499000000,2015-03-31,LyondellBasell,Materials,Diversified Chemicals,"Rotterdam, Netherlands",2012-09-05
LYB,2015-12-31,32735000000.0,25683000000.0,7052000000.0,6122000000,4476000000,102000000,931000000.0,2517000000,4051000000,9789000000.0,22757000000.0,16207000000.0,6550000000.0,22,19,19,225.0,132.0,9.62,465280665.3,5842000000.0,-1440000000,2016-03-30,LyondellBasell,Materials,Diversified Chemicals,"Rotterdam, Netherlands",2012-09-05
M,2013-02-02,27686000000.0,16538000000.0,11148000000.0,2661000000,1335000000,0,1836000000.0,371000000,5308000000,7876000000.0,20991000000.0,14940000000.0,6051000000.0,40,10,8,155.0,51.0,3.29,405775076.0,2179000000.0,-698000000,2013-05-03,Macy's Inc.,Consumer Discretionary,Department Stores,"Cincinnati, Ohio",
M,2014-02-01,27931000000.0,16725000000.0,11206000000.0,2678000000,1486000000,0,2273000000.0,438000000,5557000000,8688000000.0,21620000000.0,15371000000.0,6249000000.0,40,10,8,152.0,55.0,3.93,378117048.3,2549000000.0,-607000000,2014-05-02,Macy's Inc.,Consumer Discretionary,Department Stores,"Cincinnati, Ohio",
M,2015-01-31,28105000000.0,16863000000.0,11242000000.0,2800000000,1526000000,0,2246000000.0,424000000,5417000000,8580000000.0,21330000000.0,15952000000.0,5378000000.0,40,10,9,169.0,62.0,4.3,354883720.9,2709000000.0,-770000000,2015-05-01,Macy's Inc.,Consumer Discretionary,Department Stores,"Cincinnati, Ohio",
M,2016-01-30,27079000000.0,16496000000.0,10583000000.0,2039000000,1072000000,0,1109000000.0,558000000,5506000000,7652000000.0,20576000000.0,16326000000.0,4250000000.0,39,8,6,134.0,37.0,3.26,328834355.8,1984000000.0,-777000000,2016-04-29,Macy's Inc.,Consumer Discretionary,Department Stores,"Cincinnati, Ohio",
MA,2013-12-31,8312000000.0,0.0,8312000000.0,4503000000,3116000000,0,5233000000.0,2550000000,0,10950000000.0,14242000000.0,6758000000.0,7484000000.0,100,54,54,182.0,182.0,2.57,1212451362.0,4135000000.0,-155000000,2014-03-31,Mastercard Inc.,Information Technology,Internet Software & Services,"Harrison, New York",2008-07-18
MA,2014-12-31,9441000000.0,0.0,9441000000.0,5106000000,3617000000,0,6627000000.0,2461000000,0,10997000000.0,15329000000.0,8539000000.0,6790000000.0,100,54,54,177.0,177.0,3.11,1163022508.0,3407000000.0,-175000000,2015-03-31,Mastercard Inc.,Information Technology,Internet Software & Services,"Harrison, New York",2008-07-18
MA,2015-12-31,9667000000.0,0.0,9667000000.0,5078000000,3808000000,0,7183000000.0,2147000000,0,10984000000.0,16250000000.0,10222000000.0,6028000000.0,100,53,51,175.0,175.0,3.36,1133333333.0,4043000000.0,-177000000,2016-03-30,Mastercard Inc.,Information Technology,Internet Software & Services,"Harrison, New York",2008-07-18
MA,2016-12-31,10776000000.0,0.0,10776000000.0,5761000000,4059000000,0,8255000000.0,2509000000,0,13228000000.0,18675000000.0,13019000000.0,5656000000.0,100,53,52,184.0,184.0,,,4484000000.0,-215000000,2017-03-31,Mastercard Inc.,Information Technology,Internet Software & Services,"Harrison, New York",2008-07-18
MAA,2012-12-31,475888000.0,117275000.0,358613000.0,123904000,109825000,0,9883000.0,0,0,0.0,2751068000.0,1837016000.0,914052000.0,75,26,13,,,2.56,42900390.63,210967000.0,-385992000,2013-03-31,Mid-America Apartments,Real Estate,Residential REITs,"Memphis, Tennessee",2016-12-02
MAA,2013-12-31,635490000.0,172050000.0,463440000.0,117328000,119279000,0,133694000.0,0,0,0.0,6841925000.0,3895114000.0,2946811000.0,73,18,6,,,2.27,52545814.98,258380000.0,-192241000,2014-03-31,Mid-America Apartments,Real Estate,Residential REITs,"Memphis, Tennessee",2016-12-02
MAA,2014-12-31,992332000.0,275379000.0,716953000.0,230233000,156277000,0,54834000.0,0,0,0.0,6821778000.0,3931254000.0,2890524000.0,72,23,15,,,1.97,79328426.4,385378000.0,-379962000,2015-03-31,Mid-America Apartments,Real Estate,Residential REITs,"Memphis, Tennessee",2016-12-02
MAA,2015-12-31,1042779000.0,280901000.0,761878000.0,288131000,350745000,0,63641000.0,0,0,0.0,6847781000.0,3855684000.0,2992097000.0,73,28,34,,,4.41,79534013.61,463721000.0,-366923000,2016-03-30,Mid-America Apartments,Real Estate,Residential REITs,"Memphis, Tennessee",2016-12-02
MAC,2012-12-31,797517000.0,337533000.0,459984000.0,161951000,337426000,0,144451000.0,120812000,0,0.0,9311209000.0,6233680000.0,3077529000.0,58,20,28,,,2.51,134432669.3,351296000.0,-1204061000,2013-03-31,Macerich,Real Estate,Retail REITs,"Santa Monica, California",2013-05-09
MAC,2013-12-31,1029475000.0,423256000.0,606219000.0,221282000,420090000,0,86558000.0,129629000,0,0.0,9075250000.0,5716501000.0,3358749000.0,59,21,1,,,3.01,139564784.1,422035000.0,-674921000,2014-03-31,Macerich,Real Estate,Retail REITs,"Santa Monica, California",2013-05-09
MAC,2014-12-31,1105247000.0,441929000.0,663318000.0,255190000,1499042000,0,98437000.0,212258000,0,0.0,13121778000.0,7481658000.0,5640120000.0,60,23,140,,,10.46,143311854.7,400706000.0,-200645000,2015-03-31,Macerich,Real Estate,Retail REITs,"Santa Monica, California",2013-05-09
MAC,2015-12-31,1288149000.0,497359000.0,790790000.0,296448000,487562000,0,127899000.0,213930000,0,0.0,11258576000.0,6543162000.0,4715414000.0,61,23,37,,,3.08,158299350.6,540377000.0,-298584000,2016-03-30,Macerich,Real Estate,Retail REITs,"Santa Monica, California",2013-05-09
MAR,2012-12-31,11814000000.0,10190000000.0,1624000000.0,940000000,571000000,0,88000000.0,1308000000,0,1475000000.0,6342000000.0,7627000000.0,-1285000000.0,14,8,7,53.0,53.0,,,989000000.0,-437000000,2013-03-31,Marriott Int'l.,Consumer Discretionary,"Hotels, Resorts & Cruise Lines","Bethesda, Maryland",
MAR,2013-12-31,12784000000.0,11020000000.0,1764000000.0,988000000,626000000,0,126000000.0,1333000000,0,1903000000.0,6794000000.0,8209000000.0,-1415000000.0,14,8,7,71.0,71.0,2.05,305365853.7,1140000000.0,-296000000,2014-03-31,Marriott Int'l.,Consumer Discretionary,"Hotels, Resorts & Cruise Lines","Bethesda, Maryland",
MAR,2014-12-31,13796000000.0,11830000000.0,1966000000.0,1159000000,753000000,0,104000000.0,1100000000,0,1610000000.0,6833000000.0,9033000000.0,-2200000000.0,14,8,8,53.0,53.0,2.6,289615384.6,1224000000.0,-411000000,2015-03-31,Marriott Int'l.,Consumer Discretionary,"Hotels, Resorts & Cruise Lines","Bethesda, Maryland",
MAR,2015-12-31,14486000000.0,12363000000.0,2123000000.0,1350000000,859000000,0,96000000.0,1103000000,0,1384000000.0,6082000000.0,9672000000.0,-3590000000.0,15,9,9,43.0,43.0,3.22,266770186.3,1430000000.0,-305000000,2016-03-30,Marriott Int'l.,Consumer Discretionary,"Hotels, Resorts & Cruise Lines","Bethesda, Maryland",
MAS,2013-12-31,6761000000.0,4802000000.0,1959000000.0,612000000,288000000,0,1223000000.0,1077000000,765000000,3468000000.0,6957000000.0,6398000000.0,559000000.0,29,9,6,206.0,160.0,0.76,378947368.4,645000000.0,-126000000,2014-03-31,Masco Corp.,Industrials,Building Products,"Taylor, Michigan",1981-06-30
MAS,2014-12-31,7006000000.0,4946000000.0,2060000000.0,721000000,856000000,0,1379000000.0,820000000,712000000,3620000000.0,7208000000.0,6284000000.0,924000000.0,29,10,7,164.0,132.0,2.4,356666666.7,602000000.0,-128000000,2015-03-31,Masco Corp.,Industrials,Building Products,"Taylor, Michigan",1981-06-30
MAS,2015-12-31,7142000000.0,4889000000.0,2253000000.0,914000000,355000000,0,1468000000.0,853000000,687000000,3328000000.0,5664000000.0,5799000000.0,-135000000.0,32,13,10,138.0,110.0,1.03,344660194.2,699000000.0,-158000000,2016-03-30,Masco Corp.,Industrials,Building Products,"Taylor, Michigan",1981-06-30
MAS,2016-12-31,7357000000.0,4901000000.0,2456000000.0,1053000000,491000000,0,990000000.0,917000000,712000000,2934000000.0,5137000000.0,5435000000.0,-298000000.0,33,14,11,201.0,152.0,,,726000000.0,-180000000,2017-03-31,Masco Corp.,Industrials,Building Products,"Taylor, Michigan",1981-06-30
MAT,2012-12-31,6420881000.0,3011684000.0,3409197000.0,1021015000,776464000,0,1335711000.0,1226833000,465057000,3556805000.0,6526785000.0,3459741000.0,3067044000.0,53,16,15,207.0,180.0,2.25,345095111.1,1275650000.0,-219048000,2013-03-31,Mattel Inc.,Consumer Discretionary,Leisure Products,"El Segundo, California",1982-03-31
MAT,2013-12-31,6484892000.0,3006009000.0,3478883000.0,1168103000,903944000,0,1039216000.0,1260105000,568843000,3377993000.0,6439626000.0,3188067000.0,3251559000.0,54,18,17,322.0,268.0,2.61,346338697.3,698426000.0,-252054000,2014-03-31,Mattel Inc.,Consumer Discretionary,Leisure Products,"El Segundo, California",1982-03-31
MAT,2014-12-31,6023819000.0,3022797000.0,3001022000.0,653714000,498874000,0,971650000.0,1094452000,561755000,3186931000.0,6721983000.0,3772912000.0,2949071000.0,50,11,10,293.0,241.0,1.46,341694520.5,888564000.0,-260457000,2015-03-31,Mattel Inc.,Consumer Discretionary,Leisure Products,"El Segundo, California",1982-03-31
MAT,2015-12-31,5702613000.0,2896255000.0,2806358000.0,540922000,369416000,0,892814000.0,1145099000,587521000,3196863000.0,6552689000.0,3919435000.0,2633254000.0,49,9,8,194.0,159.0,1.08,342051851.9,734557000.0,-254181000,2016-03-30,Mattel Inc.,Consumer Discretionary,Leisure Products,"El Segundo, California",1982-03-31
MCD,2012-12-31,27567000000.0,16750700000.0,10816300000.0,8604600000,5464800000,0,2336100000.0,1375300000,121700000,4922100000.0,35386500000.0,20092900000.0,15293600000.0,39,31,29,145.0,141.0,5.41,1010129390.0,6966100000.0,-3049200000,2013-03-31,McDonald's Corp.,Consumer Discretionary,Restaurants,"Oak Brook, Illinois",1970-06-30
MCD,2013-12-31,28105700000.0,17203000000.0,10902700000.0,8764300000,5585900000,0,2798700000.0,1319800000,123700000,5050100000.0,36626300000.0,20616600000.0,16009700000.0,39,31,29,159.0,155.0,5.59,999266547.4,7120700000.0,-2824700000,2014-03-31,McDonald's Corp.,Consumer Discretionary,Restaurants,"Oak Brook, Illinois",1970-06-30
MCD,2014-12-31,27441300000.0,16985600000.0,10455700000.0,7949200000,4757800000,0,2077900000.0,1214400000,110000000,4185500000.0,34227400000.0,21374000000.0,12853400000.0,38,29,27,152.0,148.0,4.85,980989690.7,6730300000.0,-2583400000,2015-03-31,McDonald's Corp.,Consumer Discretionary,Restaurants,"Oak Brook, Illinois",1970-06-30
MCD,2015-12-31,25413000000.0,15623800000.0,9789200000.0,7145500000,4529300000,0,7685500000.0,1298700000,100100000,9643000000.0,37938700000.0,30850800000.0,7087900000.0,39,28,26,327.0,323.0,4.82,939688796.7,6539100000.0,-1813900000,2016-03-30,McDonald's Corp.,Consumer Discretionary,Restaurants,"Oak Brook, Illinois",1970-06-30
MCHP,2013-03-31,1581623000.0,743164000.0,838459000.0,178553000,127389000,254723000,528334000.0,310642000,242334000,2236370000.0,3851405000.0,1917935000.0,1933470000.0,53,11,10,655.0,584.0,0.65,195983076.9,459365000.0,-50818000,2013-06-29,Microchip Technology,Information Technology,Semiconductors,"Chandler, Arizona",2007-09-07
MCHP,2014-03-31,1931217000.0,802474000.0,1128743000.0,458864000,395281000,305043000,466603000.0,309895000,262725000,1969399000.0,4067630000.0,1932169000.0,2135461000.0,58,24,22,586.0,508.0,1.99,198633668.3,676564000.0,-113072000,2014-06-29,Microchip Technology,Information Technology,Semiconductors,"Chandler, Arizona",2007-09-07
MCHP,2015-03-31,2147036000.0,917472000.0,1229564000.0,425620000,369009000,349543000,607815000.0,344982000,279456000,2664617000.0,4780713000.0,2736059000.0,2044654000.0,57,20,16,753.0,674.0,1.84,200548369.6,721182000.0,-149472000,2015-06-29,Microchip Technology,Information Technology,Semiconductors,"Chandler, Arizona",2007-09-07
MCHP,2016-03-31,2173334000.0,967870000.0,1205464000.0,352345000,324132000,372596000,2092751000.0,290183000,306815000,3096713000.0,5567515000.0,3416596000.0,2150919000.0,55,16,13,811.0,730.0,1.59,203856603.8,744483000.0,-97895000,2016-06-29,Microchip Technology,Information Technology,Semiconductors,"Chandler, Arizona",2007-09-07
MCK,2013-03-31,122000000000.0,115000000000.0,6881000000.0,2347000000,1338000000,433000000,2456000000.0,9975000000,10335000000,23170000000.0,34786000000.0,27716000000.0,7070000000.0,6,2,2,108.0,60.0,5.71,234325744.3,2483000000.0,-241000000,2013-06-29,McKesson Corp.,Health Care,Health Care Distributors,"San Francisco, California",
MCK,2014-03-31,137000000000.0,129000000000.0,8352000000.0,2439000000,1263000000,457000000,4193000000.0,13780000000,12986000000,32836000000.0,51759000000.0,43237000000.0,8522000000.0,6,2,2,111.0,67.0,5.51,229219600.7,3136000000.0,-278000000,2014-06-29,McKesson Corp.,Health Care,Health Care Distributors,"San Francisco, California",
MCK,2015-03-31,179000000000.0,168000000000.0,11411000000.0,2968000000,1476000000,392000000,5341000000.0,15914000000,14296000000,36670000000.0,53870000000.0,45869000000.0,8001000000.0,6,2,1,109.0,67.0,6.37,231711146.0,3112000000.0,-376000000,2015-06-29,McKesson Corp.,Health Care,Health Care Distributors,"San Francisco, California",
MCK,2016-03-31,191000000000.0,179000000000.0,11416000000.0,3545000000,2258000000,392000000,4048000000.0,17980000000,15335000000,38437000000.0,56563000000.0,47639000000.0,8924000000.0,6,2,2,110.0,66.0,9.82,229938900.2,3672000000.0,-488000000,2016-06-29,McKesson Corp.,Health Care,Health Care Distributors,"San Francisco, California",
MCO,2012-12-31,2730300000.0,795000000.0,1935300000.0,1077400000,690000000,0,1755400000.0,660500000,0,2525700000.0,3960900000.0,3575700000.0,385200000.0,71,39,38,217.0,217.0,3.09,223300970.9,823100000.0,-45000000,2013-03-31,Moody's Corp,Financials,Diversified Financial Services,"New York, New York",
MCO,2013-12-31,2972500000.0,822400000.0,2150100000.0,1234600000,804500000,0,1919500000.0,748100000,0,2968800000.0,4395100000.0,4058100000.0,337000000.0,72,42,39,260.0,260.0,3.67,219209809.3,926800000.0,-42300000,2014-03-31,Moody's Corp,Financials,Diversified Financial Services,"New York, New York",
MCO,2014-12-31,3334300000.0,930300000.0,2404000000.0,1439100000,988700000,0,1219500000.0,836300000,0,2686400000.0,4669000000.0,4856800000.0,-187800000.0,72,43,44,224.0,224.0,4.69,210810234.5,1018600000.0,-74600000,2015-03-31,Moody's Corp,Financials,Diversified Financial Services,"New York, New York",
MCO,2015-12-31,3484500000.0,976300000.0,2508200000.0,1473400000,941300000,0,1757400000.0,831300000,0,3243100000.0,5123400000.0,5688400000.0,-565000000.0,72,42,40,266.0,266.0,4.7,200276595.7,1153600000.0,-89000000,2016-03-30,Moody's Corp,Financials,Diversified Financial Services,"New York, New York",
MDLZ,2012-12-31,35015000000.0,21939000000.0,13076000000.0,3637000000,3067000000,0,4475000000.0,6722000000,3741000000,15673000000.0,75477000000.0,43201000000.0,32276000000.0,37,10,5,105.0,80.0,1.7,1804117647.0,3923000000.0,-1610000000,2013-03-31,Mondelez International,Consumer Staples,Packaged Foods & Meats,"Northfield, Illinois",2012-10-02
MDLZ,2013-12-31,35299000000.0,22189000000.0,13110000000.0,3971000000,3915000000,0,2622000000.0,5920000000,3743000000,13174000000.0,72515000000.0,40142000000.0,32373000000.0,37,11,7,92.0,66.0,2.21,1771493213.0,6410000000.0,-1622000000,2014-03-31,Mondelez International,Consumer Staples,Packaged Foods & Meats,"Northfield, Illinois",2012-10-02
MDLZ,2014-12-31,34244000000.0,21647000000.0,12597000000.0,3242000000,2184000000,0,1631000000.0,5231000000,3480000000,11750000000.0,66771000000.0,39021000000.0,27750000000.0,37,9,7,84.0,59.0,1.29,1693023256.0,3562000000.0,-1642000000,2015-03-31,Mondelez International,Consumer Staples,Packaged Foods & Meats,"Northfield, Illinois",2012-10-02
MDLZ,2015-12-31,29636000000.0,18124000000.0,11512000000.0,8897000000,7267000000,0,1870000000.0,3846000000,2609000000,8958000000.0,62843000000.0,34831000000.0,28012000000.0,39,30,27,82.0,58.0,4.49,1618485523.0,3728000000.0,-1514000000,2016-03-30,Mondelez International,Consumer Staples,Packaged Foods & Meats,"Northfield, Illinois",2012-10-02
MET,2012-12-31,68150000000.0,37987000000.0,30163000000.0,1442000000,1324000000,0,15738000000.0,21634000000,0,0.0,837000000000.0,772000000000.0,64453000000.0,44,2,2,,,1.12,1182142857.0,17160000000.0,0,2013-03-31,MetLife Inc.,Financials,Life & Health Insurance,"New York, New York",
MET,2013-12-31,68199000000.0,38107000000.0,30092000000.0,4052000000,3368000000,0,7585000000.0,21859000000,0,0.0,885000000000.0,824000000000.0,61553000000.0,44,6,6,,,2.94,1145578231.0,16131000000.0,0,2014-03-31,MetLife Inc.,Financials,Life & Health Insurance,"New York, New York",
MET,2014-12-31,73316000000.0,39102000000.0,34214000000.0,8804000000,6309000000,0,10808000000.0,22244000000,0,0.0,902000000000.0,830000000000.0,72053000000.0,47,12,12,,,5.48,1151277372.0,16376000000.0,0,2015-03-31,MetLife Inc.,Financials,Life & Health Insurance,"New York, New York",
MET,2015-12-31,69951000000.0,38714000000.0,31237000000.0,7470000000,5310000000,0,12752000000.0,22863000000,0,0.0,878000000000.0,810000000000.0,67949000000.0,45,11,11,,,4.61,1151843818.0,14129000000.0,0,2016-03-30,MetLife Inc.,Financials,Life & Health Insurance,"New York, New York",
MHK,2012-12-31,5787980000.0,4297922000.0,1490058000.0,379508000,250258000,0,477672000.0,791058000,1133736000,2550046000.0,6303684000.0,2584067000.0,3719617000.0,26,7,5,308.0,171.0,3.63,68941597.8,587590000.0,-208294000,2013-03-31,Mohawk Industries,Consumer Discretionary,Home Furnishings,"Amsterdam, New York",2013-12-23
MHK,2013-12-31,7348754000.0,5427945000.0,1920809000.0,546931000,348786000,0,54066000.0,1210409000,1572325000,3085718000.0,8494177000.0,4033120000.0,4461057000.0,26,7,6,234.0,115.0,4.86,71766666.67,525163000.0,-366550000,2014-03-31,Mohawk Industries,Consumer Discretionary,Home Furnishings,"Amsterdam, New York",2013-12-23
MHK,2014-12-31,7803446000.0,5649254000.0,2154192000.0,772796000,531965000,0,97877000.0,1081963000,1543313000,2980486000.0,8285544000.0,3867538000.0,4418006000.0,28,10,9,153.0,74.0,7.3,72871917.81,662188000.0,-561804000,2015-03-31,Mohawk Industries,Consumer Discretionary,Home Furnishings,"Amsterdam, New York",2013-12-23
MHK,2015-12-31,8071563000.0,5660877000.0,2410686000.0,837566000,615302000,0,81692000.0,1257505000,1607256000,3249972000.0,9942364000.0,5088191000.0,4854173000.0,30,10,9,100.0,50.0,2.59,237568339.8,911873000.0,-503657000,2016-03-30,Mohawk Industries,Consumer Discretionary,Home Furnishings,"Amsterdam, New York",2013-12-23
MJN,2012-12-31,3901300000.0,1503800000.0,2397500000.0,840100000,580400000,100100000,1042100000.0,477000000,435900000,2015000000.0,3258200000.0,3239500000.0,18700000.0,61,22,20,147.0,115.0,2.96,196081081.1,692700000.0,-124400000,2013-03-31,Mead Johnson,Consumer Staples,Packaged Foods & Meats,"Glenview, Illinois",2009-12-21
MJN,2013-12-31,4200700000.0,1528500000.0,2672200000.0,1023400000,683800000,100200000,1050800000.0,475600000,534800000,2118100000.0,3474100000.0,3182300000.0,291800000.0,64,24,22,119.0,89.0,3.2,213687500.0,806600000.0,-240400000,2014-03-31,Mead Johnson,Consumer Staples,Packaged Foods & Meats,"Glenview, Illinois",2009-12-21
MJN,2014-12-31,4409300000.0,1700600000.0,2708700000.0,976000000,719800000,115100000,1297700000.0,395500000,555500000,2331300000.0,3763800000.0,3189500000.0,574300000.0,61,22,21,193.0,147.0,3.55,202760563.4,793400000.0,-186600000,2015-03-31,Mead Johnson,Consumer Staples,Packaged Foods & Meats,"Glenview, Illinois",2009-12-21
MJN,2015-12-31,4071300000.0,1455300000.0,2616000000.0,975200000,653500000,108400000,1701400000.0,355700000,484900000,2602400000.0,3998100000.0,4630400000.0,-632300000.0,64,24,21,208.0,169.0,3.28,199237804.9,909900000.0,-173700000,2016-03-30,Mead Johnson,Consumer Staples,Packaged Foods & Meats,"Glenview, Illinois",2009-12-21
MKC,2013-11-30,4123400000.0,2457600000.0,1665800000.0,550500000,389000000,0,63000000.0,495500000,676900000,1370200000.0,4449700000.0,2517200000.0,1932500000.0,40,13,12,129.0,65.0,2.94,132312925.2,465200000.0,-99900000,2014-02-28,McCormick & Co.,Consumer Staples,Packaged Foods & Meats,"Sparks, Maryland",
MKC,2014-11-30,4243200000.0,2513000000.0,1730200000.0,603000000,437900000,0,77300000.0,493600000,713800000,1416200000.0,4414300000.0,2622100000.0,1792200000.0,41,14,13,126.0,63.0,3.37,129940652.8,503600000.0,-132700000,2015-02-28,McCormick & Co.,Consumer Staples,Packaged Foods & Meats,"Sparks, Maryland",
MKC,2015-11-30,4296300000.0,2559000000.0,1737300000.0,548400000,401600000,0,112600000.0,455200000,710800000,1357400000.0,4472600000.0,2802400000.0,1670200000.0,40,13,12,110.0,52.0,3.14,127898089.2,590000000.0,-128400000,2016-02-28,McCormick & Co.,Consumer Staples,Packaged Foods & Meats,"Sparks, Maryland",
MKC,2016-11-30,4411500000.0,2579800000.0,1831700000.0,641000000,472300000,0,118400000.0,465200000,756300000,1421800000.0,4635900000.0,3009300000.0,1626600000.0,42,15,13,100.0,47.0,,,658100000.0,-153800000,2017-02-28,McCormick & Co.,Consumer Staples,Packaged Foods & Meats,"Sparks, Maryland",
MLM,2012-12-31,2031901000.0,1704767000.0,327134000.0,156170000,84474000,0,25394000.0,301766000,332311000,700401000.0,3160926000.0,1750381000.0,1410545000.0,16,8,5,404.0,212.0,1.83,46160655.74,222689000.0,-151023000,2013-03-31,Martin Marietta Materials,Materials,Construction Materials,"Raleigh, North Carolina",2014-07-02
MLM,2013-12-31,2155551000.0,1791594000.0,363957000.0,217988000,121337000,0,42437000.0,320242000,347307000,755366000.0,3259826000.0,1721949000.0,1537877000.0,17,10,8,359.0,194.0,2.62,46311832.06,308951000.0,-155233000,2014-03-31,Martin Marietta Materials,Materials,Construction Materials,"Raleigh, North Carolina",2014-07-02
MLM,2014-12-31,2957951000.0,2435591000.0,522360000.0,314873000,155601000,0,108651000.0,421001000,484919000,1044178000.0,7219754000.0,2868588000.0,4351166000.0,18,11,8,263.0,141.0,2.73,56996703.3,381658000.0,-232183000,2015-03-31,Martin Marietta Materials,Materials,Construction Materials,"Raleigh, North Carolina",2014-07-02
MLM,2015-12-31,3539570000.0,2817803000.0,721767000.0,479416000,288792000,0,168409000.0,410921000,469141000,1082168000.0,6961732000.0,2904448000.0,4057284000.0,20,14,12,295.0,167.0,4.31,67005104.41,573151000.0,-318232000,2016-03-30,Martin Marietta Materials,Materials,Construction Materials,"Raleigh, North Carolina",2014-07-02
MMC,2012-12-31,11924000000.0,0.0,11924000000.0,1829000000,1176000000,0,2301000000.0,3058000000,0,0.0,16288000000.0,9746000000.0,6542000000.0,100,15,14,,,2.16,544444444.4,1322000000.0,-320000000,2013-03-31,Marsh & McLennan,Financials,Insurance Brokers,"New York, New York",1987-08-31
MMC,2013-12-31,12261000000.0,0.0,12261000000.0,2077000000,1357000000,0,2303000000.0,3310000000,0,0.0,16980000000.0,9075000000.0,7905000000.0,100,17,16,,,2.47,549392712.6,1341000000.0,-401000000,2014-03-31,Marsh & McLennan,Financials,Insurance Brokers,"New York, New York",1987-08-31
MMC,2014-12-31,12951000000.0,0.0,12951000000.0,2301000000,1465000000,0,1958000000.0,3377000000,0,0.0,17793000000.0,10739000000.0,7054000000.0,100,18,16,,,2.69,544609665.4,2119000000.0,-368000000,2015-03-31,Marsh & McLennan,Financials,Insurance Brokers,"New York, New York",1987-08-31
MMC,2015-12-31,12893000000.0,0.0,12893000000.0,2419000000,1599000000,0,1374000000.0,3471000000,0,0.0,18216000000.0,11703000000.0,6513000000.0,100,19,18,,,3.01,531229235.9,1888000000.0,-325000000,2016-03-30,Marsh & McLennan,Financials,Insurance Brokers,"New York, New York",1987-08-31
MMM,2013-12-31,30871000000.0,16106000000.0,14765000000.0,6666000000,4659000000,1715000000,2581000000.0,4253000000,3864000000,12733000000.0,33550000000.0,16048000000.0,17502000000.0,48,22,21,170.0,118.0,6.83,682137628.1,5817000000.0,-1665000000,2014-03-31,3M Company,Industrials,Industrial Conglomerates,"St. Paul, Minnesota",
MMM,2014-12-31,31821000000.0,16447000000.0,15374000000.0,7135000000,4956000000,1770000000,1897000000.0,4238000000,3706000000,12303000000.0,31209000000.0,18100000000.0,13109000000.0,48,22,22,206.0,144.0,7.63,649541284.4,6626000000.0,-1493000000,2015-03-31,3M Company,Industrials,Industrial Conglomerates,"St. Paul, Minnesota",
MMM,2015-12-31,30274000000.0,15383000000.0,14891000000.0,6946000000,4833000000,1763000000,1798000000.0,4154000000,3518000000,10986000000.0,32883000000.0,21454000000.0,11429000000.0,49,23,23,154.0,105.0,7.72,626036269.4,6420000000.0,-1461000000,2016-03-30,3M Company,Industrials,Industrial Conglomerates,"St. Paul, Minnesota",
MMM,2016-12-31,30109000000.0,15040000000.0,15069000000.0,7223000000,5050000000,1735000000,2398000000.0,4392000000,3385000000,11726000000.0,32906000000.0,22608000000.0,10298000000.0,50,24,23,189.0,134.0,,,6662000000.0,-1420000000,2017-03-31,3M Company,Industrials,Industrial Conglomerates,"St. Paul, Minnesota",
MNST,2012-12-31,2060702000.0,995046000.0,1065656000.0,550623000,340020000,0,222514000.0,253714000,203106000,835068000.0,1043325000.0,398928000.0,644397000.0,52,27,27,289.0,219.0,,,287676000.0,-42935000,2013-03-31,Monster Beverage,Consumer Staples,Soft Drinks,"Corona, California",2012-06-28
MNST,2013-12-31,2246428000.0,1073497000.0,1172931000.0,572916000,338661000,0,211349000.0,317104000,221449000,1183043000.0,1420509000.0,428230000.0,992279000.0,52,26,25,374.0,304.0,,,342033000.0,-40762000,2014-03-31,Monster Beverage,Consumer Staples,Soft Drinks,"Corona, California",2012-06-28
MNST,2014-12-31,2464867000.0,1125057000.0,1339810000.0,747505000,483185000,0,370323000.0,280755000,174573000,1653154000.0,1938875000.0,423725000.0,1515150000.0,54,30,30,465.0,416.0,,,585567000.0,-27952000,2015-03-31,Monster Beverage,Consumer Staples,Soft Drinks,"Corona, California",2012-06-28
MNST,2015-12-31,2722564000.0,1090263000.0,1632301000.0,893653000,546733000,0,2175417000.0,477955000,156121000,3582602000.0,5675189000.0,865779000.0,4809410000.0,60,33,33,697.0,666.0,,,207986000.0,-35605000,2016-03-30,Monster Beverage,Consumer Staples,Soft Drinks,"Corona, California",2012-06-28
MO,2012-12-31,24618000000.0,15055000000.0,9563000000.0,7253000000,4180000000,0,2900000000.0,1409000000,1746000000,6315000000.0,35329000000.0,32161000000.0,3168000000.0,39,29,26,76.0,55.0,2.06,2029126214.0,3885000000.0,-124000000,2013-03-31,Altria Group Inc,Consumer Staples,Tobacco,"Richmond, Virginia",
MO,2013-12-31,24466000000.0,14009000000.0,10457000000.0,8084000000,4535000000,0,3175000000.0,1215000000,1879000000,6590000000.0,34859000000.0,30740000000.0,4119000000.0,43,33,28,93.0,67.0,2.26,2006637168.0,4375000000.0,-131000000,2014-03-31,Altria Group Inc,Consumer Staples,Tobacco,"Richmond, Virginia",
MO,2014-12-31,24522000000.0,14362000000.0,10160000000.0,7620000000,5070000000,0,3321000000.0,1267000000,2040000000,6878000000.0,34475000000.0,31461000000.0,3014000000.0,41,31,32,90.0,63.0,2.56,1980468750.0,4663000000.0,-163000000,2015-03-31,Altria Group Inc,Consumer Staples,Tobacco,"Richmond, Virginia",
MO,2015-12-31,25434000000.0,14320000000.0,11114000000.0,8361000000,5241000000,0,2369000000.0,1299000000,2031000000,6086000000.0,32535000000.0,29655000000.0,2880000000.0,44,33,32,86.0,57.0,2.67,1962921348.0,5810000000.0,-229000000,2016-03-30,Altria Group Inc,Consumer Staples,Tobacco,"Richmond, Virginia",
MON,2013-08-31,14861000000.0,7208000000.0,7653000000.0,3570000000,2482000000,1533000000,3668000000.0,3042000000,2947000000,10077000000.0,20664000000.0,8105000000.0,12559000000.0,51,24,23,232.0,164.0,4.65,533763440.9,2740000000.0,-741000000,2013-11-29,Monsanto Co.,Materials,Fertilizers & Agricultural Chemicals,"Creve Coeur, Missouri",2002-08-07
MON,2014-08-31,15855000000.0,7281000000.0,8574000000.0,4075000000,2740000000,1725000000,2367000000.0,3466000000,3597000000,9675000000.0,21918000000.0,14043000000.0,7875000000.0,54,26,24,189.0,119.0,5.28,518939393.9,3054000000.0,-1005000000,2014-11-29,Monsanto Co.,Materials,Fertilizers & Agricultural Chemicals,"Creve Coeur, Missouri",2002-08-07
MON,2015-08-31,15001000000.0,6819000000.0,8182000000.0,3523000000,2314000000,1580000000,3701000000.0,3182000000,3496000000,10625000000.0,21920000000.0,14930000000.0,6990000000.0,55,23,21,205.0,138.0,4.85,477113402.1,3108000000.0,-967000000,2015-11-29,Monsanto Co.,Materials,Fertilizers & Agricultural Chemicals,"Creve Coeur, Missouri",2002-08-07
MON,2016-08-31,13502000000.0,6485000000.0,7017000000.0,2375000000,1336000000,1512000000,1676000000.0,2681000000,3241000000,8157000000.0,19736000000.0,15202000000.0,4534000000.0,52,18,15,121.0,73.0,3.02,442384106.0,2588000000.0,-923000000,2016-11-29,Monsanto Co.,Materials,Fertilizers & Agricultural Chemicals,"Creve Coeur, Missouri",2002-08-07
MOS,2013-05-31,9974100000.0,7213900000.0,2760200000.0,2209600000,1888700000,0,3697100000.0,1091400000,1557300000,6880500000.0,18086000000.0,4660600000.0,13425400000.0,28,22,22,390.0,302.0,4.44,425382882.9,1880500000.0,-1588300000,2013-08-29,The Mosaic Company,Materials,Fertilizers & Agricultural Chemicals,"Plymouth, Minnesota",2011-09-26
MOS,2014-12-31,9055800000.0,7129200000.0,1926600000.0,1311800000,1028600000,0,2374600000.0,754400000,1718300000,5215500000.0,18283000000.0,7579900000.0,10703100000.0,21,14,13,327.0,219.0,2.69,382379182.2,2122100000.0,-929100000,2015-03-31,The Mosaic Company,Materials,Fertilizers & Agricultural Chemicals,"Plymouth, Minnesota",2011-09-26
MOS,2015-12-31,8895300000.0,7177400000.0,1717900000.0,1278800000,1000400000,0,1276300000.0,675000000,1563500000,4143400000.0,17389500000.0,7857700000.0,9531800000.0,19,14,12,202.0,126.0,2.79,358566308.2,1807600000.0,-1000300000,2016-03-30,The Mosaic Company,Materials,Fertilizers & Agricultural Chemicals,"Plymouth, Minnesota",2011-09-26
MOS,2016-12-31,7162800000.0,6352800000.0,810000000.0,319000000,297800000,0,673100000.0,627800000,1391100000,3057700000.0,16840700000.0,7256100000.0,9584600000.0,11,4,3,207.0,113.0,,,1266100000.0,-843100000,2017-03-31,The Mosaic Company,Materials,Fertilizers & Agricultural Chemicals,"Plymouth, Minnesota",2011-09-26
MPC,2012-12-31,82243000000.0,68948000000.0,13295000000.0,5098000000,3389000000,0,4860000000.0,4610000000,3449000000,13029000000.0,27223000000.0,15529000000.0,11694000000.0,16,6,6,159.0,117.0,9.95,340603015.1,4492000000.0,-1369000000,2013-03-31,Marathon Petroleum,Energy,Oil & Gas Refining & Marketing & Transportation,"Findlay, Ohio",2011-07-01
MPC,2013-12-31,100000000000.0,87758000000.0,12402000000.0,3331000000,2112000000,0,2292000000.0,5559000000,4689000000,12737000000.0,28385000000.0,17465000000.0,10920000000.0,12,3,3,130.0,82.0,6.69,315695067.3,3405000000.0,-1206000000,2014-03-31,Marathon Petroleum,Energy,Oil & Gas Refining & Marketing & Transportation,"Findlay, Ohio",2011-07-01
MPC,2014-12-31,97817000000.0,84275000000.0,13542000000.0,3766000000,2524000000,0,1494000000.0,4058000000,5642000000,11339000000.0,30425000000.0,19674000000.0,10751000000.0,14,4,4,132.0,66.0,8.84,285520362.0,3110000000.0,-1480000000,2015-03-31,Marathon Petroleum,Energy,Oil & Gas Refining & Marketing & Transportation,"Findlay, Ohio",2011-07-01
MPC,2015-12-31,72051000000.0,55891000000.0,16160000000.0,4485000000,2852000000,0,1127000000.0,2927000000,5225000000,9471000000.0,43115000000.0,29878000000.0,13237000000.0,22,6,6,149.0,67.0,5.29,539130434.8,4061000000.0,-1998000000,2016-03-30,Marathon Petroleum,Energy,Oil & Gas Refining & Marketing & Transportation,"Findlay, Ohio",2011-07-01
MRK,2012-12-31,47267000000.0,16446000000.0,30821000000.0,9213000000,6168000000,8168000000,13451000000.0,12181000000,6535000000,34857000000.0,106000000000.0,53112000000.0,53020000000.0,65,19,18,190.0,154.0,2.03,3038423645.0,10022000000.0,-1954000000,2013-03-31,Merck & Co.,Health Care,Pharmaceuticals,"Whitehouse Station, New Jersey",
MRK,2013-12-31,44033000000.0,16954000000.0,27079000000.0,5956000000,4404000000,7503000000,15621000000.0,11973000000,6226000000,35685000000.0,106000000000.0,55880000000.0,49765000000.0,61,14,13,200.0,165.0,1.49,2955704698.0,11654000000.0,-1548000000,2014-03-31,Merck & Co.,Health Care,Pharmaceuticals,"Whitehouse Station, New Jersey",
MRK,2014-12-31,42237000000.0,16768000000.0,25469000000.0,5670000000,11920000000,7180000000,7441000000.0,6626000000,5571000000,32605000000.0,98167000000.0,49520000000.0,48647000000.0,60,13,41,177.0,147.0,4.12,2893203884.0,7860000000.0,-1317000000,2015-03-31,Merck & Co.,Health Care,Pharmaceuticals,"Whitehouse Station, New Jersey",
MRK,2015-12-31,39498000000.0,14934000000.0,24564000000.0,6928000000,4442000000,6704000000,8524000000.0,6484000000,4700000000,29764000000.0,102000000000.0,57103000000.0,44676000000.0,62,18,14,155.0,131.0,1.58,2811392405.0,12421000000.0,-1283000000,2016-03-30,Merck & Co.,Health Care,Pharmaceuticals,"Whitehouse Station, New Jersey",
MRO,2012-12-31,11966000000.0,2079000000.0,9887000000.0,2806000000,1582000000,0,684000000.0,2418000000,361000000,3762000000.0,35306000000.0,17023000000.0,18283000000.0,83,23,26,74.0,67.0,2.24,706250000.0,4017000000.0,-4361000000,2013-03-31,Marathon Oil Corp.,Energy,Oil & Gas Exploration & Production,"Houston, Texas",1991-05-01
MRO,2013-12-31,11325000000.0,2156000000.0,9169000000.0,2213000000,1753000000,0,264000000.0,2134000000,364000000,2975000000.0,35620000000.0,16276000000.0,19344000000.0,81,20,21,69.0,60.0,2.49,704016064.3,5270000000.0,-4443000000,2014-03-31,Marathon Oil Corp.,Energy,Oil & Gas Exploration & Production,"Houston, Texas",1991-05-01
MRO,2014-12-31,10846000000.0,2246000000.0,8600000000.0,1187000000,3046000000,0,2398000000.0,1729000000,357000000,4593000000.0,35983000000.0,14963000000.0,21020000000.0,79,11,13,105.0,97.0,4.48,679910714.3,5487000000.0,-5160000000,2015-03-31,Marathon Oil Corp.,Energy,Oil & Gas Exploration & Production,"Houston, Texas",1991-05-01
MRO,2015-12-31,5522000000.0,1694000000.0,3828000000.0,-3030000000,-2204000000,0,1221000000.0,912000000,313000000,2590000000.0,32311000000.0,13758000000.0,18553000000.0,69,55,54,150.0,132.0,-3.26,676073619.6,1565000000.0,-3476000000,2016-03-30,Marathon Oil Corp.,Energy,Oil & Gas Exploration & Production,"Houston, Texas",1991-05-01
MSFT,2013-06-30,77849000000.0,20385000000.0,57464000000.0,26764000000,21863000000,10411000000,3804000000.0,19118000000,1938000000,101000000000.0,142000000000.0,63487000000.0,78944000000.0,74,34,35,271.0,266.0,2.61,8376628352.0,28833000000.0,-4257000000,2013-09-28,Microsoft Corp.,Information Technology,Systems Software,"Redmond, Washington",1994-06-01
MSFT,2014-06-30,86833000000.0,27078000000.0,59755000000.0,27759000000,22074000000,11381000000,8669000000.0,21485000000,2660000000,114000000000.0,172000000000.0,82600000000.0,89784000000.0,69,32,32,250.0,245.0,2.66,8298496241.0,32502000000.0,-5485000000,2014-09-28,Microsoft Corp.,Information Technology,Systems Software,"Redmond, Washington",1994-06-01
MSFT,2015-06-30,93580000000.0,33038000000.0,60542000000.0,18161000000,12193000000,12046000000,5595000000.0,17908000000,2902000000,123000000000.0,174000000000.0,94389000000.0,80083000000.0,65,19,20,247.0,241.0,1.49,8183221477.0,29668000000.0,-5944000000,2015-09-28,Microsoft Corp.,Information Technology,Systems Software,"Redmond, Washington",1994-06-01
MSFT,2016-06-30,85320000000.0,32780000000.0,52540000000.0,20182000000,16798000000,11988000000,6510000000.0,18277000000,2251000000,140000000000.0,194000000000.0,122000000000.0,71997000000.0,62,24,23,235.0,231.0,2.12,7923584906.0,33325000000.0,-8343000000,2016-09-28,Microsoft Corp.,Information Technology,Systems Software,"Redmond, Washington",1994-06-01
MTB,2012-12-31,4608955000.0,116586000.0,0.0,0,1029498000,0,8679887000.0,4448779000,0,0.0,83008803000.0,72806210000.0,10202593000.0,0,0,34,,,7.57,135997093.8,499981000.0,-91519000,2013-03-31,M&T Bank Corp.,Financials,Banks,"Buffalo, New York",
MTB,2013-12-31,4822539000.0,83692000.0,0.0,0,1138480000,0,12496700000.0,5282212000,0,0.0,85162391000.0,73856859000.0,11305532000.0,0,0,37,,,8.26,137830508.5,932324000.0,-129563000,2014-03-31,M&T Bank Corp.,Financials,Banks,"Buffalo, New York",
MTB,2014-12-31,4736150000.0,63083000.0,0.0,0,1066246000,0,21145941000.0,5617564000,0,0.0,96685535000.0,84349639000.0,12335896000.0,0,0,35,,,7.47,142737081.7,1099041000.0,-73161000,2015-03-31,M&T Bank Corp.,Financials,Banks,"Buffalo, New York",
MTB,2015-12-31,4995881000.0,73814000.0,0.0,0,1079667000,0,24892612000.0,5961703000,0,0.0,123000000000.0,107000000000.0,16173289000.0,0,0,34,,,7.22,149538365.7,1742408000.0,-81936000,2016-03-30,M&T Bank Corp.,Financials,Banks,"Buffalo, New York",
MTD,2013-12-31,2378972000.0,1097041000.0,1281931000.0,428523000,306094000,116346000,111874000.0,524637000,210414000,913987000.0,2152819000.0,1217767000.0,935052000.0,54,18,17,162.0,125.0,10.22,29950489.24,345928000.0,-82349000,2014-03-31,Mettler Toledo,Health Care,Life Sciences Tools & Services,"Columbus, Ohio",2016-09-06
MTD,2014-12-31,2485983000.0,1127233000.0,1358750000.0,471771000,338241000,123297000,85263000.0,497989000,204531000,849430000.0,2009110000.0,1289515000.0,719595000.0,55,19,18,125.0,95.0,11.71,28884799.32,418912000.0,-89388000,2015-03-31,Mettler Toledo,Health Care,Life Sciences Tools & Services,"Columbus, Ohio",2016-09-06
MTD,2015-12-31,2395447000.0,1043454000.0,1351993000.0,490008000,352820000,119076000,98887000.0,411420000,214383000,795332000.0,1959335000.0,1378878000.0,580457000.0,56,20,19,142.0,104.0,12.75,27672156.86,426868000.0,-82506000,2016-03-30,Mettler Toledo,Health Care,Life Sciences Tools & Services,"Columbus, Ohio",2016-09-06
MTD,2016-12-31,2508257000.0,1072670000.0,1435587000.0,540710000,384370000,119968000,158674000.0,454988000,222047000,896784000.0,2166777000.0,1731834000.0,434943000.0,57,22,20,153.0,115.0,,,443078000.0,-123957000,2017-03-31,Mettler Toledo,Health Care,Life Sciences Tools & Services,"Columbus, Ohio",2016-09-06
MU,2013-08-29,9073000000.0,7226000000.0,1847000000.0,236000000,1190000000,931000000,3436000000.0,2329000000,2649000000,8911000000.0,19118000000.0,9976000000.0,9142000000.0,20,3,14,216.0,152.0,1.16,1025862069.0,1811000000.0,-1442000000,2013-11-27,Micron Technology,Information Technology,Semiconductors,"Boise, Idaho",1994-09-27
MU,2014-08-28,16358000000.0,10921000000.0,5437000000.0,3087000000,3045000000,1371000000,4150000000.0,2906000000,2455000000,10245000000.0,22416000000.0,11656000000.0,10760000000.0,33,19,17,214.0,163.0,2.87,1060975610.0,5699000000.0,-3107000000,2014-11-26,Micron Technology,Information Technology,Semiconductors,"Boise, Idaho",1994-09-27
MU,2015-09-03,16192000000.0,10977000000.0,5215000000.0,2998000000,2899000000,1540000000,2287000000.0,2507000000,2340000000,8596000000.0,24143000000.0,11841000000.0,12302000000.0,32,19,16,220.0,160.0,2.71,1069741697.0,5208000000.0,-4021000000,2015-12-02,Micron Technology,Information Technology,Semiconductors,"Boise, Idaho",1994-09-27
MU,2016-09-01,12399000000.0,9894000000.0,2505000000.0,168000000,-276000000,1617000000,4140000000.0,2068000000,2889000000,9495000000.0,27540000000.0,15460000000.0,12080000000.0,20,1,2,196.0,137.0,-0.27,1022222222.0,3168000000.0,-5817000000,2016-11-30,Micron Technology,Information Technology,Semiconductors,"Boise, Idaho",1994-09-27
MUR,2012-12-31,4608563000.0,1079136000.0,3529427000.0,1371903000,970876000,0,947316000.0,1942404000,752310000,4108583000.0,17522643000.0,8580608000.0,8942035000.0,77,30,30,121.0,98.0,5.01,193787624.8,2911380000.0,-3541724000,2013-03-31,Murphy Oil,Energy,Integrated Oil & Gas,"El Dorado, Arkansas",
MUR,2013-12-31,5312686000.0,1252812000.0,4059874000.0,1467184000,1123473000,0,750155000.0,1061863000,294195000,3508643000.0,17509484000.0,8913754000.0,8595730000.0,76,28,28,109.0,100.0,5.98,187871739.1,3210695000.0,-3590344000,2014-03-31,Murphy Oil,Energy,Integrated Oil & Gas,"El Dorado, Arkansas",
MUR,2014-12-31,5288933000.0,1089888000.0,4199045000.0,1205887000,905611000,0,1193308000.0,928384000,242733000,3279149000.0,16723738000.0,8150304000.0,8573434000.0,79,23,24,104.0,96.0,5.06,178974505.9,3048639000.0,-3679464000,2015-03-31,Murphy Oil,Energy,Integrated Oil & Gas,"El Dorado, Arkansas",
MUR,2015-12-31,2787116000.0,832306000.0,1954810000.0,-3332217000,-2270833000,0,283183000.0,573855000,166788000,1448416000.0,11493812000.0,6187084000.0,5306728000.0,70,120,118,86.0,77.0,-13.03,174277283.2,1183369000.0,-2549736000,2016-03-30,Murphy Oil,Energy,Integrated Oil & Gas,"El Dorado, Arkansas",
MYL,2014-12-31,7719600000.0,4191600000.0,3528000000.0,1352600000,929400000,581800000,225500000.0,2268500000,1651400000,6441200000.0,15820500000.0,12564600000.0,3255900000.0,46,18,13,121.0,90.0,2.49,373253012.0,1014800000.0,-325300000,2015-03-31,Mylan N.V.,Health Care,Pharmaceuticals,"Amsterdam, Netherlands",
MYL,2015-12-31,9429300000.0,5213200000.0,4216100000.0,1460900000,847600000,671900000,1236000000.0,2689100000,1951000000,6472700000.0,22267700000.0,12503300000.0,9764400000.0,45,15,10,157.0,110.0,,,2008500000.0,-362900000,2016-03-30,Mylan N.V.,Health Care,Pharmaceuticals,"Amsterdam, Netherlands",
NAVI,2013-12-31,6263000000.0,0.0,0.0,0,1418000000,0,6082000000.0,0,0,0.0,160000000000.0,154000000000.0,5637000000.0,0,0,33,,,,,2000000000.0,0,2014-03-31,Navient,Financials,Consumer Finance,"Newark, Delaware",2014-05-01
NAVI,2014-12-31,5637000000.0,0.0,0.0,0,1149000000,0,2076000000.0,0,0,0.0,146000000000.0,142000000000.0,4198000000.0,0,0,33,,,2.74,419343065.7,1664000000.0,0,2015-03-31,Navient,Financials,Consumer Finance,"Newark, Delaware",2014-05-01
NAVI,2015-12-31,5197000000.0,0.0,0.0,0,997000000,0,2095000000.0,0,0,0.0,134000000000.0,130000000000.0,3975000000.0,0,0,31,,,2.66,374812030.1,1910000000.0,0,2016-03-30,Navient,Financials,Consumer Finance,"Newark, Delaware",2014-05-01
NBL,2013-12-31,5015000000.0,844000000.0,4171000000.0,1656000000,978000000,0,1117000000.0,947000000,0,2611000000.0,19642000000.0,10458000000.0,9184000000.0,83,33,27,111.0,111.0,2.72,359558823.5,2937000000.0,-3947000000,2014-03-31,Noble Energy Inc,Energy,Oil & Gas Exploration & Production,"Houston, Texas",2007-10-08
NBL,2014-12-31,5115000000.0,945000000.0,4170000000.0,918000000,1214000000,0,1183000000.0,857000000,0,3075000000.0,22518000000.0,12193000000.0,10325000000.0,82,18,33,122.0,122.0,3.36,361309523.8,3506000000.0,-4871000000,2015-03-31,Noble Energy Inc,Energy,Oil & Gas Exploration & Production,"Houston, Texas",2007-10-08
NBL,2015-12-31,3183000000.0,979000000.0,2204000000.0,-2472000000,-2441000000,0,1028000000.0,450000000,0,2276000000.0,24196000000.0,13826000000.0,10370000000.0,69,78,70,126.0,126.0,-6.07,402141680.4,2062000000.0,-2979000000,2016-03-30,Noble Energy Inc,Energy,Oil & Gas Exploration & Production,"Houston, Texas",2007-10-08
NBL,2016-12-31,3491000000.0,1083000000.0,2408000000.0,-1296000000,-998000000,0,1180000000.0,615000000,0,1955000000.0,21011000000.0,11723000000.0,9288000000.0,69,37,51,132.0,132.0,,,1351000000.0,-1541000000,2017-03-31,Noble Energy Inc,Energy,Oil & Gas Exploration & Production,"Houston, Texas",2007-10-08
NDAQ,2012-12-31,3023000000.0,1446000000.0,1577000000.0,593000000,352000000,0,582000000.0,333000000,0,0.0,9132000000.0,3924000000.0,5208000000.0,52,20,18,,,2.09,168421052.6,588000000.0,-87000000,2013-03-31,NASDAQ OMX Group,Financials,Diversified Financial Services,"New York, New York",2008-10-22
NDAQ,2013-12-31,3100000000.0,1316000000.0,1784000000.0,577000000,385000000,0,482000000.0,393000000,0,0.0,12577000000.0,6393000000.0,6184000000.0,58,19,19,,,2.3,167391304.3,574000000.0,-115000000,2014-03-31,NASDAQ OMX Group,Financials,Diversified Financial Services,"New York, New York",2008-10-22
NDAQ,2014-12-31,3383000000.0,1433000000.0,1950000000.0,637000000,414000000,0,476000000.0,389000000,0,0.0,12071000000.0,6278000000.0,5793000000.0,58,19,18,,,2.45,168979591.8,687000000.0,-140000000,2015-03-31,NASDAQ OMX Group,Financials,Diversified Financial Services,"New York, New York",2008-10-22
NDAQ,2015-12-31,3292000000.0,1313000000.0,1979000000.0,609000000,428000000,0,357000000.0,316000000,0,0.0,11861000000.0,6252000000.0,5609000000.0,60,18,19,,,2.56,167187500.0,685000000.0,-133000000,2016-03-30,NASDAQ OMX Group,Financials,Diversified Financial Services,"New York, New York",2008-10-22
NEE,2012-12-31,14256000000.0,8276000000.0,5980000000.0,3276000000,1911000000,0,329000000.0,2453000000,1073000000,5237000000.0,64439000000.0,48371000000.0,16068000000.0,42,23,18,59.0,47.0,4.59,416339869.3,3992000000.0,-4565000000,2013-03-31,NextEra Energy,Utilities,MultiUtilities,"Juno Beach, Florida",1976-06-30
NEE,2013-12-31,15136000000.0,8152000000.0,6984000000.0,3241000000,1908000000,0,438000000.0,3042000000,1153000000,5842000000.0,69306000000.0,51266000000.0,18040000000.0,46,21,16,64.0,51.0,4.5,424000000.0,5102000000.0,-2833000000,2014-03-31,NextEra Energy,Utilities,MultiUtilities,"Juno Beach, Florida",1976-06-30
NEE,2014-12-31,17021000000.0,8751000000.0,8270000000.0,4384000000,2465000000,0,577000000.0,2898000000,1292000000,6944000000.0,74605000000.0,54689000000.0,19916000000.0,49,26,21,72.0,58.0,5.67,434744268.1,5500000000.0,-3142000000,2015-03-31,NextEra Energy,Utilities,MultiUtilities,"Juno Beach, Florida",1976-06-30
NEE,2015-12-31,17486000000.0,8596000000.0,8890000000.0,4632000000,2752000000,0,571000000.0,2265000000,1259000000,6795000000.0,82479000000.0,59905000000.0,22574000000.0,51,26,23,67.0,55.0,6.11,450409165.3,6116000000.0,-3511000000,2016-03-30,NextEra Energy,Utilities,MultiUtilities,"Juno Beach, Florida",1976-06-30
NEM,2012-12-31,9964000000.0,4334000000.0,5630000000.0,3085000000,1802000000,704000000,1561000000.0,1055000000,1582000000,5945000000.0,29650000000.0,15877000000.0,13773000000.0,57,31,31,189.0,139.0,3.65,493698630.1,2372000000.0,-3210000000,2013-03-31,Newmont Mining Corp. (Hldg. Co.),Materials,Gold,"Denver, Colorado",1969-06-30
NEM,2013-12-31,8414000000.0,5299000000.0,3115000000.0,-3652000000,-2534000000,469000000,1555000000.0,728000000,1522000000,4889000000.0,24607000000.0,14614000000.0,9993000000.0,37,43,43,178.0,123.0,-4.94,512955465.6,1543000000.0,-1900000000,2014-03-31,Newmont Mining Corp. (Hldg. Co.),Materials,Gold,"Denver, Colorado",1969-06-30
NEM,2014-12-31,7292000000.0,4457000000.0,2835000000.0,710000000,508000000,325000000,2403000000.0,716000000,1366000000,5439000000.0,24916000000.0,14642000000.0,10274000000.0,39,10,7,247.0,185.0,1.02,498039215.7,1438000000.0,-1110000000,2015-03-31,Newmont Mining Corp. (Hldg. Co.),Materials,Gold,"Denver, Colorado",1969-06-30
NEM,2015-12-31,7729000000.0,4312000000.0,3417000000.0,1163000000,220000000,289000000,2782000000.0,445000000,1606000000,4983000000.0,25182000000.0,13832000000.0,11350000000.0,44,15,12,352.0,238.0,0.43,511627907.0,2145000000.0,-1401000000,2016-03-30,Newmont Mining Corp. (Hldg. Co.),Materials,Gold,"Denver, Colorado",1969-06-30
NFLX,2013-12-31,4374562000.0,3117203000.0,1257359000.0,228347000,112403000,378769000,604965000.0,0,0,3058763000.0,5412563000.0,4079002000.0,1333561000.0,29,5,4,142.0,142.0,1.93,58239896.37,97831000.0,-54143000,2014-03-31,Netflix Inc.,Information Technology,Internet Software & Services,"Los Gatos, California",2010-12-20
NFLX,2014-12-31,5504656000.0,3752760000.0,1751896000.0,402648000,266799000,472321000,1113608000.0,0,0,3927053000.0,7042500000.0,5184792000.0,1857708000.0,32,7,6,147.0,147.0,4.44,60089864.86,16483000.0,-69726000,2015-03-31,Netflix Inc.,Information Technology,Internet Software & Services,"Los Gatos, California",2010-12-20
NFLX,2015-12-31,6779511000.0,4591476000.0,2188035000.0,305826000,122641000,650788000,1809330000.0,0,0,5431840000.0,10202871000.0,7979445000.0,2223426000.0,32,5,2,154.0,154.0,0.29,422900000.0,-749439000.0,-91248000,2016-03-30,Netflix Inc.,Information Technology,Internet Software & Services,"Los Gatos, California",2010-12-20
NFLX,2016-12-31,8830669000.0,6029901000.0,2800768000.0,379793000,186678000,852098000,1467576000.0,0,0,5720291000.0,13586610000.0,10906810000.0,2679800000.0,32,4,3,125.0,125.0,,,-1473984000.0,-107653000,2017-03-31,Netflix Inc.,Information Technology,Internet Software & Services,"Los Gatos, California",2010-12-20
NFX,2012-12-31,1562000000.0,413000000.0,1149000000.0,-1354000000,-1184000000,0,88000000.0,452000000,132000000,866000000.0,7912000000.0,5132000000.0,2780000000.0,74,87,88,90.0,77.0,-8.8,134545454.5,1147000000.0,-1789000000,2013-03-31,Newfield Exploration Co,Energy,Oil & Gas Exploration & Production,"Houston, Texas",2010-12-20
NFX,2013-12-31,1857000000.0,411000000.0,1446000000.0,450000000,147000000,0,185000000.0,496000000,163000000,901000000.0,9321000000.0,6365000000.0,2956000000.0,78,24,11,70.0,57.0,0.94,156382978.7,1445000000.0,-2095000000,2014-03-31,Newfield Exploration Co,Energy,Oil & Gas Exploration & Production,"Houston, Texas",2010-12-20
NFX,2014-12-31,2288000000.0,485000000.0,1803000000.0,575000000,900000000,0,14000000.0,439000000,33000000,940000000.0,9580000000.0,5687000000.0,3893000000.0,79,25,45,85.0,82.0,6.59,136570561.5,1387000000.0,-2128000000,2015-03-31,Newfield Exploration Co,Energy,Oil & Gas Exploration & Production,"Houston, Texas",2010-12-20
NFX,2015-12-31,1557000000.0,497000000.0,1060000000.0,-5061000000,-3362000000,0,5000000.0,262000000,34000000,625000000.0,4768000000.0,3389000000.0,1379000000.0,68,325,318,97.0,91.0,-21.18,158734655.3,1209000000.0,-1745000000,2016-03-30,Newfield Exploration Co,Energy,Oil & Gas Exploration & Production,"Houston, Texas",2010-12-20
NKE,2013-05-31,25313000000.0,14279000000.0,11034000000.0,3238000000,2472000000,0,3337000000.0,3425000000,3484000000,13630000000.0,17545000000.0,6464000000.0,11081000000.0,44,13,13,344.0,256.0,,,3032000000.0,-598000000,2013-08-29,Nike,Consumer Discretionary,"Apparel, Accessories & Luxury Goods","Washington County, Oregon",1988-11-30
NKE,2014-05-31,27799000000.0,15353000000.0,12446000000.0,3680000000,2693000000,0,2220000000.0,3789000000,3947000000,13696000000.0,18594000000.0,7770000000.0,10824000000.0,45,13,13,272.0,194.0,,,3013000000.0,-880000000,2014-08-29,Nike,Consumer Discretionary,"Apparel, Accessories & Luxury Goods","Washington County, Oregon",1988-11-30
NKE,2015-05-31,30601000000.0,16534000000.0,14067000000.0,4175000000,3273000000,0,3852000000.0,3358000000,4337000000,15587000000.0,21597000000.0,8890000000.0,12707000000.0,46,14,14,246.0,178.0,,,4680000000.0,-963000000,2015-08-29,Nike,Consumer Discretionary,"Apparel, Accessories & Luxury Goods","Washington County, Oregon",1988-11-30
NKE,2016-05-31,32376000000.0,17405000000.0,14971000000.0,4502000000,3760000000,0,3138000000.0,3241000000,4838000000,15025000000.0,21396000000.0,9138000000.0,12258000000.0,46,14,14,280.0,190.0,2.21,1701357466.0,3096000000.0,-1143000000,2016-08-29,Nike,Consumer Discretionary,"Apparel, Accessories & Luxury Goods","Washington County, Oregon",1988-11-30
NLSN,2013-12-31,5703000000.0,2398000000.0,3305000000.0,861000000,740000000,0,564000000.0,1196000000,0,2134000000.0,15530000000.0,9801000000.0,5729000000.0,58,15,9,139.0,139.0,1.97,375634517.8,901000000.0,-130000000,2014-03-31,Nielsen Holdings,Industrials,Research & Consulting Services,"New York, New York",2013-07-09
NLSN,2014-12-31,6288000000.0,2620000000.0,3668000000.0,1089000000,384000000,0,273000000.0,1241000000,0,2011000000.0,15326000000.0,10270000000.0,5056000000.0,58,17,10,112.0,112.0,1.01,380198019.8,1093000000.0,-163000000,2015-03-31,Nielsen Holdings,Industrials,Research & Consulting Services,"New York, New York",2013-07-09
NLSN,2015-12-31,6172000000.0,2539000000.0,3633000000.0,1093000000,570000000,0,357000000.0,1235000000,0,1908000000.0,15303000000.0,10870000000.0,4433000000.0,59,18,16,113.0,113.0,1.55,367741935.5,1209000000.0,-134000000,2016-03-30,Nielsen Holdings,Industrials,Research & Consulting Services,"New York, New York",2013-07-09
NLSN,2016-12-31,6309000000.0,2607000000.0,3702000000.0,1143000000,502000000,0,754000000.0,1171000000,0,2222000000.0,15730000000.0,11628000000.0,4102000000.0,59,18,13,139.0,139.0,,,1296000000.0,-109000000,2017-03-31,Nielsen Holdings,Industrials,Research & Consulting Services,"New York, New York",2013-07-09
NOV,2012-12-31,17194000000.0,12151000000.0,5043000000.0,3389000000,2491000000,0,3319000000.0,5894000000,5891000000,15678000000.0,31484000000.0,11245000000.0,20239000000.0,29,20,19,278.0,173.0,5.86,425085324.2,620000000.0,-569000000,2013-03-31,National Oilwell Varco Inc.,Energy,Oil & Gas Equipment & Services,"Houston, Texas",
NOV,2013-12-31,19221000000.0,14117000000.0,5104000000.0,3199000000,2327000000,0,3436000000.0,6808000000,5603000000,16423000000.0,34812000000.0,12582000000.0,22230000000.0,27,17,16,246.0,162.0,5.46,426190476.2,3397000000.0,-614000000,2014-03-31,National Oilwell Varco Inc.,Energy,Oil & Gas Equipment & Services,"Houston, Texas",
NOV,2014-12-31,21440000000.0,15631000000.0,5809000000.0,3613000000,2502000000,0,3536000000.0,6741000000,5281000000,16162000000.0,33562000000.0,12870000000.0,20692000000.0,27,17,16,219.0,148.0,5.85,427692307.7,2614000000.0,-699000000,2015-03-31,National Oilwell Varco Inc.,Energy,Oil & Gas Equipment & Services,"Houston, Texas",
NOV,2015-12-31,14757000000.0,11694000000.0,3063000000.0,-390000000,-769000000,0,2080000000.0,4552000000,4678000000,11801000000.0,26725000000.0,10342000000.0,16383000000.0,21,3,4,278.0,168.0,-1.99,386432160.8,1332000000.0,-453000000,2016-03-30,National Oilwell Varco Inc.,Energy,Oil & Gas Equipment & Services,"Houston, Texas",
NSC,2013-12-31,11245000000.0,4070000000.0,7175000000.0,3257000000,1910000000,0,1443000000.0,1204000000,223000000,3075000000.0,32483000000.0,21194000000.0,11289000000.0,64,29,26,133.0,124.0,6.1,313114754.1,3078000000.0,-1971000000,2014-03-31,Norfolk Southern Corp.,Industrials,Railroads,"Norfolk, Virginia",
NSC,2014-12-31,11624000000.0,4201000000.0,7423000000.0,3575000000,2000000000,0,973000000.0,1222000000,236000000,2778000000.0,33200000000.0,20792000000.0,12408000000.0,64,31,27,156.0,143.0,6.44,310559006.2,2915000000.0,-2118000000,2015-03-31,Norfolk Southern Corp.,Industrials,Railroads,"Norfolk, Virginia",
NSC,2015-12-31,10511000000.0,3662000000.0,6849000000.0,2884000000,1556000000,0,1101000000.0,946000000,271000000,2512000000.0,34139000000.0,21951000000.0,12188000000.0,65,27,23,113.0,100.0,5.13,303313840.2,2908000000.0,-2385000000,2016-03-30,Norfolk Southern Corp.,Industrials,Railroads,"Norfolk, Virginia",
NSC,2016-12-31,9888000000.0,3045000000.0,6843000000.0,3074000000,1668000000,0,956000000.0,945000000,257000000,2291000000.0,34892000000.0,22483000000.0,12409000000.0,69,31,26,98.0,87.0,,,3034000000.0,-1887000000,2017-03-31,Norfolk Southern Corp.,Industrials,Railroads,"Norfolk, Virginia",
NTAP,2013-04-26,6332400000.0,2571300000.0,3761100000.0,607800000,505300000,904200000,3277100000.0,800900000,139500000,8418200000.0,11242400000.0,6524900000.0,4717500000.0,59,10,9,220.0,216.0,1.4,360928571.4,1386300000.0,-303300000,2013-07-25,NetApp,Information Technology,Internet Software & Services,"Sunnyvale, California",
NTAP,2014-04-25,6325000000.0,2406000000.0,3919000000.0,734000000,638000000,918000000,2291000000.0,855900000,122400000,6471300000.0,9213800000.0,5427300000.0,3786500000.0,62,12,12,240.0,236.0,1.87,341176470.6,1350000000.0,-221000000,2014-07-24,NetApp,Information Technology,Internet Software & Services,"Sunnyvale, California",
NTAP,2015-04-24,6123000000.0,2290000000.0,3833000000.0,716000000,560000000,920000000,1922000000.0,779000000,146000000,6773000000.0,9401000000.0,5987000000.0,3414000000.0,63,12,12,250.0,245.0,1.77,316384180.8,1268000000.0,-175000000,2015-07-23,NetApp,Information Technology,Internet Software & Services,"Sunnyvale, California",
NTAP,2016-04-29,5546000000.0,2173000000.0,3373000000.0,348000000,229000000,861000000,2868000000.0,813000000,98000000,6448000000.0,10037000000.0,7156000000.0,2881000000.0,61,6,6,176.0,173.0,0.78,293589743.6,974000000.0,-160000000,2016-07-28,NetApp,Information Technology,Internet Software & Services,"Sunnyvale, California",
NTRS,2012-12-31,4193500000.0,0.0,0.0,0,687300000,0,61270200000.0,2049100000,0,0.0,97463800000.0,89936800000.0,7527000000.0,0,0,24,,,2.82,243723404.3,814400000.0,-73300000,2013-03-31,Northern Trust Corp.,Financials,Asset Management & Custody Banks,"Chicago, Illinois",
NTRS,2013-12-31,4311700000.0,0.0,0.0,0,731300000,0,66721200000.0,1355200000,0,0.0,103000000000.0,95035300000.0,7912000000.0,0,0,25,,,3.01,242956810.6,839300000.0,-91900000,2014-03-31,Northern Trust Corp.,Financials,Asset Management & Custody Banks,"Chicago, Illinois",
NTRS,2014-12-31,4512600000.0,0.0,0.0,0,811800000,0,70161900000.0,1568800000,0,0.0,110000000000.0,101000000000.0,8448900000.0,0,0,26,,,3.34,243053892.2,936000000.0,-81900000,2015-03-31,Northern Trust Corp.,Financials,Asset Management & Custody Banks,"Chicago, Illinois",
NTRS,2015-12-31,4856500000.0,0.0,0.0,0,973800000,0,76167800000.0,2157000000,0,0.0,117000000000.0,108000000000.0,8705900000.0,0,0,30,,,4.03,241637717.1,1834400000.0,-98500000,2016-03-30,Northern Trust Corp.,Financials,Asset Management & Custody Banks,"Chicago, Illinois",
NUE,2012-12-31,19429273000.0,17915735000.0,1513538000.0,1028638000,504619000,0,1052862000.0,1707317000,2323641000,5661364000.0,14152059000.0,6510488000.0,7641571000.0,8,5,4,279.0,164.0,1.58,319379113.9,1200385000.0,-947608000,2013-03-31,Nucor Corp.,Materials,Steel,"Charlotte, North Carolina",1985-04-30
NUE,2013-12-31,19052046000.0,17641421000.0,1410625000.0,928721000,488025000,0,1483252000.0,1810987000,2605609000,6410046000.0,15203283000.0,7557514000.0,7645769000.0,7,5,4,327.0,194.0,1.52,321069078.9,1077949000.0,-1196952000,2014-03-31,Nucor Corp.,Materials,Steel,"Charlotte, North Carolina",1985-04-30
NUE,2014-12-31,21105141000.0,19198615000.0,1906526000.0,1360328000,713946000,0,1024144000.0,2068298000,2745032000,6441888000.0,15615927000.0,7843457000.0,7772470000.0,9,6,6,307.0,176.0,2.22,321597297.3,1342898000.0,-667982000,2015-03-31,Nucor Corp.,Materials,Steel,"Charlotte, North Carolina",1985-04-30
NUE,2015-12-31,16439276000.0,14858014000.0,1581262000.0,877440000,357659000,0,1939469000.0,1383823000,2145444000,5754380000.0,14250399000.0,6833521000.0,7416878000.0,10,5,4,415.0,261.0,1.11,322215315.3,2157043000.0,-374123000,2016-03-30,Nucor Corp.,Materials,Steel,"Charlotte, North Carolina",1985-04-30
NVDA,2013-01-27,4280159000.0,2053816000.0,2226343000.0,648239000,562536000,1147282000,732786000.0,557988000,412467000,4775258000.0,6412245000.0,1584542000.0,4827703000.0,52,15,15,489.0,447.0,0.91,618171428.6,824172000.0,-183309000,2013-04-27,Nvidia Corporation,Information Technology,Semiconductors,"Santa Clara, California",
NVDA,2014-01-26,4130000000.0,1862000000.0,2268000000.0,496000000,440000000,1336000000,1151587000.0,494851000,387765000,5624711000.0,7250894000.0,2794496000.0,4456398000.0,55,12,12,595.0,554.0,0.75,586666666.7,835000000.0,-255000000,2014-04-26,Nvidia Corporation,Information Technology,Semiconductors,"Santa Clara, California",
NVDA,2015-01-25,4682000000.0,2083000000.0,2599000000.0,759000000,631000000,1360000000,497000000.0,537000000,483000000,5713000000.0,7201000000.0,2783000000.0,4418000000.0,56,16,16,638.0,584.0,1.14,553508771.9,906000000.0,-122000000,2015-04-25,Nvidia Corporation,Information Technology,Semiconductors,"Santa Clara, California",
NVDA,2016-01-31,5010000000.0,2199000000.0,2811000000.0,747000000,614000000,1331000000,596000000.0,505000000,418000000,6053000000.0,7370000000.0,2901000000.0,4469000000.0,56,15,15,257.0,240.0,1.13,543362831.9,1175000000.0,-86000000,2016-04-30,Nvidia Corporation,Information Technology,Semiconductors,"Santa Clara, California",
NWL,2012-12-31,5508500000.0,3414400000.0,2094100000.0,637700000,401300000,0,183800000.0,1248200000,696400000,2271100000.0,6222000000.0,4225300000.0,1996700000.0,38,12,10,145.0,100.0,1.38,290797101.4,618500000.0,-177200000,2013-03-31,Newell Brands,Consumer Discretionary,Housewares & Specialties,"Sandy Springs, Georgia",1989-04-30
NWL,2013-12-31,5607000000.0,3482100000.0,2124900000.0,615100000,474600000,0,226300000.0,1239500000,684400000,2285600000.0,6069700000.0,3998200000.0,2071500000.0,38,11,10,142.0,100.0,1.64,289390243.9,605200000.0,-138200000,2014-03-31,Newell Brands,Consumer Discretionary,Housewares & Specialties,"Sandy Springs, Georgia",1989-04-30
NWL,2014-12-31,5727000000.0,3523600000.0,2203400000.0,604700000,377800000,0,199400000.0,1248200000,708500000,2292200000.0,6564300000.0,4712900000.0,1851400000.0,38,11,8,121.0,84.0,1.37,275766423.4,634100000.0,-161900000,2015-03-31,Newell Brands,Consumer Discretionary,Housewares & Specialties,"Sandy Springs, Georgia",1989-04-30
NWL,2015-12-31,5915700000.0,3611100000.0,2304600000.0,601400000,350000000,0,274800000.0,1250700000,721800000,2493500000.0,7278000000.0,5455100000.0,1822900000.0,39,10,6,125.0,89.0,1.3,269230769.2,565800000.0,-211400000,2016-03-30,Newell Brands,Consumer Discretionary,Housewares & Specialties,"Sandy Springs, Georgia",1989-04-30
NWS,2013-06-30,8891000000.0,0.0,8891000000.0,-1597000000,506000000,0,2381000000.0,1582000000,0,4643000000.0,15643000000.0,3065000000.0,12558000000.0,100,18,2,214.0,214.0,,,501000000.0,-332000000,2013-09-28,News Corp. Class B,Consumer Discretionary,Publishing,"New York, New York",2015-09-18
NWS,2014-06-30,8486000000.0,0.0,8486000000.0,317000000,239000000,0,3145000000.0,1454000000,0,5270000000.0,16489000000.0,3226000000.0,13243000000.0,100,4,2,233.0,233.0,,,1029000000.0,-358000000,2014-09-28,News Corp. Class B,Consumer Discretionary,Publishing,"New York, New York",2015-09-18
NWS,2015-06-30,8524000000.0,0.0,8524000000.0,363000000,-147000000,0,1951000000.0,1283000000,0,4014000000.0,15035000000.0,3070000000.0,11945000000.0,100,4,6,190.0,190.0,,,988000000.0,-308000000,2015-09-28,News Corp. Class B,Consumer Discretionary,Publishing,"New York, New York",2015-09-18
NWS,2016-06-30,8292000000.0,0.0,8292000000.0,90000000,179000000,0,2147000000.0,1229000000,0,3889000000.0,15483000000.0,3899000000.0,11564000000.0,100,1,2,159.0,159.0,,,952000000.0,-256000000,2016-09-28,News Corp. Class B,Consumer Discretionary,Publishing,"New York, New York",2015-09-18
NWSA,2013-06-30,8891000000.0,0.0,8891000000.0,-1597000000,506000000,0,2381000000.0,1582000000,0,4643000000.0,15643000000.0,3065000000.0,12558000000.0,100,18,2,214.0,214.0,,,501000000.0,-332000000,2013-09-28,News Corp. Class A,Consumer Discretionary,Publishing,"New York, New York",2013-08-01
NWSA,2014-06-30,8486000000.0,0.0,8486000000.0,317000000,239000000,0,3145000000.0,1454000000,0,5270000000.0,16489000000.0,3226000000.0,13243000000.0,100,4,2,233.0,233.0,0.41,582926829.3,1029000000.0,-358000000,2014-09-28,News Corp. Class A,Consumer Discretionary,Publishing,"New York, New York",2013-08-01
NWSA,2015-06-30,8524000000.0,0.0,8524000000.0,363000000,-147000000,0,1951000000.0,1283000000,0,4014000000.0,15035000000.0,3070000000.0,11945000000.0,100,4,6,190.0,190.0,-0.26,565384615.4,988000000.0,-308000000,2015-09-28,News Corp. Class A,Consumer Discretionary,Publishing,"New York, New York",2013-08-01
NWSA,2016-06-30,8292000000.0,0.0,8292000000.0,90000000,179000000,0,2147000000.0,1229000000,0,3889000000.0,15483000000.0,3899000000.0,11564000000.0,100,1,2,159.0,159.0,0.3,596666666.7,952000000.0,-256000000,2016-09-28,News Corp. Class A,Consumer Discretionary,Publishing,"New York, New York",2013-08-01
O,2012-12-31,484581000.0,21306000.0,463275000.0,389242000,159152000,0,5248000.0,21659000,0,0.0,5429348000.0,3016554000.0,2412794000.0,96,80,55,,,0.86,185060465.1,326469000.0,0,2013-03-31,Realty Income Corporation,Real Estate,Retail REITs,"San Diego, California",2015-04-07
O,2013-12-31,780209000.0,38851000.0,741358000.0,545847000,245564000,0,10257000.0,39323000,0,0.0,9924441000.0,4538994000.0,5385447000.0,95,70,47,,,1.06,231664150.9,518906000.0,-1429483000,2014-03-31,Realty Income Corporation,Real Estate,Retail REITs,"San Diego, California",2015-04-07
O,2014-12-31,933505000.0,53871000.0,879634000.0,666128000,270635000,0,3852000.0,64386000,0,0.0,11012622000.0,5399221000.0,5613401000.0,94,71,48,,,1.04,260225961.5,627692000.0,-1228243000,2015-03-31,Realty Income Corporation,Real Estate,Retail REITs,"San Diego, California",2015-04-07
O,2015-12-31,1023285000.0,55352000.0,967933000.0,731939000,283766000,0,40294000.0,81678000,0,0.0,11865870000.0,5334274000.0,6531596000.0,95,72,49,,,1.09,260335779.8,692303000.0,-1266885000,2016-03-30,Realty Income Corporation,Real Estate,Retail REITs,"San Diego, California",2015-04-07
OKE,2012-12-31,10184121000.0,8540319000.0,1643802000.0,953479000,360619000,0,583618000.0,1397948000,517014000,2764660000.0,15855275000.0,13725666000.0,2129609000.0,16,9,8,98.0,80.0,1.75,206068000.0,983995000.0,-1866153000,2013-03-31,ONEOK,Energy,Oil & Gas Exploration & Production,"Tulsa, Oklahoma",2010-03-15
OKE,2013-12-31,11871879000.0,10222213000.0,1649666000.0,880618000,266533000,0,145565000.0,1109510000,188286000,2404724000.0,17741481000.0,15403630000.0,2337851000.0,14,7,6,88.0,81.0,1.29,206614728.7,1294767000.0,-2256585000,2014-03-31,ONEOK,Energy,Oil & Gas Exploration & Production,"Tulsa, Oklahoma",2010-03-15
OKE,2014-12-31,12195091000.0,10088548000.0,2106543000.0,1143571000,314107000,0,172812000.0,745494000,189967000,1307244000.0,15261773000.0,14669658000.0,592115000.0,17,9,7,55.0,47.0,1.5,209404666.7,1285610000.0,-1779150000,2015-03-31,ONEOK,Energy,Oil & Gas Exploration & Production,"Tulsa, Oklahoma",2010-03-15
OKE,2015-12-31,7763206000.0,5641052000.0,2122154000.0,996159000,244977000,0,97619000.0,593979000,204780000,975210000.0,15446111000.0,15110313000.0,335798000.0,27,13,7,60.0,47.0,1.17,209382051.3,1006980000.0,-1188312000,2016-03-30,ONEOK,Energy,Oil & Gas Exploration & Production,"Tulsa, Oklahoma",2010-03-15
OMC,2013-12-31,14584500000.0,0.0,14584500000.0,1825300000,991100000,0,2710500000.0,6632600000,1288000000,11652300000.0,22098700000.0,18516300000.0,3582400000.0,100,13,11,95.0,84.0,3.73,265710455.8,1809000000.0,-212000000,2014-03-31,Omnicom Group,Consumer Discretionary,Advertising,"New York, New York",
OMC,2014-12-31,15317800000.0,12602100000.0,2715700000.0,1944100000,1104000000,0,2388100000.0,6524700000,1166600000,11079700000.0,21428400000.0,18578400000.0,2850000000.0,18,13,12,92.0,82.0,4.27,258548009.4,1476500000.0,-213000000,2015-03-31,Omnicom Group,Consumer Discretionary,Advertising,"New York, New York",
OMC,2015-12-31,15134400000.0,12491400000.0,2643000000.0,1920100000,1093900000,0,2605200000.0,7220900000,1122700000,11980500000.0,22110700000.0,19658300000.0,2452400000.0,17,13,12,84.0,76.0,4.43,246930022.6,2172300000.0,-202700000,2016-03-30,Omnicom Group,Consumer Discretionary,Advertising,"New York, New York",
OMC,2016-12-31,15416900000.0,12671200000.0,2745700000.0,2008900000,1148600000,0,3002200000.0,7510800000,1125400000,12722000000.0,23165400000.0,21003400000.0,2162000000.0,18,13,12,91.0,83.0,,,1931200000.0,-165500000,2017-03-31,Omnicom Group,Consumer Discretionary,Advertising,"New York, New York",
ORLY,2012-12-31,6182184000.0,3084766000.0,3097418000.0,977393000,585746000,0,248128000.0,181174000,2276331000,2732948000.0,5749187000.0,3640880000.0,2108307000.0,50,16,15,120.0,20.0,4.83,121272463.8,1251555000.0,-300719000,2013-03-31,O'Reilly Automotive,Consumer Discretionary,Specialty Stores,"Springfield, Missouri",2009-03-27
ORLY,2013-12-31,6649237000.0,3280236000.0,3369001000.0,1103485000,670292000,0,231318000.0,198123000,2375047000,2835201000.0,6067208000.0,4100887000.0,1966321000.0,51,17,16,117.0,19.0,6.14,109168078.2,908026000.0,-395881000,2014-03-31,O'Reilly Automotive,Consumer Discretionary,Specialty Stores,"Springfield, Missouri",2009-03-27
ORLY,2014-12-31,7216081000.0,3507180000.0,3708901000.0,1270374000,778182000,0,250560000.0,213211000,2554789000,3065380000.0,6532083000.0,4513665000.0,2018418000.0,51,18,17,109.0,18.0,7.46,104313941.0,1190430000.0,-429987000,2015-03-31,O'Reilly Automotive,Consumer Discretionary,Specialty Stores,"Springfield, Missouri",2009-03-27
ORLY,2015-12-31,7966674000.0,3804031000.0,4162643000.0,1514021000,931216000,0,116301000.0,233687000,2631015000,3010026000.0,6676684000.0,4715370000.0,1961314000.0,52,19,18,99.0,12.0,9.32,99915879.83,1281476000.0,-414020000,2016-03-30,O'Reilly Automotive,Consumer Discretionary,Specialty Stores,"Springfield, Missouri",2009-03-27
OXY,2012-12-31,20100000000.0,6530000000.0,13570000000.0,6199000000,4598000000,0,1592000000.0,4916000000,1344000000,9492000000.0,64210000000.0,24194000000.0,40016000000.0,68,31,30,130.0,112.0,5.67,810934744.3,11299000000.0,-7874000000,2013-03-31,Occidental Petroleum,Energy,Oil & Gas Exploration & Production,"Los Angeles, California",1982-12-31
OXY,2013-12-31,20170000000.0,6497000000.0,13673000000.0,6601000000,5903000000,0,3393000000.0,5674000000,1200000000,11323000000.0,69443000000.0,26317000000.0,43126000000.0,68,33,38,134.0,120.0,7.33,805320600.3,12778000000.0,-7357000000,2014-03-31,Occidental Petroleum,Energy,Oil & Gas Exploration & Production,"Los Angeles, California",1982-12-31
OXY,2014-12-31,19312000000.0,6803000000.0,12509000000.0,-1334000000,630000000,0,7808000000.0,4206000000,1052000000,13873000000.0,56259000000.0,21300000000.0,34959000000.0,65,7,6,168.0,156.0,0.79,797468354.4,11068000000.0,-8930000000,2015-03-31,Occidental Petroleum,Energy,Oil & Gas Exploration & Production,"Los Angeles, California",1982-12-31
OXY,2015-12-31,12480000000.0,5804000000.0,6676000000.0,-9756000000,-7829000000,0,4394000000.0,2970000000,986000000,9402000000.0,43437000000.0,19087000000.0,24350000000.0,53,78,78,137.0,123.0,-10.23,765298142.7,3351000000.0,-5272000000,2016-03-30,Occidental Petroleum,Energy,Oil & Gas Exploration & Production,"Los Angeles, California",1982-12-31
PAYX,2013-05-31,2326200000.0,0.0,2326200000.0,904800000,569000000,0,4179800000.0,168100000,0,4832600000.0,6163700000.0,4390000000.0,1773700000.0,100,39,39,113.0,113.0,1.56,364743589.7,675300000.0,-98700000,2013-08-29,Paychex Inc.,Information Technology,Internet Software & Services,"Penfield, New York",
PAYX,2014-05-31,2518900000.0,0.0,2518900000.0,982700000,627500000,0,4351100000.0,197700000,0,5002500000.0,6370100000.0,4593100000.0,1777000000.0,100,39,39,113.0,113.0,1.72,364825581.4,880900000.0,-84100000,2014-08-29,Paychex Inc.,Information Technology,Internet Software & Services,"Penfield, New York",
PAYX,2015-05-31,2739600000.0,0.0,2739600000.0,1053600000,674900000,0,4443400000.0,214500000,0,5088200000.0,6467500000.0,4682000000.0,1785500000.0,100,38,39,111.0,111.0,1.86,362849462.4,895200000.0,-102800000,2015-08-29,Paychex Inc.,Information Technology,Internet Software & Services,"Penfield, New York",
PAYX,2016-05-31,2951900000.0,0.0,2951900000.0,1146600000,756800000,0,4129000000.0,444700000,0,4863600000.0,6440800000.0,4529100000.0,1911700000.0,100,39,39,111.0,111.0,2.1,360380952.4,1018200000.0,-97700000,2016-08-29,Paychex Inc.,Information Technology,Internet Software & Services,"Penfield, New York",
PBCT,2012-12-31,1355300000.0,90800000.0,0.0,0,245300000,0,5138700000.0,0,0,0.0,30324400000.0,25285600000.0,5038800000.0,0,0,27,,,0.72,340694444.4,513600000.0,-84200000,2013-03-31,People's United Financial,Financials,Thrifts & Mortgage Finance,"Bridgeport, Connecticut",2008-11-13
PBCT,2013-12-31,1346100000.0,81100000.0,0.0,0,232400000,0,5383500000.0,0,0,0.0,33213700000.0,28645300000.0,4568400000.0,0,0,26,,,0.74,314054054.1,379400000.0,-84000000,2014-03-31,People's United Financial,Financials,Thrifts & Mortgage Finance,"Bridgeport, Connecticut",2008-11-13
PBCT,2014-12-31,1381400000.0,80900000.0,0.0,0,251700000,0,5457100000.0,0,0,0.0,35997100000.0,31364000000.0,4633100000.0,0,0,28,,,0.84,299642857.1,350000000.0,-53500000,2015-03-31,People's United Financial,Financials,Thrifts & Mortgage Finance,"Bridgeport, Connecticut",2008-11-13
PBCT,2015-12-31,1421300000.0,95500000.0,0.0,0,260100000,0,6784200000.0,0,0,0.0,38877400000.0,34145800000.0,4731600000.0,0,0,27,,,0.86,302441860.5,328300000.0,-80300000,2016-03-30,People's United Financial,Financials,Thrifts & Mortgage Finance,"Bridgeport, Connecticut",2008-11-13
PBI,2012-12-31,3823713000.0,1582398000.0,2241315000.0,620154000,445163000,114250000,913276000.0,1968378000,179678000,3212127000.0,7859891000.0,7749260000.0,110631000.0,59,16,13,112.0,105.0,2.22,200523873.9,660188000.0,-176586000,2013-03-31,Pitney-Bowes,Industrials,"Technology, Hardware, Software and Supplies","Stamford, Connecticut",
PBI,2013-12-31,3791335000.0,1650622000.0,2140713000.0,525861000,142835000,110412000,907806000.0,1601655000,103580000,2838212000.0,6772708000.0,6567532000.0,205176000.0,56,14,10,127.0,123.0,0.71,201176056.3,624824000.0,-137512000,2014-03-31,Pitney-Bowes,Industrials,"Technology, Hardware, Software and Supplies","Stamford, Connecticut",
PBI,2014-12-31,3821504000.0,1680791000.0,2140713000.0,567822000,333755000,109931000,1054118000.0,1466163000,84827000,2763687000.0,6499702000.0,6422443000.0,77259000.0,56,15,11,119.0,116.0,1.65,202275757.6,655526000.0,-180556000,2015-03-31,Pitney-Bowes,Industrials,"Technology, Hardware, Software and Supplies","Stamford, Connecticut",
PBI,2015-12-31,3578060000.0,1558591000.0,2019469000.0,603570000,407943000,110156000,650557000.0,1399081000,88824000,2319808000.0,6141462000.0,5962740000.0,178721000.0,56,17,17,102.0,98.0,2.04,199972058.8,514639000.0,-166329000,2016-03-30,Pitney-Bowes,Industrials,"Technology, Hardware, Software and Supplies","Stamford, Connecticut",
PCAR,2012-12-31,16596800000.0,13908300000.0,2688500000.0,1300200000,1111600000,279300000,1272400000.0,902100000,782400000,4481300000.0,18627800000.0,10707700000.0,5846900000.0,16,8,10,116.0,96.0,3.13,355143770.0,1519000000.0,-1803400000,2013-03-31,PACCAR Inc.,Industrials,Construction & Farm Machinery & Heavy Trucks,"Bellevue, Washington",1980-12-31
PCAR,2013-12-31,16661000000.0,13900700000.0,2760300000.0,1364800000,1171300000,251400000,1750100000.0,1019600000,813600000,5158900000.0,20725500000.0,11617400000.0,6634300000.0,17,8,10,169.0,142.0,3.31,353867069.5,2375700000.0,-1872800000,2014-03-31,PACCAR Inc.,Industrials,Construction & Farm Machinery & Heavy Trucks,"Bellevue, Washington",1980-12-31
PCAR,2014-12-31,18534400000.0,15481600000.0,3052800000.0,1671900000,1358800000,215600000,1737600000.0,1047100000,925700000,5272900000.0,20618800000.0,11214000000.0,6753200000.0,16,9,11,174.0,144.0,3.83,354778067.9,2123600000.0,-1537300000,2015-03-31,PACCAR Inc.,Industrials,Construction & Farm Machinery & Heavy Trucks,"Bellevue, Washington",1980-12-31
PCAR,2015-12-31,18671300000.0,15292100000.0,3379200000.0,2001800000,1604000000,239800000,2016400000.0,879000000,796500000,5385700000.0,21109800000.0,11605100000.0,6940400000.0,18,11,13,171.0,146.0,4.52,354867256.6,2556000000.0,-1725200000,2016-03-30,PACCAR Inc.,Industrials,Construction & Farm Machinery & Heavy Trucks,"Bellevue, Washington",1980-12-31
PCG,2013-12-31,15598000000.0,11759000000.0,3839000000.0,1762000000,828000000,0,597000000.0,2431000000,454000000,5977000000.0,55605000000.0,41011000000.0,14342000000.0,25,11,7,80.0,74.0,1.83,452459016.4,3427000000.0,-5207000000,2014-03-31,PG&E Corp.,Utilities,MultiUtilities,"San Francisco, California",
PCG,2014-12-31,17090000000.0,12207000000.0,4883000000.0,2450000000,1450000000,0,449000000.0,1934000000,476000000,6389000000.0,60127000000.0,44127000000.0,15748000000.0,29,14,11,108.0,100.0,3.07,472312703.6,3690000000.0,-4833000000,2015-03-31,PG&E Corp.,Utilities,MultiUtilities,"San Francisco, California",
PCG,2015-12-31,16833000000.0,12713000000.0,4120000000.0,1508000000,888000000,0,357000000.0,2116000000,439000000,5813000000.0,63234000000.0,46406000000.0,16576000000.0,24,9,5,91.0,84.0,1.81,490607734.8,3780000000.0,-5173000000,2016-03-30,PG&E Corp.,Utilities,MultiUtilities,"San Francisco, California",
PCG,2016-12-31,17666000000.0,12734000000.0,4932000000.0,2177000000,1407000000,0,184000000.0,2510000000,463000000,6164000000.0,68598000000.0,50406000000.0,17940000000.0,28,12,8,81.0,75.0,,,4409000000.0,-5709000000,2017-03-31,PG&E Corp.,Utilities,MultiUtilities,"San Francisco, California",
PCLN,2012-12-31,5260956000.0,1177275000.0,4083681000.0,1829793000,1419566000,0,1542990000.0,408250000,0,5682375000.0,6569742000.0,2672767000.0,3896975000.0,78,35,33,389.0,389.0,28.48,49844311.8,1785750000.0,-55158000,2013-03-31,Priceline.com Inc,Consumer Discretionary,Internet & Direct Marketing Retail,"Norwalk, Connecticut",2009-11-06
PCLN,2013-12-31,6793306000.0,1077420000.0,5715886000.0,2412414000,1892663000,0,1300470000.0,610649000,0,7480941000.0,10444460000.0,3534731000.0,6909729000.0,84,36,34,541.0,541.0,37.17,50919101.43,2301436000.0,-84445000,2014-03-31,Priceline.com Inc,Consumer Discretionary,Internet & Direct Marketing Retail,"Norwalk, Connecticut",2009-11-06
PCLN,2014-12-31,8441971000.0,857841000.0,7584130000.0,3073312000,2421753000,0,3149494000.0,643894000,0,5113620000.0,14770977000.0,6204283000.0,8566694000.0,90,36,35,371.0,371.0,46.3,52305680.35,2914397000.0,-131504000,2015-03-31,Priceline.com Inc,Consumer Discretionary,Internet & Direct Marketing Retail,"Norwalk, Connecticut",2009-11-06
PCLN,2015-12-31,9223987000.0,632180000.0,8591807000.0,3258907000,2551360000,0,1478071000.0,645169000,0,3553237000.0,17420575000.0,8625106000.0,8795469000.0,93,35,34,247.0,247.0,50.09,50935516.07,3102231000.0,-173915000,2016-03-30,Priceline.com Inc,Consumer Discretionary,Internet & Direct Marketing Retail,"Norwalk, Connecticut",2009-11-06
PDCO,2013-04-27,3637212000.0,2446443000.0,1190769000.0,354455000,210272000,0,505228000.0,448158000,360563000,1361336000.0,2681778000.0,1287323000.0,1394455000.0,33,10,9,304.0,223.0,2.04,103074509.8,299195000.0,-21983000,2013-07-26,Patterson Companies,Health Care,Health Care Supplies,"St. Paul, Minnesota",
PDCO,2014-04-26,3585141000.0,2566444000.0,1018697000.0,293726000,200612000,0,264908000.0,607580000,436463000,1415717000.0,2864677000.0,1393013000.0,1471664000.0,28,8,7,260.0,180.0,1.99,100810050.3,195836000.0,-34041000,2014-07-25,Patterson Companies,Health Care,Health Care Supplies,"St. Paul, Minnesota",
PDCO,2015-04-25,3910865000.0,2850316000.0,1060549000.0,304586000,223261000,0,347260000.0,586263000,408422000,1573225000.0,2945248000.0,1431125000.0,1514123000.0,27,8,7,272.0,202.0,2.26,98788053.1,262691000.0,-60662000,2015-07-24,Patterson Companies,Health Care,Health Care Supplies,"St. Paul, Minnesota",
PDCO,2016-04-30,5386703000.0,4063955000.0,1322748000.0,347713000,187184000,0,137453000.0,796693000,722140000,1747541000.0,3520804000.0,2079058000.0,1441746000.0,25,6,6,211.0,124.0,1.93,96986528.5,156329000.0,-79354000,2016-07-29,Patterson Companies,Health Care,Health Care Supplies,"St. Paul, Minnesota",
PEG,2012-12-31,9781000000.0,6351000000.0,3430000000.0,2278000000,1275000000,0,379000000.0,1659000000,1005000000,3869000000.0,31725000000.0,20945000000.0,10780000000.0,35,23,21,102.0,76.0,2.52,505952381.0,2787000000.0,-2574000000,2013-03-31,Public Serv. Enterprise Inc.,Utilities,Electric Utilities,"Newark, New Jersey",
PEG,2013-12-31,9968000000.0,6423000000.0,3545000000.0,2299000000,1243000000,0,493000000.0,1636000000,1024000000,3614000000.0,32522000000.0,20914000000.0,11608000000.0,36,23,21,118.0,85.0,2.46,505284552.8,3158000000.0,-2811000000,2014-03-31,Public Serv. Enterprise Inc.,Utilities,Electric Utilities,"Newark, New Jersey",
PEG,2014-12-31,10886000000.0,7036000000.0,3850000000.0,2623000000,1518000000,0,402000000.0,1760000000,1022000000,4119000000.0,35287000000.0,23102000000.0,12185000000.0,35,24,23,118.0,89.0,3.0,506000000.0,3160000000.0,-2820000000,2015-03-31,Public Serv. Enterprise Inc.,Utilities,Electric Utilities,"Newark, New Jersey",
PEG,2015-12-31,10415000000.0,6239000000.0,4176000000.0,2962000000,1679000000,0,394000000.0,1570000000,976000000,3494000000.0,37535000000.0,24469000000.0,13066000000.0,40,28,26,98.0,70.0,3.32,505722891.6,3919000000.0,-3863000000,2016-03-30,Public Serv. Enterprise Inc.,Utilities,Electric Utilities,"Newark, New Jersey",
PEP,2013-12-28,66415000000.0,31243000000.0,35172000000.0,9705000000,6740000000,0,9375000000.0,6954000000,3409000000,22203000000.0,77478000000.0,53069000000.0,24409000000.0,53,15,13,124.0,105.0,4.37,1542334096.0,9688000000.0,-2795000000,2014-03-28,PepsiCo Inc.,Consumer Staples,Soft Drinks,"Purchase, New York",
PEP,2014-12-27,66683000000.0,31238000000.0,35445000000.0,9581000000,6513000000,0,6134000000.0,6651000000,3143000000,20663000000.0,70509000000.0,52931000000.0,17578000000.0,53,14,13,114.0,97.0,4.31,1511136891.0,10506000000.0,-2859000000,2015-03-27,PepsiCo Inc.,Consumer Staples,Soft Drinks,"Purchase, New York",
PEP,2015-12-26,63056000000.0,28731000000.0,34325000000.0,8353000000,5452000000,0,9096000000.0,6437000000,2720000000,23031000000.0,69667000000.0,57599000000.0,12068000000.0,54,13,12,131.0,116.0,3.71,1469541779.0,10580000000.0,-2758000000,2016-03-25,PepsiCo Inc.,Consumer Staples,Soft Drinks,"Purchase, New York",
PEP,2016-12-31,62799000000.0,28209000000.0,34590000000.0,9785000000,6329000000,0,9158000000.0,6694000000,2723000000,27089000000.0,74129000000.0,62883000000.0,11246000000.0,55,16,14,128.0,115.0,,,10404000000.0,-3040000000,2017-03-31,PepsiCo Inc.,Consumer Staples,Soft Drinks,"Purchase, New York",
PFE,2012-12-31,54657000000.0,9821000000.0,44836000000.0,15264000000,14570000000,7482000000,10081000000.0,16845000000,6076000000,64831000000.0,186000000000.0,105000000000.0,81260000000.0,82,28,21,222.0,201.0,1.96,7433673469.0,16746000000.0,-1327000000,2013-03-31,Pfizer Inc.,Health Care,Pharmaceuticals,"New York, New York",
PFE,2013-12-31,51584000000.0,9586000000.0,41998000000.0,15184000000,22003000000,6678000000,2183000000.0,13981000000,6166000000,56244000000.0,172000000000.0,95794000000.0,76307000000.0,81,29,30,241.0,214.0,3.23,6812074303.0,17684000000.0,-1206000000,2014-03-31,Pfizer Inc.,Health Care,Pharmaceuticals,"New York, New York",
PFE,2014-12-31,49605000000.0,9577000000.0,40028000000.0,13249000000,9135000000,8393000000,3343000000.0,10967000000,5663000000,55595000000.0,168000000000.0,96265000000.0,71301000000.0,81,27,25,258.0,231.0,1.44,6343750000.0,16883000000.0,-1199000000,2015-03-31,Pfizer Inc.,Health Care,Pharmaceuticals,"New York, New York",
PFE,2015-12-31,48851000000.0,9648000000.0,39203000000.0,11824000000,6960000000,7690000000,3641000000.0,10838000000,7513000000,43804000000.0,167000000000.0,103000000000.0,64720000000.0,80,24,18,149.0,123.0,1.13,6159292035.0,14512000000.0,-1397000000,2016-03-30,Pfizer Inc.,Health Care,Pharmaceuticals,"New York, New York",
PFG,2013-12-31,9289500000.0,4683600000.0,4605900000.0,1124000000,912700000,0,2371800000.0,1241000000,0,0.0,208000000000.0,199000000000.0,9684200000.0,50,12,12,,,2.99,305250836.1,2221200000.0,-59400000,2014-03-31,Principal Financial Group,Financials,Diversified Financial Services,"Des Moines, Iowa",
PFG,2014-12-31,10477600000.0,5231000000.0,5246600000.0,1494900000,1144100000,0,1863900000.0,1213000000,0,0.0,219000000000.0,209000000000.0,10184000000.0,50,14,14,,,3.7,309216216.2,3102900000.0,-136000000,2015-03-31,Principal Financial Group,Financials,Diversified Financial Services,"Des Moines, Iowa",
PFG,2015-12-31,11964400000.0,6697700000.0,5266700000.0,1430800000,1234000000,0,2564800000.0,1429300000,0,0.0,219000000000.0,209000000000.0,9311600000.0,44,12,12,,,4.11,300243309.0,4377100000.0,-136400000,2016-03-30,Principal Financial Group,Financials,Diversified Financial Services,"Des Moines, Iowa",
PFG,2016-12-31,12394100000.0,6913200000.0,5480900000.0,1591700000,1316500000,0,2719600000.0,1361900000,0,0.0,228000000000.0,218000000000.0,10227300000.0,44,13,13,,,,,3857800000.0,-154900000,2017-03-31,Principal Financial Group,Financials,Diversified Financial Services,"Des Moines, Iowa",
PG,2013-12-31,2104745000.0,155355000.0,1949390000.0,743050000,413738000,859947000,535608000.0,999644000,70354000,1796934000.0,2951013000.0,998937000.0,1952076000.0,93,35,33,601.0,578.0,,,588596000.0,-156323000,2014-03-31,Procter & Gamble,Consumer Staples,Personal Products,"Cincinnati, Ohio",
PG,2014-12-31,2819557000.0,205018000.0,2614539000.0,823919000,338126000,1271353000,648719000.0,976372000,128861000,2084759000.0,3837672000.0,1287421000.0,2550251000.0,93,29,27,318.0,299.0,,,752435000.0,-333006000,2015-03-31,Procter & Gamble,Consumer Staples,Personal Products,"Cincinnati, Ohio",
PG,2015-12-31,4103728000.0,392709000.0,3711019000.0,1251916000,636056000,1620577000,809102000.0,1467793000,238578000,2915095000.0,5609132000.0,1954295000.0,3654837000.0,90,31,30,359.0,330.0,,,1330780000.0,-677933000,2016-03-30,Procter & Gamble,Consumer Staples,Personal Products,"Cincinnati, Ohio",
PG,2016-12-31,4860427000.0,299694000.0,4560733000.0,1330741000,895522000,2052295000,535203000.0,1611620000,399356000,3180188000.0,6973466000.0,2524221000.0,4449245000.0,94,27,27,256.0,224.0,,,1473396000.0,-511941000,2017-03-31,Procter & Gamble,Consumer Staples,Personal Products,"Cincinnati, Ohio",
PGR,2012-12-31,17083900000.0,15590900000.0,1493000000.0,1317700000,902300000,0,179100000.0,4151000000,0,0.0,22694700000.0,16687700000.0,6007000000.0,9,8,8,,,1.5,601533333.3,1691400000.0,-127700000,2013-03-31,Progressive Corp.,Financials,Property & Casualty Insurance,"Mayfield Village, Ohio",
PGR,2013-12-31,18170900000.0,16275100000.0,1895800000.0,1720000000,1165400000,0,75100000.0,4475800000,0,0.0,24408200000.0,18218700000.0,6189500000.0,10,9,9,,,1.95,597641025.6,1899900000.0,-140400000,2014-03-31,Progressive Corp.,Financials,Property & Casualty Insurance,"Mayfield Village, Ohio",
PGR,2014-12-31,19391400000.0,17297300000.0,2094100000.0,1907400000,1281000000,0,108400000.0,4854700000,0,0.0,25787600000.0,18859000000.0,6928600000.0,11,10,10,,,2.17,590322580.6,1725600000.0,-108100000,2015-03-31,Progressive Corp.,Financials,Property & Casualty Insurance,"Mayfield Village, Ohio",
PGR,2015-12-31,20853800000.0,18705900000.0,2147900000.0,1911600000,1267600000,0,224400000.0,5675800000,0,0.0,29819300000.0,22529900000.0,7289400000.0,10,9,9,,,2.16,586851851.9,2292900000.0,-130700000,2016-03-30,Progressive Corp.,Financials,Property & Casualty Insurance,"Mayfield Village, Ohio",
PH,2013-06-30,13015704000.0,10086675000.0,2929029000.0,1374056000,948427000,0,1781412000.0,2189700000,1377405000,5531186000.0,12540898000.0,6802472000.0,5738426000.0,23,11,10,157.0,118.0,6.36,149123742.1,1190935000.0,-265896000,2013-09-28,Parker-Hannifin,Industrials,Industrial Conglomerates,"Cleveland, Ohio",1985-11-30
PH,2014-06-30,13215971000.0,10188227000.0,3027744000.0,1204882000,1041048000,0,1613555000.0,2382806000,1371681000,6071580000.0,13274362000.0,6614934000.0,6659428000.0,23,9,12,187.0,144.0,6.98,149147277.9,1387893000.0,-216340000,2014-09-28,Parker-Hannifin,Industrials,Industrial Conglomerates,"Cleveland, Ohio",1985-11-30
PH,2015-06-30,12711744000.0,9655245000.0,3056499000.0,1511753000,1012140000,0,1180584000.0,1984728000,1300459000,5440945000.0,12279282000.0,7174995000.0,5104287000.0,24,12,11,232.0,176.0,7.08,142957627.1,1301941000.0,-215527000,2015-09-28,Parker-Hannifin,Industrials,Industrial Conglomerates,"Cleveland, Ohio",1985-11-30
PH,2016-06-30,11360753000.0,8823384000.0,2537369000.0,1178009000,806840000,0,1221653000.0,1826103000,1173329000,5207787000.0,12056738000.0,7481483000.0,4575255000.0,22,10,10,220.0,171.0,5.96,135375838.9,1169843000.0,-149407000,2016-09-28,Parker-Hannifin,Industrials,Industrial Conglomerates,"Cleveland, Ohio",1985-11-30
PHM,2013-12-31,5679595000.0,4507196000.0,1172399000.0,603899000,2620116000,0,1653044000.0,2086754000,4002585000,0.0,8734143000.0,4085191000.0,4648952000.0,21,11,9,,,6.79,385878645.1,881136000.0,-28899000,2014-03-31,Pulte Homes Inc.,Consumer Discretionary,Homebuilding,"Atlanta, Georgia",1984-04-30
PHM,2014-12-31,5822363000.0,4244479000.0,1577884000.0,716494000,474338000,0,1309220000.0,1720668000,4392100000,0.0,8569410000.0,3764456000.0,4804954000.0,27,12,12,,,1.27,373494488.2,307881000.0,-48790000,2015-03-31,Pulte Homes Inc.,Consumer Discretionary,Homebuilding,"Atlanta, Georgia",1984-04-30
PHM,2015-12-31,5981964000.0,4353850000.0,1628114000.0,833386000,494090000,0,775435000.0,1394879000,5450058000,0.0,9189406000.0,4430081000.0,4759325000.0,27,14,14,,,1.38,358036231.9,-337590000.0,-45440000,2016-03-30,Pulte Homes Inc.,Consumer Discretionary,Homebuilding,"Atlanta, Georgia",1984-04-30
PHM,2016-12-31,7668476000.0,5728662000.0,1939814000.0,982664000,602703000,0,723248000.0,1049408000,6770655000,0.0,10178200000.0,5518837000.0,4659363000.0,25,13,12,,,,,68270000.0,-39295000,2017-03-31,Pulte Homes Inc.,Consumer Discretionary,Homebuilding,"Atlanta, Georgia",1984-04-30
PKI,2012-12-30,2105188000.0,1143659000.0,961529000.0,103120000,69940000,131835000,171444000.0,457011000,247688000,971754000.0,3901762000.0,1961950000.0,1939812000.0,46,5,3,167.0,125.0,0.61,114655737.7,152170000.0,-42401000,2013-03-30,PerkinElmer,Health Care,Health Care Equipment,"Waltham, Massachusetts",1985-05-31
PKI,2013-12-29,2157586000.0,1181444000.0,976142000.0,227794000,167212000,132400000,173242000.0,466749000,260858000,1044838000.0,3946712000.0,1952225000.0,1994487000.0,45,11,8,173.0,130.0,1.49,112222818.8,158591000.0,-38981000,2014-03-29,PerkinElmer,Health Care,Health Care Equipment,"Waltham, Massachusetts",1985-05-31
PKI,2014-12-28,2237219000.0,1232611000.0,1004608000.0,210742000,157778000,121141000,174821000.0,470563000,285457000,1068551000.0,4127576000.0,2085474000.0,2042102000.0,45,9,8,179.0,131.0,1.4,112698571.4,281597000.0,-29072000,2015-03-28,PerkinElmer,Health Care,Health Care Equipment,"Waltham, Massachusetts",1985-05-31
PKI,2016-01-03,2262359000.0,1237859000.0,1024500000.0,286134000,212425000,125928000,237932000.0,439015000,288028000,1033161000.0,4166295000.0,2055854000.0,2110441000.0,45,13,11,184.0,133.0,1.89,112394179.9,287098000.0,-29632000,2016-04-02,PerkinElmer,Health Care,Health Care Equipment,"Waltham, Massachusetts",1985-05-31
PM,2013-12-31,80029000000.0,59222000000.0,20807000000.0,13515000000,8576000000,0,2154000000.0,4355000000,9846000000,16852000000.0,38168000000.0,45934000000.0,-7766000000.0,26,17,16,99.0,41.0,5.26,1630418251.0,10135000000.0,-1200000000,2014-03-31,Philip Morris International,Consumer Staples,Tobacco,"New York, New York",2008-03-31
PM,2014-12-31,80106000000.0,60775000000.0,19331000000.0,11702000000,7493000000,0,1682000000.0,4537000000,8592000000,15484000000.0,35187000000.0,47816000000.0,-12629000000.0,24,15,13,102.0,46.0,4.76,1574159664.0,7739000000.0,-1153000000,2015-03-31,Philip Morris International,Consumer Staples,Tobacco,"New York, New York",2008-03-31
PM,2015-12-31,73908000000.0,56479000000.0,17429000000.0,10623000000,6873000000,0,3417000000.0,3266000000,8473000000,15804000000.0,33956000000.0,47200000000.0,-13244000000.0,24,14,13,103.0,48.0,4.42,1554977376.0,7865000000.0,-960000000,2016-03-30,Philip Morris International,Consumer Staples,Tobacco,"New York, New York",2008-03-31
PM,2016-12-31,74953000000.0,57659000000.0,17294000000.0,10815000000,6967000000,0,4239000000.0,3499000000,9017000000,17608000000.0,36851000000.0,49539000000.0,-12688000000.0,23,14,13,107.0,52.0,,,8077000000.0,-1172000000,2017-03-31,Philip Morris International,Consumer Staples,Tobacco,"New York, New York",2008-03-31
PNC,2012-12-31,16606000000.0,386000000.0,0.0,0,3001000000,0,85046000000.0,0,0,0.0,305000000000.0,266000000000.0,39003000000.0,0,0,24,,,5.36,559888059.7,6809000000.0,0,2013-03-31,PNC Financial Services,Financials,Banks,"Pittsburgh, Pennsylvania",1988-04-30
PNC,2013-12-31,16872000000.0,344000000.0,0.0,0,4201000000,0,92091000000.0,0,0,0.0,320000000000.0,278000000000.0,42334000000.0,0,0,34,,,7.48,561631016.0,5555000000.0,0,2014-03-31,PNC Financial Services,Financials,Banks,"Pittsburgh, Pennsylvania",1988-04-30
PNC,2014-12-31,16281000000.0,325000000.0,0.0,0,4184000000,0,107000000000.0,0,0,0.0,345000000000.0,301000000000.0,44551000000.0,0,0,34,,,7.44,562365591.4,5557000000.0,0,2015-03-31,PNC Financial Services,Financials,Banks,"Pittsburgh, Pennsylvania",1988-04-30
PNC,2015-12-31,16270000000.0,403000000.0,0.0,0,4106000000,0,119000000000.0,0,0,0.0,358000000000.0,314000000000.0,44710000000.0,0,0,34,,,7.52,546010638.3,5496000000.0,0,2016-03-30,PNC Financial Services,Financials,Banks,"Pittsburgh, Pennsylvania",1988-04-30
PNR,2012-12-31,4306800000.0,3040900000.0,1265900000.0,-4800000,-107200000,92300000,261300000.0,1274600000,1333900000,3204300000.0,11882700000.0,5511600000.0,6371100000.0,29,0,3,195.0,114.0,-0.84,127619047.6,43700000.0,-94500000,2013-03-31,Pentair Ltd.,Industrials,Industrial Machinery,"Worsley, UK",2012-10-01
PNR,2013-12-31,6999700000.0,4629600000.0,2370100000.0,742600000,536800000,122800000,256000000.0,1285000000,1195100000,3232100000.0,11743300000.0,5648000000.0,6095300000.0,34,11,10,201.0,127.0,2.67,201048689.1,927900000.0,-170000000,2014-03-31,Pentair Ltd.,Industrials,Industrial Machinery,"Worsley, UK",2012-10-01
PNR,2014-12-31,7039000000.0,4576000000.0,2463000000.0,851900000,214900000,117300000,110400000.0,1205900000,1130400000,2894100000.0,10655200000.0,5991400000.0,4663800000.0,35,12,11,177.0,108.0,1.13,190176991.2,1008400000.0,-129600000,2015-03-31,Pentair Ltd.,Industrials,Industrial Machinery,"Worsley, UK",2012-10-01
PNR,2015-12-31,6449000000.0,4263200000.0,2185800000.0,177200000,-76400000,119600000,126300000.0,1167700000,1174300000,2780600000.0,11857000000.0,7848200000.0,4008800000.0,34,3,1,187.0,108.0,-0.42,181904761.9,739300000.0,-134300000,2016-03-30,Pentair Ltd.,Industrials,Industrial Machinery,"Worsley, UK",2012-10-01
PNW,2012-12-31,3301804000.0,1879559000.0,1422245000.0,851755000,413164000,0,26202000.0,523344000,249430000,1005726000.0,13379615000.0,9406809000.0,3972806000.0,43,26,20,93.0,70.0,3.48,118725287.4,1171122000.0,-889551000,2013-03-31,Pinnacle West Capital,Utilities,MultiUtilities,"Phoenix, Arizona",
PNW,2013-12-31,3454628000.0,2020436000.0,1434192000.0,846323000,406074000,0,9526000.0,620166000,259710000,1043609000.0,13508686000.0,9314216000.0,4194470000.0,42,24,19,64.0,48.0,3.69,110047154.5,1153307000.0,-1016322000,2014-03-31,Pinnacle West Capital,Utilities,MultiUtilities,"Phoenix, Arizona",
PNW,2014-12-31,3491632000.0,2087854000.0,1403778000.0,811242000,397595000,0,7604000.0,520509000,255986000,973435000.0,14288890000.0,9921397000.0,4367493000.0,40,23,18,62.0,46.0,3.59,110750696.4,1099627000.0,-910634000,2015-03-31,Pinnacle West Capital,Utilities,MultiUtilities,"Phoenix, Arizona",
PNW,2015-12-31,3495443000.0,1969675000.0,1525768000.0,854602000,437257000,0,39488000.0,368395000,279931000,890516000.0,15028258000.0,10444341000.0,4583917000.0,44,24,20,62.0,42.0,3.94,110978934.0,1094327000.0,-1076087000,2016-03-30,Pinnacle West Capital,Utilities,MultiUtilities,"Phoenix, Arizona",
PPG,2013-12-31,14265000000.0,8314000000.0,5951000000.0,1441000000,3231000000,463000000,1116000000.0,3161000000,1824000000,7214000000.0,15863000000.0,10931000000.0,4932000000.0,42,10,9,174.0,130.0,22.53,143408788.3,1791000000.0,-494000000,2014-03-31,PPG Industries,Materials,Diversified Chemicals,"Pittsburgh, Pennsylvania",
PPG,2014-12-31,14791000000.0,8348000000.0,6443000000.0,1485000000,2102000000,483000000,686000000.0,2815000000,1825000000,6443000000.0,17535000000.0,12355000000.0,5180000000.0,44,10,9,132.0,95.0,15.2,138289473.7,1528000000.0,-564000000,2015-03-31,PPG Industries,Materials,Diversified Chemicals,"Pittsburgh, Pennsylvania",
PPG,2015-12-31,14766000000.0,8206000000.0,6560000000.0,1837000000,1406000000,476000000,1311000000.0,2709000000,1659000000,6712000000.0,17076000000.0,12093000000.0,4983000000.0,44,12,12,143.0,108.0,5.18,271428571.4,1837000000.0,-454000000,2016-03-30,PPG Industries,Materials,Diversified Chemicals,"Pittsburgh, Pennsylvania",
PPG,2016-12-31,14751000000.0,8063000000.0,6688000000.0,928000000,877000000,466000000,1820000000.0,2692000000,1546000000,6452000000.0,15769000000.0,10943000000.0,4826000000.0,45,6,6,152.0,116.0,,,1325000000.0,-402000000,2017-03-31,PPG Industries,Materials,Diversified Chemicals,"Pittsburgh, Pennsylvania",
PPL,2012-12-31,12132000000.0,4876000000.0,7256000000.0,3026000000,1526000000,0,955000000.0,1711000000,673000000,5068000000.0,43634000000.0,33154000000.0,10480000000.0,60,25,17,90.0,78.0,2.61,584674329.5,2764000000.0,-3105000000,2013-03-31,PPL Corp.,Utilities,Electric Utilities,"Allentown, Pennsylvania",
PPL,2013-12-31,7263000000.0,1751000000.0,5512000000.0,2561000000,1130000000,0,1185000000.0,2101000000,702000000,5153000000.0,46259000000.0,33793000000.0,12466000000.0,76,35,24,105.0,91.0,1.85,610810810.8,2856000000.0,-3629000000,2014-03-31,PPL Corp.,Utilities,Electric Utilities,"Allentown, Pennsylvania",
PPL,2014-12-31,7852000000.0,1889000000.0,5963000000.0,2867000000,1737000000,0,1399000000.0,1325000000,381000000,6026000000.0,48606000000.0,34978000000.0,13628000000.0,76,37,27,81.0,76.0,2.64,657954545.5,3403000000.0,-3674000000,2015-03-31,PPL Corp.,Utilities,Electric Utilities,"Allentown, Pennsylvania",
PPL,2015-12-31,7669000000.0,1718000000.0,5951000000.0,2831000000,682000000,0,836000000.0,1185000000,357000000,2646000000.0,39301000000.0,29382000000.0,9919000000.0,78,37,27,68.0,59.0,1.01,675247524.8,2615000000.0,-3533000000,2016-03-30,PPL Corp.,Utilities,Electric Utilities,"Allentown, Pennsylvania",
PRU,2012-12-31,84847000000.0,66635000000.0,18212000000.0,708000000,520000000,0,18100000000.0,0,0,0.0,709000000000.0,671000000000.0,38503000000.0,21,1,1,,,-0.48,-1083333333.0,20909000000.0,0,2013-03-31,Prudential Financial,Financials,Diversified Financial Services,"Newark, New Jersey",
PRU,2013-12-31,41461000000.0,26973000000.0,14488000000.0,-1684000000,-667000000,0,11439000000.0,0,0,0.0,732000000000.0,697000000000.0,35278000000.0,35,4,4,,,-1.55,430322580.6,8445000000.0,0,2014-03-31,Prudential Financial,Financials,Diversified Financial Services,"Newark, New Jersey",
PRU,2014-12-31,54105000000.0,33560000000.0,20545000000.0,1759000000,1381000000,0,14918000000.0,0,0,0.0,767000000000.0,725000000000.0,41770000000.0,38,3,3,,,-2.69,-513382899.6,19396000000.0,0,2015-03-31,Prudential Financial,Financials,Diversified Financial Services,"Newark, New Jersey",
PRU,2015-12-31,57119000000.0,32747000000.0,24372000000.0,7769000000,5642000000,0,17612000000.0,0,0,0.0,757000000000.0,715000000000.0,41890000000.0,43,14,14,,,12.37,456103476.2,13895000000.0,0,2016-03-30,Prudential Financial,Financials,Diversified Financial Services,"Newark, New Jersey",
PSX,2012-12-31,179000000000.0,158000000000.0,20844000000.0,3312000000,4124000000,0,3474000000.0,10403000000,3430000000,17962000000.0,48073000000.0,27298000000.0,20775000000.0,12,2,4,144.0,116.0,6.55,629618320.6,4296000000.0,-1701000000,2013-03-31,Phillips 66,Energy,Oil & Gas Refining & Marketing & Transportation,"Houston, Texas",2012-05-01
PSX,2013-12-31,172000000000.0,152000000000.0,19145000000.0,2548000000,3726000000,0,5400000000.0,9632000000,3354000000,19237000000.0,49798000000.0,27848000000.0,21950000000.0,11,1,3,149.0,123.0,6.07,613838550.2,6027000000.0,-1779000000,2014-03-31,Phillips 66,Energy,Oil & Gas Refining & Marketing & Transportation,"Houston, Texas",2012-05-01
PSX,2014-12-31,161000000000.0,140000000000.0,21029000000.0,3157000000,4762000000,0,5207000000.0,7255000000,3397000000,16692000000.0,48692000000.0,27102000000.0,21590000000.0,13,2,4,150.0,120.0,8.4,566904761.9,3529000000.0,-3773000000,2015-03-31,Phillips 66,Energy,Oil & Gas Refining & Marketing & Transportation,"Houston, Texas",2012-05-01
PSX,2015-12-31,98975000000.0,77693000000.0,21282000000.0,4429000000,4227000000,0,3074000000.0,5173000000,3477000000,12256000000.0,48580000000.0,25480000000.0,23100000000.0,22,4,6,163.0,117.0,7.78,543316195.4,5713000000.0,-5764000000,2016-03-30,Phillips 66,Energy,Oil & Gas Refining & Marketing & Transportation,"Houston, Texas",2012-05-01
PVH,2013-02-03,6043000000.0,2793800000.0,3249200000.0,654900000,433800000,0,892209000.0,441324000,878415000,2437006000.0,7731687000.0,4479118000.0,3252569000.0,54,11,9,210.0,134.0,5.98,72541806.02,569600000.0,-210600000,2013-05-04,PVH Corp.,Consumer Discretionary,"Apparel, Accessories & Luxury Goods","New York, New York",2013-02-15
PVH,2014-02-02,8186400000.0,3967100000.0,4219300000.0,545800000,143500000,0,593200000.0,761200000,1281000000,2998600000.0,11575600000.0,7240400000.0,4335200000.0,52,7,4,193.0,111.0,1.77,81073446.33,411900000.0,-237100000,2014-05-03,PVH Corp.,Consumer Discretionary,"Apparel, Accessories & Luxury Goods","New York, New York",2013-02-15
PVH,2015-02-01,8241200000.0,3914500000.0,4326700000.0,613100000,439000000,0,479300000.0,743200000,1257300000,2785800000.0,10824900000.0,6460600000.0,4364300000.0,53,7,5,195.0,107.0,5.33,82363977.49,789100000.0,-255800000,2015-05-02,PVH Corp.,Consumer Discretionary,"Apparel, Accessories & Luxury Goods","New York, New York",2013-02-15
PVH,2016-01-31,8020300000.0,3858700000.0,4161600000.0,743900000,572400000,0,556400000.0,685900000,1322300000,2812600000.0,10696400000.0,6144100000.0,4552300000.0,52,9,8,184.0,98.0,6.95,82359712.23,899600000.0,-263800000,2016-04-30,PVH Corp.,Consumer Discretionary,"Apparel, Accessories & Luxury Goods","New York, New York",2013-02-15
PWR,2012-12-31,5920269000.0,4982562000.0,937707000.0,465122000,322656000,0,394701000.0,1670858000,38261000,2201727000.0,5140757000.0,1374209000.0,3766548000.0,16,8,8,250.0,246.0,1.44,224066666.7,166839000.0,-209445000,2013-03-31,Quanta Services Inc.,Industrials,Industrial Conglomerates,"Houston, Texas",2009-07-01
PWR,2013-12-31,6411577000.0,5424644000.0,986933000.0,475999000,421309000,0,488777000.0,1652593000,31877000,2313318000.0,5793245000.0,1559057000.0,4234188000.0,15,7,9,222.0,219.0,1.87,225298930.5,370558000.0,-221946000,2014-03-31,Quanta Services Inc.,Industrials,Industrial Conglomerates,"Houston, Texas",2009-07-01
PWR,2014-12-31,7747229000.0,6578435000.0,1168794000.0,429060000,315082000,0,190515000.0,2091557000,38921000,2495704000.0,6253583000.0,1739110000.0,4514473000.0,15,6,6,226.0,222.0,1.35,233394074.1,247742000.0,-247216000,2015-03-31,Quanta Services Inc.,Industrials,Industrial Conglomerates,"Houston, Texas",2009-07-01
PWR,2015-12-31,7572436000.0,6648771000.0,923665000.0,237503000,321824000,0,128771000.0,1938878000,75285000,2277519000.0,5213543000.0,2128049000.0,3085494000.0,12,3,3,189.0,183.0,1.59,202405031.4,618183000.0,-209968000,2016-03-30,Quanta Services Inc.,Industrials,Industrial Conglomerates,"Houston, Texas",2009-07-01
PX,2012-12-31,11224000000.0,6396000000.0,4828000000.0,2437000000,1692000000,98000000,157000000.0,1834000000,476000000,2792000000.0,18090000000.0,12026000000.0,6064000000.0,43,22,20,113.0,93.0,5.67,298412698.4,2752000000.0,-2180000000,2013-03-31,Praxair Inc.,Materials,Industrial Gases,"Danbury, Connecticut",1992-07-01
PX,2013-12-31,11925000000.0,6744000000.0,5181000000.0,2625000000,1755000000,98000000,138000000.0,1892000000,506000000,2916000000.0,20255000000.0,13646000000.0,6609000000.0,43,22,21,109.0,90.0,5.94,295454545.5,2917000000.0,-2020000000,2014-03-31,Praxair Inc.,Materials,Industrial Gases,"Danbury, Connecticut",1992-07-01
PX,2014-12-31,12273000000.0,6962000000.0,5311000000.0,2608000000,1694000000,96000000,126000000.0,1796000000,551000000,2839000000.0,19769000000.0,14146000000.0,5623000000.0,43,21,20,114.0,92.0,5.79,292573402.4,2868000000.0,-1689000000,2015-03-31,Praxair Inc.,Materials,Industrial Gases,"Danbury, Connecticut",1992-07-01
PX,2015-12-31,10776000000.0,5960000000.0,4816000000.0,2321000000,1547000000,93000000,147000000.0,1601000000,531000000,2626000000.0,18319000000.0,13930000000.0,4389000000.0,45,22,20,139.0,111.0,5.39,287012987.0,2682000000.0,-1541000000,2016-03-30,Praxair Inc.,Materials,Industrial Gases,"Danbury, Connecticut",1992-07-01
PYPL,2014-12-31,8025000000.0,0.0,8025000000.0,1268000000,419000000,747000000,2201000000.0,14957000000,0,17565000000.0,21917000000.0,13669000000.0,8248000000.0,100,16,16,132.0,132.0,,,2220000000.0,-492000000,2015-03-31,PayPal,Information Technology,Data Processing & Outsourced Services,"San Jose, California",2015-07-20
PYPL,2015-12-31,9248000000.0,0.0,9248000000.0,1461000000,1228000000,792000000,1393000000.0,16582000000,0,20648000000.0,28881000000.0,15122000000.0,13759000000.0,100,16,16,152.0,152.0,1.0,1228000000.0,2546000000.0,-722000000,2016-03-30,PayPal,Information Technology,Data Processing & Outsourced Services,"San Jose, California",2015-07-20
PYPL,2016-12-31,10842000000.0,0.0,10842000000.0,1586000000,1401000000,834000000,1590000000.0,19925000000,0,25733000000.0,33103000000.0,18391000000.0,14712000000.0,100,15,15,152.0,152.0,,,3158000000.0,-669000000,2017-03-31,PayPal,Information Technology,Data Processing & Outsourced Services,"San Jose, California",2015-07-20
QCOM,2013-09-29,24866000000.0,9820000000.0,15046000000.0,7230000000,6853000000,4967000000,6142000000.0,2715000000,1302000000,19555000000.0,45516000000.0,9428000000.0,36088000000.0,61,29,33,375.0,350.0,3.99,1717543860.0,8778000000.0,-1048000000,2013-12-28,QUALCOMM Inc.,Information Technology,Semiconductors,"San Diego, California",
QCOM,2014-09-28,26487000000.0,10686000000.0,15801000000.0,7550000000,7967000000,5477000000,7907000000.0,2989000000,1458000000,22413000000.0,48574000000.0,9405000000.0,39169000000.0,60,29,33,373.0,348.0,4.73,1684355180.0,8887000000.0,-1185000000,2014-12-27,QUALCOMM Inc.,Information Technology,Semiconductors,"San Diego, California",
QCOM,2015-09-27,25281000000.0,10378000000.0,14903000000.0,5776000000,5271000000,5490000000,7560000000.0,2599000000,1492000000,22099000000.0,50796000000.0,19375000000.0,31421000000.0,59,23,26,362.0,338.0,3.26,1616871166.0,5506000000.0,-994000000,2015-12-26,QUALCOMM Inc.,Information Technology,Semiconductors,"San Diego, California",
QCOM,2016-09-25,23554000000.0,9749000000.0,13805000000.0,6495000000,5705000000,5151000000,5946000000.0,2219000000,1556000000,22981000000.0,52359000000.0,20581000000.0,31778000000.0,59,28,29,314.0,293.0,3.84,1485677083.0,7400000000.0,-539000000,2016-12-24,QUALCOMM Inc.,Information Technology,Semiconductors,"San Diego, California",
QRVO,2014-03-29,1148231000.0,743304000.0,404927000.0,27341000,12642000,197269000,171898000.0,155017000,125703000,537418000.0,920312000.0,243961000.0,676351000.0,35,2,2,244.0,187.0,,,130849000.0,-66753000,2014-06-27,Qorvo,Information Technology,Semiconductors,"Greensboro, North Carolina",2015-06-11
QRVO,2015-03-28,1710966000.0,1021658000.0,689308000.0,122466000,196303000,257494000,299814000.0,529854000,346900000,1500105000.0,6892379000.0,719219000.0,6173160000.0,40,7,7,461.0,354.0,2.17,90462211.98,305624000.0,-169862000,2015-06-26,Qorvo,Information Technology,Semiconductors,"Greensboro, North Carolina",2015-06-11
QRVO,2016-04-02,2610726000.0,1561173000.0,1049553000.0,11968000,-28845000,448763000,425881000.0,363736000,427551000,1509210000.0,6596819000.0,1597147000.0,4999672000.0,40,0,0,404.0,289.0,-0.2,144225000.0,687927000.0,-315624000,2016-07-01,Qorvo,Information Technology,Semiconductors,"Greensboro, North Carolina",2015-06-11
R,2013-12-31,6419285000.0,5099484000.0,1319801000.0,397931000,237871000,0,61562000.0,777370000,64298000,1062493000.0,9103782000.0,7207068000.0,1896714000.0,21,6,6,86.0,81.0,4.57,52050547.05,1251811000.0,-2122628000,2014-03-31,Ryder System,Industrials,Industrial Conglomerates,"Miami, Florida",1982-12-31
R,2014-12-31,6638774000.0,5253040000.0,1385734000.0,353333000,218341000,0,50092000.0,794864000,66007000,1043644000.0,9850871000.0,8031784000.0,1819087000.0,21,5,5,94.0,88.0,4.14,52739371.98,1382818000.0,-2259164000,2015-03-31,Ryder System,Industrials,Industrial Conglomerates,"Miami, Florida",1982-12-31
R,2015-12-31,6571893000.0,5086449000.0,1485444000.0,509640000,304768000,0,60945000.0,835489000,63725000,1098302000.0,10952580000.0,8965469000.0,1987111000.0,23,8,7,65.0,62.0,5.75,53003130.43,1441788000.0,-2667978000,2016-03-30,Ryder System,Industrials,Industrial Conglomerates,"Miami, Florida",1982-12-31
R,2016-12-31,6786984000.0,5285568000.0,1501416000.0,540184000,262477000,0,58801000.0,831947000,69529000,1101557000.0,10902454000.0,8850179000.0,2052275000.0,22,8,6,63.0,59.0,,,1601022000.0,-1905157000,2017-03-31,Ryder System,Industrials,Industrial Conglomerates,"Miami, Florida",1982-12-31
RCL,2012-12-31,7688024000.0,5157434000.0,2530590000.0,403110000,18287000,0,310509000.0,281421000,146295000,888060000.0,19827930000.0,11519181000.0,8308749000.0,33,5,0,22.0,18.0,0.08,228587500.0,1381734000.0,-1291499000,2013-03-31,Royal Caribbean Cruises Ltd,Consumer Discretionary,"Hotels, Resorts & Cruise Lines","Miami, Florida",2014-12-05
RCL,2013-12-31,7959894000.0,5305270000.0,2654624000.0,798148000,473692000,0,380377000.0,259746000,151244000,956374000.0,20072947000.0,11264682000.0,8808265000.0,33,10,6,22.0,19.0,2.16,219301851.9,1412068000.0,-763777000,2014-03-31,Royal Caribbean Cruises Ltd,Consumer Discretionary,"Hotels, Resorts & Cruise Lines","Miami, Florida",2014-12-05
RCL,2014-12-31,8073855000.0,5306281000.0,2767574000.0,941859000,764146000,0,189241000.0,261392000,123490000,801083000.0,20713190000.0,12428831000.0,8284359000.0,34,12,9,21.0,18.0,3.45,221491594.2,1743759000.0,-1811398000,2015-03-31,Royal Caribbean Cruises Ltd,Consumer Discretionary,"Hotels, Resorts & Cruise Lines","Miami, Florida",2014-12-05
RCL,2015-12-31,8299074000.0,5099393000.0,3199681000.0,874902000,665783000,0,390713000.0,238972000,121332000,837022000.0,20921855000.0,12858816000.0,8063039000.0,39,11,8,19.0,17.0,3.03,219730363.0,1946366000.0,-1613340000,2016-03-30,Royal Caribbean Cruises Ltd,Consumer Discretionary,"Hotels, Resorts & Cruise Lines","Miami, Florida",2014-12-05
REGN,2013-12-31,2104745000.0,155355000.0,1949390000.0,743050000,413738000,859947000,535608000.0,999644000,70354000,1796934000.0,2951013000.0,998937000.0,1952076000.0,93,35,33,601.0,578.0,4.33,95551501.15,588596000.0,-156323000,2014-03-31,Regeneron,Health Care,Biotechnology,"Tarrytown, New York",2013-05-01
REGN,2014-12-31,2819557000.0,205018000.0,2614539000.0,823919000,338126000,1271353000,648719000.0,976372000,128861000,2084759000.0,3837672000.0,1287421000.0,2550251000.0,93,29,27,318.0,299.0,3.46,97724277.46,752435000.0,-333006000,2015-03-31,Regeneron,Health Care,Biotechnology,"Tarrytown, New York",2013-05-01
REGN,2015-12-31,4103728000.0,392709000.0,3711019000.0,1251916000,636056000,1620577000,809102000.0,1467793000,238578000,2915095000.0,5609132000.0,1954295000.0,3654837000.0,90,31,30,359.0,330.0,6.17,103088492.7,1330780000.0,-677933000,2016-03-30,Regeneron,Health Care,Biotechnology,"Tarrytown, New York",2013-05-01
REGN,2016-12-31,4860427000.0,299694000.0,4560733000.0,1330741000,895522000,2052295000,535203000.0,1611620000,399356000,3180188000.0,6973466000.0,2524221000.0,4449245000.0,94,27,27,256.0,224.0,,,1473396000.0,-511941000,2017-03-31,Regeneron,Health Care,Biotechnology,"Tarrytown, New York",2013-05-01
RHI,2013-12-31,4245895000.0,2522803000.0,1723092000.0,396577000,252195000,0,275764000.0,664786000,0,1172528000.0,1490271000.0,570628000.0,919643000.0,41,9,9,219.0,219.0,1.85,136321621.6,309217000.0,-53725000,2014-03-31,Robert Half International,Industrials,Human Resource & Employment Services,"Menlo Park, California",
RHI,2014-12-31,4695014000.0,2772098000.0,1922916000.0,496625000,305928000,0,287119000.0,790827000,0,1323283000.0,1647267000.0,667409000.0,979858000.0,41,11,11,212.0,212.0,2.28,134178947.4,340698000.0,-62830000,2015-03-31,Robert Half International,Industrials,Human Resource & Employment Services,"Menlo Park, California",
RHI,2015-12-31,5094933000.0,2980462000.0,2114471000.0,580480000,357796000,0,224577000.0,704640000,0,1197997000.0,1671044000.0,667263000.0,1003781000.0,42,11,11,183.0,183.0,2.72,131542647.1,438236000.0,-75057000,2016-03-30,Robert Half International,Industrials,Human Resource & Employment Services,"Menlo Park, California",
RHI,2016-12-31,5250399000.0,3089723000.0,2160676000.0,553222000,343389000,0,260201000.0,703228000,0,1284234000.0,1777971000.0,691372000.0,1086599000.0,41,11,11,189.0,189.0,,,442081000.0,-82956000,2017-03-31,Robert Half International,Industrials,Human Resource & Employment Services,"Menlo Park, California",
RHT,2013-02-28,1328817000.0,200600000.0,1128217000.0,201038000,150204000,263150000,487084000.0,391707000,0,1368749000.0,2813660000.0,1293499000.0,1520161000.0,85,15,16,139.0,139.0,0.78,192569230.8,465297000.0,-85671000,2013-05-29,Red Hat Inc.,Information Technology,Systems Software,"Raleigh, North Carolina",2009-07-27
RHT,2014-02-28,1534615000.0,232600000.0,1302015000.0,232289000,178292000,317263000,646742000.0,468858000,0,1571182000.0,3106619000.0,1555454000.0,1551165000.0,85,15,16,137.0,137.0,0.94,189672340.4,540580000.0,-79587000,2014-05-29,Red Hat Inc.,Information Technology,Systems Software,"Raleigh, North Carolina",2009-07-27
RHT,2015-02-28,1789489000.0,273199000.0,1516290000.0,249994000,180201000,367856000,1047473000.0,468021000,0,1883443000.0,3784569000.0,2496231000.0,1288338000.0,85,14,14,141.0,141.0,0.97,185774226.8,622795000.0,-45648000,2015-05-29,Red Hat Inc.,Information Technology,Systems Software,"Raleigh, North Carolina",2009-07-27
RHT,2016-02-29,2052230000.0,309629000.0,1742601000.0,288048000,199365000,413322000,927778000.0,509715000,0,1872433000.0,4155099000.0,2820667000.0,1334432000.0,85,14,13,120.0,120.0,1.09,182903669.7,716092000.0,-41553000,2016-05-29,Red Hat Inc.,Information Technology,Systems Software,"Raleigh, North Carolina",2009-07-27
RL,2013-03-30,6945000000.0,2789000000.0,4156000000.0,1127000000,750000000,0,974000000.0,607000000,896000000,2963000000.0,5418000000.0,1633000000.0,3785000000.0,60,16,16,264.0,184.0,8.21,91352009.74,1019000000.0,-276000000,2013-06-28,Polo Ralph Lauren Corp.,Consumer Discretionary,"Apparel, Accessories & Luxury Goods","New York, New York",2007-02-02
RL,2014-03-29,7450000000.0,3140000000.0,4310000000.0,1130000000,776000000,0,797000000.0,800000000,1020000000,3329000000.0,6088000000.0,2054000000.0,4034000000.0,58,15,15,343.0,238.0,8.55,90760233.92,907000000.0,-390000000,2014-06-27,Polo Ralph Lauren Corp.,Consumer Discretionary,"Apparel, Accessories & Luxury Goods","New York, New York",2007-02-02
RL,2015-03-28,7620000000.0,3242000000.0,4378000000.0,1035000000,702000000,0,500000000.0,857000000,1042000000,3324000000.0,6106000000.0,2215000000.0,3891000000.0,57,14,13,280.0,192.0,7.96,88190954.77,894000000.0,-391000000,2015-06-26,Polo Ralph Lauren Corp.,Consumer Discretionary,"Apparel, Accessories & Luxury Goods","New York, New York",2007-02-02
RL,2016-04-02,7405000000.0,3218000000.0,4187000000.0,582000000,396000000,0,456000000.0,575000000,1125000000,3053000000.0,6213000000.0,2469000000.0,3744000000.0,57,8,7,255.0,161.0,4.65,85161290.32,1007000000.0,-418000000,2016-07-01,Polo Ralph Lauren Corp.,Consumer Discretionary,"Apparel, Accessories & Luxury Goods","New York, New York",2007-02-02
ROK,2013-09-30,6351900000.0,3778100000.0,2573800000.0,1036100000,756300000,0,1200900000.0,1375600000,615400000,3679900000.0,5844600000.0,3259100000.0,2585500000.0,41,16,15,238.0,198.0,5.43,139281768.0,1014800000.0,-146200000,2013-12-29,Rockwell Automation Inc.,Industrials,Industrial Conglomerates,"Milwaukee, Wisconsin",
ROK,2014-09-30,6623500000.0,3869600000.0,2753900000.0,1183800000,826800000,0,1191300000.0,1379300000,588400000,3934200000.0,6224300000.0,3566200000.0,2658100000.0,42,18,17,233.0,198.0,5.98,138260869.6,1033300000.0,-141000000,2014-12-29,Rockwell Automation Inc.,Industrials,Industrial Conglomerates,"Milwaukee, Wisconsin",
ROK,2015-09-30,6307900000.0,3604800000.0,2703100000.0,1196700000,827600000,0,1427300000.0,1041000000,535600000,3896800000.0,6404700000.0,4147900000.0,2256800000.0,43,19,18,294.0,253.0,6.15,134569105.7,1187700000.0,-122900000,2015-12-29,Rockwell Automation Inc.,Industrials,Industrial Conglomerates,"Milwaukee, Wisconsin",
ROK,2016-09-30,5879500000.0,3404000000.0,2475500000.0,1008100000,729700000,0,1526400000.0,1079000000,526600000,4185000000.0,7101200000.0,5111100000.0,1990100000.0,42,17,16,212.0,185.0,5.6,130303571.4,947300000.0,-116900000,2016-12-29,Rockwell Automation Inc.,Industrials,Industrial Conglomerates,"Milwaukee, Wisconsin",
ROP,2012-12-31,2993489000.0,1321772000.0,1671717000.0,757587000,483360000,0,370590000.0,640593000,190867000,1245542000.0,7071104000.0,3383378000.0,3687726000.0,56,25,23,115.0,97.0,4.95,97648484.85,677852000.0,-38405000,2013-03-31,Roper Industries,Industrials,Industrial Conglomerates,"Sarasota, Florida",2009-12-23
ROP,2013-12-31,3238128000.0,1355200000.0,1882928000.0,842361000,538293000,0,459720000.0,670484000,204923000,1373337000.0,8184981000.0,3971931000.0,4213050000.0,58,26,23,214.0,182.0,5.43,99133149.17,802553000.0,-42528000,2014-03-31,Roper Industries,Industrials,Industrial Conglomerates,"Sarasota, Florida",2009-12-23
ROP,2014-12-31,3549494000.0,1447595000.0,2101899000.0,999473000,646033000,0,610430000.0,662146000,193766000,1512105000.0,8400185000.0,3644825000.0,4755360000.0,59,28,26,241.0,210.0,6.47,99850540.96,840441000.0,-37644000,2015-03-31,Roper Industries,Industrials,Industrial Conglomerates,"Sarasota, Florida",2009-12-23
ROP,2015-12-31,3582395000.0,1417749000.0,2164646000.0,1027918000,696067000,0,778511000.0,610313000,189868000,1618047000.0,10168365000.0,4869418000.0,5298947000.0,60,29,28,225.0,198.0,6.92,100587716.8,928825000.0,-36260000,2016-03-30,Roper Industries,Industrials,Industrial Conglomerates,"Sarasota, Florida",2009-12-23
ROST,2013-02-02,9721065000.0,7011428000.0,2709637000.0,1271751000,786763000,0,646761000.0,80024000,1209237000,2031427000.0,3670561000.0,1903698000.0,1766863000.0,28,13,13,143.0,58.0,3.59,219154039.0,979644000.0,-424434000,2013-05-03,Ross Stores,Consumer Discretionary,Apparel Retail,"Pleasanton, California",2009-12-21
ROST,2014-02-01,10230353000.0,7360924000.0,2869429000.0,1343063000,837304000,0,423168000.0,72839000,1257155000,1867159000.0,3896797000.0,1889495000.0,2007302000.0,28,13,13,134.0,44.0,3.93,213054452.9,1022003000.0,-550515000,2014-05-02,Ross Stores,Consumer Discretionary,Apparel Retail,"Pleasanton, California",2009-12-21
ROST,2015-01-31,11041677000.0,7937956000.0,3103721000.0,1488350000,924724000,0,696608000.0,73278000,1372675000,2249839000.0,4687370000.0,2408160000.0,2279210000.0,28,13,13,136.0,53.0,4.47,206873378.1,1372865000.0,-646691000,2015-05-01,Ross Stores,Consumer Discretionary,Apparel Retail,"Pleasanton, California",2009-12-21
ROST,2016-01-30,11939999000.0,8576873000.0,3363126000.0,1624371000,1020661000,0,761602000.0,73627000,1419104000,2372195000.0,4869119000.0,2397128000.0,2471991000.0,28,14,13,148.0,59.0,2.53,403423320.2,1326252000.0,-366960000,2016-04-29,Ross Stores,Consumer Discretionary,Apparel Retail,"Pleasanton, California",2009-12-21
RRC,2012-12-31,1367135000.0,328784000.0,1038351000.0,114348000,13002000,0,252000.0,167495000,22315000,327614000.0,6728735000.0,4371343000.0,2357392000.0,76,8,2,72.0,67.0,0.08,162525000.0,647099000.0,-1503390000,2013-03-31,Range Resources Corp.,Energy,Oil & Gas Exploration & Production,"Fort Worth, Texas",2007-12-21
RRC,2013-12-31,1832253000.0,516119000.0,1316134000.0,307950000,115722000,0,348000.0,231081000,12451000,248301000.0,7299086000.0,4884634000.0,2414452000.0,72,17,8,50.0,48.0,0.71,162988732.4,743538000.0,-1165177000,2014-03-31,Range Resources Corp.,Energy,Oil & Gas Exploration & Production,"Fort Worth, Texas",2007-12-21
RRC,2014-12-31,2042537000.0,605752000.0,1436785000.0,555300000,634382000,0,448000.0,188941000,17854000,570292000.0,8704604000.0,5247175000.0,3457429000.0,70,27,50,89.0,86.0,3.81,166504461.9,954135000.0,-1212282000,2015-03-31,Range Resources Corp.,Energy,Oil & Gas Exploration & Production,"Fort Worth, Texas",2007-12-21
RRC,2015-12-31,1181704000.0,648968000.0,532736000.0,-872936000,-713685000,0,471000.0,123842000,33217000,439074000.0,6900031000.0,4140373000.0,2759658000.0,45,74,89,125.0,115.0,-4.29,166360139.9,683700000.0,-1035085000,2016-03-30,Range Resources Corp.,Energy,Oil & Gas Exploration & Production,"Fort Worth, Texas",2007-12-21
RSG,2013-12-31,8417200000.0,5234700000.0,3182500000.0,1210300000,588900000,0,213300000.0,1008300000,0,1421900000.0,19949200000.0,12045700000.0,7903500000.0,38,14,10,83.0,83.0,1.63,361288343.6,1548200000.0,-880800000,2014-03-31,Republic Services Inc,Industrials,Industrial Conglomerates,"Phoenix, Arizona",2008-12-05
RSG,2014-12-31,8803300000.0,5643100000.0,3160200000.0,1233100000,547600000,0,75200000.0,1052400000,0,1391000000.0,20094000000.0,12348700000.0,7745300000.0,36,14,10,76.0,76.0,1.54,355584415.6,1529800000.0,-862500000,2015-03-31,Republic Services Inc,Industrials,Industrial Conglomerates,"Phoenix, Arizona",2008-12-05
RSG,2015-12-31,9115000000.0,5518600000.0,3596400000.0,1558800000,749900000,0,32400000.0,962900000,0,1230300000.0,20535900000.0,12761800000.0,7774100000.0,39,17,13,67.0,67.0,2.14,350420560.7,1679700000.0,-945600000,2016-03-30,Republic Services Inc,Industrials,Industrial Conglomerates,"Phoenix, Arizona",2008-12-05
RSG,2016-12-31,9387700000.0,5764000000.0,3623700000.0,1537500000,612600000,0,67800000.0,994800000,0,1284500000.0,20629600000.0,12938300000.0,7691300000.0,39,16,10,71.0,71.0,,,1847800000.0,-927800000,2017-03-31,Republic Services Inc,Industrials,Industrial Conglomerates,"Phoenix, Arizona",2008-12-05
SBUX,2013-09-29,14866800000.0,6382300000.0,8484500000.0,-325400000,8300000,0,2575700000.0,838700000,1111200000,5471400000.0,11516700000.0,7036500000.0,4480200000.0,57,2,2,102.0,81.0,0.01,830000000.0,2908300000.0,-1151200000,2013-12-28,Starbucks Corp.,Consumer Discretionary,Restaurants,"Seattle, Washington",
SBUX,2014-09-28,16447800000.0,6858800000.0,9589000000.0,3081100000,2068100000,0,1708400000.0,948400000,1090900000,4168700000.0,10752900000.0,5480900000.0,5272000000.0,58,19,19,137.0,101.0,2.75,752036363.6,607800000.0,-1160900000,2014-12-27,Starbucks Corp.,Consumer Discretionary,Restaurants,"Seattle, Washington",
SBUX,2015-09-27,19162700000.0,7787500000.0,11375200000.0,3601000000,2757400000,0,1530100000.0,719000000,1306400000,3971000000.0,12416300000.0,6598300000.0,5818000000.0,59,19,20,109.0,73.0,1.84,1498586957.0,3749100000.0,-1303700000,2015-12-26,Starbucks Corp.,Consumer Discretionary,Restaurants,"Seattle, Washington",
SBUX,2016-10-02,21315900000.0,8511100000.0,12804800000.0,4171900000,2817700000,0,2128800000.0,768800000,1378500000,4760500000.0,14329500000.0,8445500000.0,5884000000.0,60,20,20,105.0,74.0,1.91,1475235602.0,4575100000.0,-1440300000,2016-12-31,Starbucks Corp.,Consumer Discretionary,Restaurants,"Seattle, Washington",
SCG,2012-12-31,4176000000.0,2754000000.0,1422000000.0,859000000,420000000,0,72000000.0,791000000,440000000,1527000000.0,14616000000.0,10462000000.0,4154000000.0,34,21,14,84.0,60.0,3.2,131250000.0,839000000.0,-1077000000,2013-03-31,SCANA Corp,Utilities,MultiUtilities,"Cayce, South Carolina",2009-01-02
SCG,2013-12-31,4495000000.0,2987000000.0,1508000000.0,910000000,471000000,0,136000000.0,802000000,362000000,1421000000.0,15164000000.0,10500000000.0,4664000000.0,34,20,15,99.0,73.0,3.4,138529411.8,1050000000.0,-1106000000,2014-03-31,SCANA Corp,Utilities,MultiUtilities,"Cayce, South Carolina",2009-01-02
SCG,2014-12-31,4951000000.0,3331000000.0,1620000000.0,1007000000,538000000,0,137000000.0,838000000,361000000,2145000000.0,16818000000.0,11831000000.0,4987000000.0,33,20,16,87.0,72.0,3.79,141952506.6,730000000.0,-1092000000,2015-03-31,SCANA Corp,Utilities,MultiUtilities,"Cayce, South Carolina",2009-01-02
SCG,2015-12-31,4380000000.0,2714000000.0,1666000000.0,1308000000,746000000,0,176000000.0,732000000,312000000,1378000000.0,17146000000.0,11703000000.0,5443000000.0,38,30,26,71.0,55.0,5.22,142911877.4,1059000000.0,-1153000000,2016-03-30,SCANA Corp,Utilities,MultiUtilities,"Cayce, South Carolina",2009-01-02
SCHW,2012-12-31,4883000000.0,0.0,4883000000.0,1450000000,928000000,0,41132000000.0,13791000000,0,0.0,134000000000.0,124000000000.0,9589000000.0,100,30,30,,,0.69,1344927536.0,1266000000.0,-148000000,2013-03-31,Charles Schwab Corporation,Financials,Investment Banking & Brokerage,"San Francisco, California",
SCHW,2013-12-31,5435000000.0,0.0,5435000000.0,1705000000,1071000000,0,31281000000.0,14460000000,0,0.0,144000000000.0,133000000000.0,10381000000.0,100,31,31,,,0.78,1373076923.0,1656000000.0,-249000000,2014-03-31,Charles Schwab Corporation,Financials,Investment Banking & Brokerage,"San Francisco, California",
SCHW,2014-12-31,6058000000.0,0.0,6058000000.0,2115000000,1321000000,0,32144000000.0,16138000000,0,0.0,155000000000.0,143000000000.0,11803000000.0,100,35,35,,,0.96,1376041667.0,2348000000.0,-400000000,2015-03-31,Charles Schwab Corporation,Financials,Investment Banking & Brokerage,"San Francisco, California",
SCHW,2015-12-31,6380000000.0,0.0,6380000000.0,2279000000,1447000000,0,31576000000.0,17895000000,0,0.0,184000000000.0,170000000000.0,13402000000.0,100,36,36,,,1.04,1391346154.0,1246000000.0,-266000000,2016-03-30,Charles Schwab Corporation,Financials,Investment Banking & Brokerage,"San Francisco, California",
SE,2012-12-31,5075000000.0,2417000000.0,2658000000.0,1575000000,940000000,0,94000000.0,970000000,309000000,1663000000.0,30587000000.0,21615000000.0,8972000000.0,52,31,28,44.0,36.0,1.44,652777777.8,1938000000.0,-2025000000,2013-03-31,Spectra Energy Corp.,Energy,Oil & Gas Refining & Marketing & Transportation,"Houston, Texas",
SE,2013-12-31,5518000000.0,2707000000.0,2811000000.0,1666000000,1038000000,0,201000000.0,1336000000,263000000,2081000000.0,33533000000.0,25039000000.0,8494000000.0,51,30,29,52.0,45.0,1.55,669677419.4,2030000000.0,-1947000000,2014-03-31,Spectra Energy Corp.,Energy,Oil & Gas Refining & Marketing & Transportation,"Houston, Texas",
SE,2014-12-31,5903000000.0,2790000000.0,3113000000.0,1924000000,1082000000,0,215000000.0,1336000000,313000000,2332000000.0,33998000000.0,25838000000.0,8160000000.0,53,33,28,61.0,53.0,1.61,672049689.4,2221000000.0,-2028000000,2015-03-31,Spectra Energy Corp.,Energy,Oil & Gas Refining & Marketing & Transportation,"Houston, Texas",
SE,2015-12-31,5234000000.0,2335000000.0,2899000000.0,1433000000,196000000,0,213000000.0,806000000,307000000,1648000000.0,32923000000.0,26397000000.0,6526000000.0,55,27,12,49.0,40.0,0.29,675862069.0,2247000000.0,-2848000000,2016-03-30,Spectra Energy Corp.,Energy,Oil & Gas Refining & Marketing & Transportation,"Houston, Texas",
SEE,2013-12-31,7690800000.0,5100900000.0,2589900000.0,604600000,125800000,0,992400000.0,1652000000,730200000,3459500000.0,9176000000.0,7761100000.0,1414900000.0,34,8,2,128.0,101.0,0.64,196562500.0,640400000.0,-116000000,2014-03-31,Sealed Air,Materials,Paper Packaging,"Elmwood Park, New Jersey",
SEE,2014-12-31,7750500000.0,5062900000.0,2687600000.0,653600000,155600000,0,286400000.0,1405800000,688500000,2618600000.0,7953200000.0,6790400000.0,1162800000.0,35,8,3,152.0,112.0,1.22,127540983.6,-218800000.0,-153900000,2015-03-31,Sealed Air,Materials,Paper Packaging,"Elmwood Park, New Jersey",
SEE,2015-12-31,7031500000.0,4444900000.0,2586600000.0,763400000,225400000,0,351700000.0,912600000,660800000,2215700000.0,7405000000.0,6877900000.0,527100000.0,37,11,6,123.0,86.0,1.63,138282208.6,982100000.0,-184000000,2016-03-30,Sealed Air,Materials,Paper Packaging,"Elmwood Park, New Jersey",
SEE,2016-12-31,6778300000.0,4246700000.0,2531600000.0,819100000,486300000,0,363700000.0,1053200000,659900000,2215300000.0,7389100000.0,6779400000.0,609700000.0,37,12,8,105.0,73.0,,,906900000.0,-275700000,2017-03-31,Sealed Air,Materials,Paper Packaging,"Elmwood Park, New Jersey",
SHW,2012-12-31,9534462000.0,5328236000.0,4206226000.0,937244000,631034000,0,862590000.0,1159238000,920324000,3149238000.0,6234737000.0,4442933000.0,1791804000.0,44,10,10,168.0,119.0,6.15,102607154.5,887886000.0,-157112000,2013-03-31,Sherwin-Williams,Materials,Specialty Chemicals,"Cleveland, Ohio",1964-06-30
SHW,2013-12-31,10185532000.0,5568966000.0,4616566000.0,1146366000,752561000,0,744889000.0,1202247000,970815000,3158717000.0,6382507000.0,4607972000.0,1774535000.0,45,11,11,125.0,87.0,7.41,101560188.9,1083766000.0,-166680000,2014-03-31,Sherwin-Williams,Materials,Specialty Chemicals,"Cleveland, Ohio",1964-06-30
SHW,2014-12-31,11129533000.0,5965049000.0,5164484000.0,1304036000,865887000,0,40732000.0,1239652000,1033527000,2566780000.0,5706052000.0,4709582000.0,996470000.0,46,12,11,96.0,57.0,8.95,96747150.84,1081528000.0,-200545000,2015-03-31,Sherwin-Williams,Materials,Specialty Chemicals,"Cleveland, Ohio",1964-06-30
SHW,2015-12-31,11339304000.0,5780078000.0,5559226000.0,1615440000,1053849000,0,205744000.0,1202158000,1018530000,2658874000.0,5791855000.0,4923945000.0,867910000.0,49,14,14,124.0,77.0,11.38,92605360.28,1447463000.0,-234340000,2016-03-30,Sherwin-Williams,Materials,Specialty Chemicals,"Cleveland, Ohio",1964-06-30
SIG,2013-02-02,3983400000.0,2446000000.0,1537400000.0,560500000,359900000,0,301000000.0,1252500000,1397000000,3036100000.0,3719000000.0,1389100000.0,2329900000.0,39,14,14,348.0,188.0,4.37,82356979.41,312700000.0,-134200000,2013-05-03,Signet Jewelers,Consumer Discretionary,Specialty Stores,"Hamilton, Bermuda",2015-07-29
SIG,2014-02-01,4209200000.0,2628700000.0,1580500000.0,570500000,368000000,0,247600000.0,1435000000,1488000000,3257600000.0,4029200000.0,1466100000.0,2563100000.0,38,14,13,362.0,196.0,4.59,80174291.94,235500000.0,-152700000,2014-05-02,Signet Jewelers,Consumer Discretionary,Specialty Stores,"Hamilton, Bermuda",2015-07-29
SIG,2015-02-02,5736300000.0,3662100000.0,2074200000.0,576600000,381300000,0,193600000.0,1633000000,2439000000,4402800000.0,6214300000.0,3403900000.0,2810400000.0,36,10,9,369.0,165.0,,,283000000.0,-220200000,2015-05-03,Signet Jewelers,Consumer Discretionary,Specialty Stores,"Hamilton, Bermuda",2015-07-29
SIG,2016-01-30,6550200000.0,4109800000.0,2440400000.0,703700000,467900000,0,137700000.0,1843900000,2453900000,4589900000.0,6474400000.0,3413700000.0,3060700000.0,37,11,10,398.0,185.0,5.89,79439728.35,443300000.0,-226500000,2016-04-29,Signet Jewelers,Consumer Discretionary,Specialty Stores,"Hamilton, Bermuda",2015-07-29
SJM,2013-04-30,5897700000.0,3870100000.0,2027600000.0,910400000,544200000,0,256400000.0,313700000,945500000,1595200000.0,9031800000.0,3883000000.0,5148800000.0,34,15,14,267.0,109.0,5.0,108840000.0,855800000.0,-206500000,2013-07-29,JM Smucker,Consumer Staples,Packaged Foods & Meats,"Orrville, Ohio",2008-11-06
SJM,2014-04-30,5610600000.0,3579600000.0,2031000000.0,919000000,565200000,0,153500000.0,309400000,931000000,1539100000.0,9060200000.0,4030600000.0,5029600000.0,36,16,15,174.0,69.0,5.42,104280442.8,856000000.0,-279500000,2014-07-29,JM Smucker,Consumer Staples,Packaged Foods & Meats,"Orrville, Ohio",2008-11-06
SJM,2015-04-30,5692700000.0,3724000000.0,1968700000.0,772000000,344900000,0,125600000.0,430100000,1163600000,1983900000.0,16806300000.0,9719400000.0,7086900000.0,35,14,9,194.0,80.0,3.33,103573573.6,733200000.0,-247700000,2015-07-29,JM Smucker,Consumer Staples,Packaged Foods & Meats,"Orrville, Ohio",2008-11-06
SJM,2016-04-30,7811200000.0,4843400000.0,2967800000.0,1145300000,688700000,0,109800000.0,450100000,899400000,1573400000.0,15984100000.0,8975600000.0,7008500000.0,38,15,13,130.0,56.0,5.77,119358752.2,1458300000.0,-201400000,2016-07-29,JM Smucker,Consumer Staples,Packaged Foods & Meats,"Orrville, Ohio",2008-11-06
SLG,2012-12-31,1290052000.0,470243000.0,819809000.0,369081000,196405000,0,1674489000.0,404133000,0,0.0,14386296000.0,7966494000.0,6419802000.0,64,29,5,,,1.75,112231428.6,346753000.0,-692716000,2013-03-31,SL Green Realty,Real Estate,Office REITs,"New York, New York",2015-03-20
SLG,2013-12-31,1371065000.0,479665000.0,891400000.0,428956000,135371000,0,1653582000.0,455431000,0,0.0,14959001000.0,8433596000.0,6525405000.0,65,31,8,,,0.39,347105128.2,386203000.0,-791166000,2014-03-31,SL Green Realty,Real Estate,Office REITs,"New York, New York",2015-03-20
SLG,2014-12-31,1519978000.0,500126000.0,1019852000.0,492363000,518056000,0,1839389000.0,444048000,0,0.0,17096587000.0,10159213000.0,6937374000.0,67,32,16,,,0.59,878061016.9,490381000.0,-1409417000,2015-03-31,SL Green Realty,Real Estate,Office REITs,"New York, New York",2015-03-20
SLG,2015-12-31,1662829000.0,534326000.0,1128503000.0,401131000,284084000,0,2158997000.0,572917000,0,0.0,19857941000.0,12570476000.0,7287465000.0,68,24,16,,,1.02,278513725.5,526484000.0,-3059753000,2016-03-30,SL Green Realty,Real Estate,Office REITs,"New York, New York",2015-03-20
SNA,2013-12-31,3237500000.0,1638900000.0,1598600000.0,586200000,350300000,0,217600000.0,1060000000,434400000,1796200000.0,4110000000.0,1996800000.0,2113200000.0,49,18,16,251.0,190.0,,,392600000.0,-70600000,2014-03-31,Snap-On Inc.,Consumer Discretionary,Household Appliances,"Kenosha, Wisconsin",1982-09-30
SNA,2015-01-03,3492600000.0,1759200000.0,1733400000.0,684700000,421900000,0,132900000.0,1128700000,475500000,1858600000.0,4310100000.0,2102300000.0,2207800000.0,50,20,18,259.0,192.0,7.26,58112947.66,403100000.0,-80600000,2015-04-03,Snap-On Inc.,Consumer Discretionary,Household Appliances,"Kenosha, Wisconsin",1982-09-30
SNA,2016-01-02,3593100000.0,1774600000.0,1818500000.0,764800000,478700000,0,92800000.0,1091900000,497800000,1788800000.0,4331100000.0,1918400000.0,2412700000.0,51,21,20,267.0,193.0,8.24,58094660.19,507200000.0,-80400000,2016-04-01,Snap-On Inc.,Consumer Discretionary,Household Appliances,"Kenosha, Wisconsin",1982-09-30
SNA,2016-12-31,3711800000.0,1803500000.0,1908300000.0,854200000,546400000,0,77600000.0,1159400000,530500000,1884000000.0,4723200000.0,2106000000.0,2617200000.0,51,23,22,190.0,137.0,,,576100000.0,-74300000,2017-03-31,Snap-On Inc.,Consumer Discretionary,Household Appliances,"Kenosha, Wisconsin",1982-09-30
SNI,2012-12-31,2307182000.0,610836000.0,1696346000.0,914373000,681478000,0,437525000.0,591636000,0,1484276000.0,4138798000.0,2317874000.0,1820924000.0,74,40,41,588.0,588.0,4.48,152115625.0,614683000.0,-63416000,2013-03-31,Scripps Networks Interactive Inc.,Consumer Discretionary,Broadcasting & Cable TV,"Cincinnati, Ohio",2008-07-01
SNI,2013-12-31,2530809000.0,699294000.0,1831515000.0,958476000,505070000,0,686371000.0,660759000,0,1861310000.0,4438447000.0,2339444000.0,2099003000.0,72,38,39,668.0,668.0,3.43,147250728.9,877194000.0,-72990000,2014-03-31,Scripps Networks Interactive Inc.,Consumer Discretionary,Broadcasting & Cable TV,"Cincinnati, Ohio",2008-07-01
SNI,2014-12-31,2665456000.0,778896000.0,1886560000.0,992309000,545275000,0,878164000.0,629775000,0,2096330000.0,4657481000.0,3275034000.0,1382447000.0,71,37,39,181.0,181.0,3.86,141262953.4,777574000.0,-53775000,2015-03-31,Scripps Networks Interactive Inc.,Consumer Discretionary,Broadcasting & Cable TV,"Cincinnati, Ohio",2008-07-01
SNI,2015-12-31,3018227000.0,987357000.0,2030870000.0,1103932000,606828000,0,223444000.0,816679000,0,1727881000.0,6672314000.0,5148383000.0,1523931000.0,67,37,37,177.0,177.0,4.68,129664102.6,814214000.0,-52480000,2016-03-30,Scripps Networks Interactive Inc.,Consumer Discretionary,Broadcasting & Cable TV,"Cincinnati, Ohio",2008-07-01
SO,2012-12-31,16537000000.0,9373000000.0,7164000000.0,4463000000,2415000000,0,635000000.0,1785000000,2819000000,6162000000.0,63149000000.0,43770000000.0,19004000000.0,43,27,23,88.0,48.0,2.7,894444444.4,4898000000.0,-4809000000,2013-03-31,Southern Co.,Utilities,Electric Utilities,"Atlanta, Georgia",
SO,2013-12-31,17087000000.0,9817000000.0,7270000000.0,3255000000,1710000000,0,659000000.0,2075000000,2298000000,5614000000.0,64546000000.0,44407000000.0,19764000000.0,43,19,15,102.0,60.0,1.88,909574468.1,6097000000.0,-5463000000,2014-03-31,Southern Co.,Utilities,Electric Utilities,"Atlanta, Georgia",
SO,2014-12-31,18467000000.0,11031000000.0,7436000000.0,3642000000,2031000000,0,710000000.0,1988000000,1969000000,5864000000.0,70233000000.0,48932000000.0,20926000000.0,40,20,16,65.0,43.0,2.19,927397260.3,5815000000.0,-5977000000,2015-03-31,Southern Co.,Utilities,Electric Utilities,"Atlanta, Georgia",
SO,2015-12-31,17489000000.0,9811000000.0,7678000000.0,4282000000,2421000000,0,1404000000.0,2162000000,1929000000,6526000000.0,78318000000.0,56218000000.0,21982000000.0,44,24,21,71.0,50.0,2.6,931153846.2,6274000000.0,-7393000000,2016-03-30,Southern Co.,Utilities,Electric Utilities,"Atlanta, Georgia",
SPG,2012-12-31,4256157000.0,800380000.0,3455777000.0,2006229000,1719632000,0,1184518000.0,521301000,0,0.0,32586606000.0,26676003000.0,5910603000.0,81,47,34,,,4.72,364328813.6,2513072000.0,-802427000,2013-03-31,Simon Property Group Inc,Real Estate,REITs,"Indianapolis, Indiana",
SPG,2013-12-31,4543849000.0,837946000.0,3705903000.0,2188669000,1551590000,0,1691006000.0,520361000,0,0.0,33324574000.0,27475168000.0,5849406000.0,82,48,26,,,4.24,365941037.7,2700996000.0,-841209000,2014-03-31,Simon Property Group Inc,Real Estate,REITs,"Indianapolis, Indiana",
SPG,2014-12-31,4870818000.0,882803000.0,3988015000.0,2385342000,1651526000,0,612282000.0,580197000,0,0.0,29532330000.0,24439153000.0,5093177000.0,82,49,29,,,4.52,365381858.4,2730420000.0,-796736000,2015-03-31,Simon Property Group Inc,Real Estate,REITs,"Indianapolis, Indiana",
SPG,2015-12-31,5266103000.0,960192000.0,4305911000.0,2668873000,2139375000,0,701134000.0,624605000,0,0.0,30650673000.0,26179209000.0,4471464000.0,82,51,35,,,5.88,363839285.7,3024685000.0,-1020924000,2016-03-30,Simon Property Group Inc,Real Estate,REITs,"Indianapolis, Indiana",
SPGI,2013-12-31,4702000000.0,0.0,4702000000.0,1358000000,1376000000,0,1542000000.0,1057000000,0,2941000000.0,6061000000.0,4760000000.0,1301000000.0,100,29,28,124.0,124.0,5.01,274650698.6,782000000.0,-117000000,2014-03-31,"S&P Global, Inc.",Financials,Diversified Financial Services,"New York, New York",
SPGI,2014-12-31,5051000000.0,0.0,5051000000.0,113000000,-115000000,0,2497000000.0,1292000000,0,3962000000.0,6773000000.0,6285000000.0,488000000.0,100,2,1,101.0,101.0,-0.42,273809523.8,1209000000.0,-92000000,2015-03-31,"S&P Global, Inc.",Financials,Diversified Financial Services,"New York, New York",
SPGI,2015-12-31,5313000000.0,0.0,5313000000.0,1917000000,1156000000,0,1481000000.0,1100000000,0,3296000000.0,8183000000.0,7989000000.0,194000000.0,100,36,34,113.0,113.0,4.26,271361502.3,195000000.0,-139000000,2016-03-30,"S&P Global, Inc.",Financials,Diversified Financial Services,"New York, New York",
SPGI,2016-12-31,5661000000.0,0.0,5661000000.0,3369000000,2106000000,0,2392000000.0,1122000000,0,3671000000.0,8669000000.0,8019000000.0,650000000.0,100,60,56,141.0,141.0,,,1464000000.0,-115000000,2017-03-31,"S&P Global, Inc.",Financials,Diversified Financial Services,"New York, New York",
SPLS,2013-02-02,24380510000.0,17889249000.0,6491261000.0,510065000,-210706000,0,1334302000.0,2034485000,2314058000,6200437000.0,12280005000.0,6151852000.0,6128153000.0,27,2,1,140.0,88.0,-0.31,679696774.2,1219188000.0,-349574000,2013-05-03,Staples Inc.,Consumer Discretionary,Specialty Stores,"Framingham, Massachusetts",
SPLS,2014-02-01,23114000000.0,17082000000.0,6032000000.0,1177000000,620000000,0,492532000.0,2018280000,2328299000,5239558000.0,11174876000.0,5042613000.0,6132263000.0,26,5,5,156.0,86.0,0.95,652631578.9,1108000000.0,-371000000,2014-05-02,Staples Inc.,Consumer Discretionary,Specialty Stores,"Framingham, Massachusetts",
SPLS,2015-01-31,22492000000.0,16691000000.0,5801000000.0,310000000,135000000,0,627000000.0,1928000000,2144000000,4951000000.0,10308000000.0,5003000000.0,5305000000.0,26,1,1,151.0,85.0,0.21,642857142.9,1043000000.0,-361000000,2015-05-01,Staples Inc.,Consumer Discretionary,Specialty Stores,"Framingham, Massachusetts",
SPLS,2016-01-30,21059000000.0,15545000000.0,5514000000.0,641000000,379000000,0,825000000.0,1899000000,2078000000,5112000000.0,10172000000.0,4796000000.0,5376000000.0,26,3,2,157.0,93.0,0.59,642372881.4,978000000.0,-381000000,2016-04-29,Staples Inc.,Consumer Discretionary,Specialty Stores,"Framingham, Massachusetts",
SRCL,2012-12-31,1913149000.0,1055844000.0,857305000.0,468836000,267996000,0,31324000.0,345241000,0,441286000.0,3546738000.0,2004945000.0,1541793000.0,45,25,22,133.0,133.0,3.14,85349044.59,390784000.0,-65236000,2013-03-31,Stericycle Inc,Industrials,Industrial Conglomerates,"Lake Forest, Illinois",2008-11-19
SRCL,2013-12-31,2142807000.0,1178173000.0,964634000.0,535619000,311372000,0,67167000.0,407027000,0,540265000.0,3887973000.0,2137512000.0,1750461000.0,45,25,22,130.0,130.0,3.62,86014364.64,405307000.0,-73109000,2014-03-31,Stericycle Inc,Industrials,Industrial Conglomerates,"Lake Forest, Illinois",2008-11-19
SRCL,2014-12-31,2555601000.0,1461190000.0,1094411000.0,556336000,326456000,0,22236000.0,465473000,0,551894000.0,4373302000.0,2478290000.0,1895012000.0,43,22,19,120.0,120.0,3.84,85014583.33,448500000.0,-86496000,2015-03-31,Stericycle Inc,Industrials,Industrial Conglomerates,"Lake Forest, Illinois",2008-11-19
SRCL,2015-12-31,2985908000.0,1719723000.0,1266185000.0,487612000,267046000,0,55634000.0,614494000,0,761828000.0,7077450000.0,4347559000.0,2729891000.0,42,16,14,130.0,130.0,3.02,88425827.81,390328000.0,-114761000,2016-03-30,Stericycle Inc,Industrials,Industrial Conglomerates,"Lake Forest, Illinois",2008-11-19
SRE,2012-12-31,9647000000.0,6646000000.0,3001000000.0,1552000000,865000000,0,521000000.0,1761000000,408000000,3695000000.0,36499000000.0,26138000000.0,10282000000.0,31,16,10,87.0,77.0,3.56,242977528.1,2018000000.0,-2956000000,2013-03-31,Sempra Energy,Utilities,MultiUtilities,"San Diego, California",
SRE,2013-12-31,10557000000.0,7186000000.0,3371000000.0,1684000000,1009000000,0,928000000.0,1912000000,287000000,3997000000.0,37244000000.0,26236000000.0,11008000000.0,32,16,13,91.0,85.0,4.1,246097561.0,1784000000.0,-2572000000,2014-03-31,Sempra Energy,Utilities,MultiUtilities,"San Diego, California",
SRE,2014-12-31,11035000000.0,7689000000.0,3346000000.0,1776000000,1162000000,0,581000000.0,1782000000,396000000,4184000000.0,39651000000.0,28325000000.0,11326000000.0,30,16,13,83.0,75.0,4.72,246186440.7,2161000000.0,-3123000000,2015-03-31,Sempra Energy,Utilities,MultiUtilities,"San Diego, California",
SRE,2015-12-31,10231000000.0,6648000000.0,3583000000.0,1936000000,1350000000,0,430000000.0,1509000000,298000000,2891000000.0,41150000000.0,29341000000.0,11809000000.0,35,19,16,63.0,56.0,5.43,248618784.5,2905000000.0,-3156000000,2016-03-30,Sempra Energy,Utilities,MultiUtilities,"San Diego, California",
STI,2012-12-31,11240000000.0,429000000.0,0.0,0,1958000000,0,36437000000.0,0,0,0.0,173000000000.0,152000000000.0,20985000000.0,0,0,25,,,3.62,540883977.9,2013000000.0,-206000000,2013-03-31,SunTrust Banks,Financials,Banks,"Atlanta, Georgia",1988-05-31
STI,2013-12-31,8602000000.0,291000000.0,0.0,0,1344000000,0,32845000000.0,0,0,0.0,175000000000.0,154000000000.0,21422000000.0,0,0,20,,,2.43,553086419.8,4210000000.0,-200000000,2014-03-31,SunTrust Banks,Financials,Banks,"Atlanta, Georgia",1988-05-31
STI,2014-12-31,8707000000.0,235000000.0,0.0,0,1774000000,0,34999000000.0,0,0,0.0,190000000000.0,167000000000.0,23005000000.0,0,0,26,,,3.26,544171779.1,-1182000000.0,-147000000,2015-03-31,SunTrust Banks,Financials,Banks,"Atlanta, Georgia",1988-05-31
STI,2015-12-31,8533000000.0,219000000.0,0.0,0,1933000000,0,33424000000.0,0,0,0.0,191000000000.0,167000000000.0,23437000000.0,0,0,32,,,3.62,533977900.6,3496000000.0,-186000000,2016-03-30,SunTrust Banks,Financials,Banks,"Atlanta, Georgia",1988-05-31
STT,2013-12-31,10275000000.0,0.0,0.0,0,2050000000,0,191000000000.0,2123000000,0,0.0,243000000000.0,223000000000.0,20378000000.0,0,0,26,,,4.71,435244161.4,-2024000000.0,-388000000,2014-03-31,State Street Corp.,Financials,Diversified Financial Services,"Boston, Massachusetts",
STT,2014-12-31,10666000000.0,0.0,0.0,0,2022000000,0,211000000000.0,2242000000,0,0.0,274000000000.0,253000000000.0,21328000000.0,0,0,23,,,4.65,434838709.7,-561000000.0,-427000000,2015-03-31,State Street Corp.,Financials,Diversified Financial Services,"Boston, Massachusetts",
STT,2015-12-31,10760000000.0,0.0,0.0,0,1980000000,0,181000000000.0,2346000000,0,0.0,245000000000.0,224000000000.0,21103000000.0,0,0,21,,,4.53,437086092.7,-1403000000.0,-703000000,2016-03-30,State Street Corp.,Financials,Diversified Financial Services,"Boston, Massachusetts",
STT,2016-12-31,10635000000.0,0.0,0.0,0,2143000000,0,172000000000.0,2644000000,0,0.0,243000000000.0,221000000000.0,21219000000.0,0,0,20,,,,,2290000000.0,-613000000,2017-03-31,State Street Corp.,Financials,Diversified Financial Services,"Boston, Massachusetts",
STX,2013-06-28,14351000000.0,10411000000.0,3940000000.0,2091000000,1838000000,1133000000,1809000000.0,1785000000,854000000,5412000000.0,9243000000.0,5748000000.0,3495000000.0,27,15,13,207.0,175.0,4.97,369818913.5,3047000000.0,-786000000,2013-09-26,Seagate Technology,Information Technology,Computer Storage & Peripherals,"Dublin, Ireland",2012-07-02
STX,2014-06-27,13724000000.0,9878000000.0,3846000000.0,1776000000,1570000000,1226000000,2638000000.0,1855000000,985000000,5777000000.0,9492000000.0,6660000000.0,2832000000.0,28,13,11,241.0,200.0,4.66,336909871.2,2558000000.0,-559000000,2014-09-25,Seagate Technology,Information Technology,Computer Storage & Peripherals,"Dublin, Ireland",2012-07-02
STX,2015-07-03,13739000000.0,9930000000.0,3809000000.0,2058000000,1742000000,1353000000,2479000000.0,1857000000,993000000,5568000000.0,9845000000.0,6827000000.0,3018000000.0,28,15,14,238.0,195.0,5.38,323791821.6,2647000000.0,-747000000,2015-10-01,Seagate Technology,Information Technology,Computer Storage & Peripherals,"Dublin, Ireland",2012-07-02
STX,2016-07-01,11160000000.0,8545000000.0,2615000000.0,445000000,248000000,1237000000,1125000000.0,1318000000,868000000,3533000000.0,8252000000.0,6659000000.0,1593000000.0,23,4,2,157.0,118.0,0.83,298795180.7,1680000000.0,-587000000,2016-09-29,Seagate Technology,Information Technology,Computer Storage & Peripherals,"Dublin, Ireland",2012-07-02
STZ,2013-02-28,2796100000.0,1687800000.0,1108300000.0,522900000,387800000,0,331500000.0,471900000,1480900000,2471200000.0,7638100000.0,4777800000.0,2860300000.0,40,19,18,365.0,146.0,,,556300000.0,-62100000,2013-05-29,Constellation Brands,Consumer Staples,Distillers & Vintners,"Victor, New York",
STZ,2014-02-28,4867700000.0,2876000000.0,1991700000.0,2437700000,1943100000,0,63900000.0,626200000,1743800000,2747200000.0,14302100000.0,9320800000.0,4981300000.0,41,50,45,136.0,50.0,,,826200000.0,-223500000,2014-05-29,Constellation Brands,Consumer Staples,Distillers & Vintners,"Victor, New York",
STZ,2015-02-28,6028000000.0,3449400000.0,2578600000.0,1500200000,839300000,0,110100000.0,598900000,1827200000,2910800000.0,15093000000.0,9322300000.0,5770700000.0,43,25,20,257.0,96.0,,,1081000000.0,-719400000,2015-05-29,Constellation Brands,Consumer Staples,Distillers & Vintners,"Victor, New York",
STZ,2016-02-29,6548400000.0,3606100000.0,2942300000.0,1765100000,1054900000,0,83100000.0,732500000,1851600000,2977600000.0,16965000000.0,10405400000.0,6559600000.0,45,27,23,131.0,50.0,,,1413700000.0,-891300000,2016-05-29,Constellation Brands,Consumer Staples,Distillers & Vintners,"Victor, New York",
SWK,2013-12-28,10889500000.0,6985800000.0,3903700000.0,755500000,469700000,0,496200000.0,1578500000,1473300000,4016600000.0,16535100000.0,9735900000.0,6799200000.0,36,7,5,124.0,79.0,3.16,148639240.5,868000000.0,-340300000,2014-03-28,Stanley Black & Decker,Consumer Discretionary,Household Appliances,"New Britain, Connecticut",1982-09-30
SWK,2015-01-03,11338600000.0,7235900000.0,4102700000.0,1248400000,760900000,0,496600000.0,1396700000,1562700000,3948800000.0,15849100000.0,9420000000.0,6429100000.0,36,11,10,139.0,84.0,,,1295900000.0,-291000000,2015-04-03,Stanley Black & Decker,Consumer Discretionary,Household Appliances,"New Britain, Connecticut",1982-09-30
SWK,2016-01-02,11171800000.0,7099800000.0,4072000000.0,1316000000,883700000,0,465400000.0,1331800000,1526400000,3662100000.0,15127800000.0,9316200000.0,5811600000.0,36,12,10,131.0,76.0,5.96,148271812.1,1182300000.0,-311400000,2016-04-01,Stanley Black & Decker,Consumer Discretionary,Household Appliances,"New Britain, Connecticut",1982-09-30
SWK,2016-12-31,11406900000.0,7139700000.0,4267200000.0,1397400000,965300000,0,1131800000.0,1302800000,1478000000,4788500000.0,15634900000.0,9267900000.0,6367000000.0,37,12,11,171.0,118.0,,,1485200000.0,-347000000,2017-03-31,Stanley Black & Decker,Consumer Discretionary,Household Appliances,"New Britain, Connecticut",1982-09-30
SWKS,2013-09-27,1792000000.0,1025400000.0,766600000.0,345100000,278100000,226300000,511100000.0,292700000,229500000,1073300000.0,2333100000.0,232000000.0,2101100000.0,43,19,19,597.0,470.0,1.48,187905405.4,499700000.0,-123800000,2013-12-26,Skyworks Solutions,Information Technology,Semiconductors,"Woburn, Massachusetts",2015-03-12
SWKS,2014-10-03,2291500000.0,1268800000.0,1022700000.0,565200000,457700000,252200000,805800000.0,317600000,270800000,1429200000.0,2973800000.0,441400000.0,2532400000.0,45,25,25,480.0,389.0,2.44,187581967.2,772400000.0,-208600000,2015-01-01,Skyworks Solutions,Information Technology,Semiconductors,"Woburn, Massachusetts",2015-03-12
SWKS,2015-10-02,3258400000.0,1703900000.0,1554500000.0,1023100000,798300000,303200000,1043600000.0,538000000,267900000,1914700000.0,3719400000.0,560200000.0,3159200000.0,48,31,31,413.0,355.0,4.21,189619952.5,992800000.0,-430100000,2015-12-31,Skyworks Solutions,Information Technology,Semiconductors,"Woburn, Massachusetts",2015-03-12
SWKS,2016-09-30,3289000000.0,1623800000.0,1665200000.0,1118700000,995200000,312400000,1083800000.0,416600000,424000000,2002100000.0,3855400000.0,314000000.0,3541400000.0,51,34,37,952.0,751.0,5.27,188842504.7,1095700000.0,-189300000,2016-12-29,Skyworks Solutions,Information Technology,Semiconductors,"Woburn, Massachusetts",2015-03-12
SWN,2012-12-31,2730000000.0,245000000.0,2485000000.0,-1101000000,-707000000,0,62125000.0,377638000,28141000,808912000.0,6737527000.0,3701655000.0,3035872000.0,91,40,42,105.0,102.0,-2.03,348275862.1,1654000000.0,-2108000000,2013-03-31,Southwestern Energy,Energy,Oil & Gas Exploration & Production,"Houston, Texas[6]",2008-06-06
SWN,2013-12-31,3371000000.0,328000000.0,3043000000.0,1204000000,704000000,0,23000000.0,464000000,38000000,644000000.0,8048000000.0,4426000000.0,3622000000.0,90,36,35,94.0,88.0,2.01,350248756.2,1909000000.0,-2157000000,2014-03-31,Southwestern Energy,Energy,Oil & Gas Exploration & Production,"Houston, Texas[6]",2008-06-06
SWN,2014-12-31,4038000000.0,427000000.0,3611000000.0,1373000000,924000000,0,53000000.0,530000000,37000000,1115000000.0,14925000000.0,10263000000.0,4662000000.0,89,34,36,21.0,20.0,2.63,351330798.5,2335000000.0,-2043000000,2015-03-31,Southwestern Energy,Energy,Oil & Gas Exploration & Production,"Houston, Texas[6]",2008-06-06
SWN,2015-12-31,3133000000.0,689000000.0,2444000000.0,-6522000000,-4556000000,0,15000000.0,327000000,3000000,393000000.0,8110000000.0,5828000000.0,2282000000.0,78,208,209,56.0,55.0,,,1580000000.0,-1798000000,2016-03-30,Southwestern Energy,Energy,Oil & Gas Exploration & Production,"Houston, Texas[6]",2008-06-06
SYF,2012-12-31,10793000000.0,362000000.0,0.0,0,2119000000,0,1527000000.0,0,0,0.0,53462000000.0,48880000000.0,4582000000.0,0,0,31,,,,,5637000000.0,0,2013-03-31,Synchrony Financial,Financials,Consumer Finance,"Stamford, Connecticut",2015-11-18
SYF,2013-12-31,11813000000.0,374000000.0,0.0,0,1979000000,0,2555000000.0,0,0,0.0,59085000000.0,53125000000.0,5960000000.0,0,0,27,,,,,5679000000.0,0,2014-03-31,Synchrony Financial,Financials,Consumer Finance,"Stamford, Connecticut",2015-11-18
SYF,2014-12-31,12727000000.0,470000000.0,0.0,0,2109000000,0,13426000000.0,0,0,0.0,75707000000.0,65229000000.0,10478000000.0,0,0,27,,,2.78,758633093.5,5340000000.0,0,2015-03-31,Synchrony Financial,Financials,Consumer Finance,"Stamford, Connecticut",2015-11-18
SYF,2015-12-31,13620000000.0,607000000.0,0.0,0,2214000000,0,15467000000.0,0,0,0.0,84135000000.0,71531000000.0,12604000000.0,0,0,26,,,2.66,832330827.1,6184000000.0,0,2016-03-30,Synchrony Financial,Financials,Consumer Finance,"Stamford, Connecticut",2015-11-18
SYK,2013-12-31,9021000000.0,3002000000.0,6019000000.0,1256000000,1006000000,536000000,1339000000.0,2398000000,1422000000,8335000000.0,15743000000.0,6696000000.0,9047000000.0,67,14,13,314.0,260.0,2.66,378195488.7,1886000000.0,-195000000,2014-03-31,Stryker Corp.,Health Care,Health Care Equipment,"Kalamazoo, Michigan",
SYK,2014-12-31,9675000000.0,3319000000.0,6356000000.0,1246000000,515000000,614000000,1795000000.0,1572000000,1588000000,8684000000.0,17279000000.0,8684000000.0,8595000000.0,66,13,12,195.0,159.0,1.36,378676470.6,1782000000.0,-233000000,2015-03-31,Stryker Corp.,Health Care,Health Care Equipment,"Kalamazoo, Michigan",
SYK,2015-12-31,9946000000.0,3344000000.0,6602000000.0,1861000000,1439000000,625000000,3379000000.0,1662000000,1639000000,7943000000.0,16223000000.0,7712000000.0,8511000000.0,66,19,17,227.0,180.0,3.82,376701570.7,899000000.0,-270000000,2016-03-30,Stryker Corp.,Health Care,Health Care Equipment,"Kalamazoo, Michigan",
SYK,2016-12-31,11325000000.0,3830000000.0,7495000000.0,2166000000,1647000000,715000000,3316000000.0,1967000000,2030000000,7861000000.0,20435000000.0,10885000000.0,9550000000.0,66,19,17,250.0,185.0,,,1812000000.0,-490000000,2017-03-31,Stryker Corp.,Health Care,Health Care Equipment,"Kalamazoo, Michigan",
SYMC,2013-03-29,6906000000.0,1175000000.0,5731000000.0,1106000000,755000000,1026000000,4685000000.0,1200000000,24000000,6416000000.0,14508000000.0,9032000000.0,5476000000.0,83,16,15,115.0,115.0,1.09,692660550.5,1593000000.0,-336000000,2013-06-27,Symantec Corp.,Information Technology,Application Software,"Mountain View, California",2003-03-25
SYMC,2014-03-28,4183000000.0,791000000.0,3392000000.0,144000000,898000000,722000000,3707000000.0,1149000000,0,5652000000.0,13539000000.0,7742000000.0,5797000000.0,81,3,3,131.0,131.0,1.29,696124031.0,1281000000.0,-194000000,2014-06-26,Symantec Corp.,Information Technology,Application Software,"Mountain View, California",2003-03-25
SYMC,2015-04-03,3956000000.0,727000000.0,3229000000.0,154000000,878000000,812000000,2843000000.0,852000000,0,5422000000.0,13233000000.0,7298000000.0,5935000000.0,82,4,3,122.0,122.0,1.27,691338582.7,1312000000.0,-303000000,2015-07-02,Symantec Corp.,Information Technology,Application Software,"Mountain View, California",2003-03-25
SYMC,2016-04-01,3600000000.0,615000000.0,2985000000.0,457000000,2488000000,748000000,5983000000.0,556000000,0,6959000000.0,11767000000.0,8091000000.0,3676000000.0,83,13,11,173.0,173.0,3.71,670619946.1,796000000.0,-272000000,2016-06-30,Symantec Corp.,Information Technology,Application Software,"Mountain View, California",2003-03-25
SYY,2013-06-29,44411233000.0,36414626000.0,7996607000.0,1658478000,992427000,0,412285000.0,3333586000,2396188000,6221688000.0,12678208000.0,7486398000.0,5191810000.0,18,4,3,170.0,104.0,1.68,590730357.1,1511594000.0,-511862000,2013-09-27,Sysco Corp.,Consumer Staples,Food Distributors,"Houston, Texas",1986-12-31
SYY,2014-06-28,46516712000.0,38335677000.0,8181035000.0,1587122000,931533000,0,413046000.0,3539938000,2602018000,6681972000.0,13141113000.0,7874418000.0,5266695000.0,18,3,3,153.0,93.0,1.59,585869811.3,1492815000.0,-523206000,2014-09-26,Sysco Corp.,Consumer Staples,Food Distributors,"Houston, Texas",1986-12-31
SYY,2015-06-27,48680752000.0,40129236000.0,8551516000.0,1229362000,686773000,0,5130044000.0,3488635000,2691823000,11494304000.0,17989281000.0,12729057000.0,5260224000.0,18,3,2,122.0,94.0,1.16,592045689.7,1555484000.0,-542830000,2015-09-25,Sysco Corp.,Consumer Staples,Food Distributors,"Houston, Texas",1986-12-31
SYY,2016-07-02,50366919000.0,41326447000.0,9040472000.0,1850500000,949622000,0,3919300000.0,3380971000,2639174000,10053899000.0,16721804000.0,13242196000.0,3479608000.0,18,4,3,227.0,167.0,1.66,572061445.8,1933142000.0,-527346000,2016-09-30,Sysco Corp.,Consumer Staples,Food Distributors,"Houston, Texas",1986-12-31
T,2012-12-31,127000000000.0,55228000000.0,72206000000.0,12997000000,7264000000,0,4868000000.0,13693000000,0,22706000000.0,272000000000.0,180000000000.0,92362000000.0,57,10,8,71.0,71.0,1.25,5811200000.0,39176000000.0,-19465000000,2013-03-31,AT&T Inc,Telecommunications Services,Integrated Telecommunications Services,"Dallas, Texas",1983-11-30
T,2013-12-31,129000000000.0,51191000000.0,77561000000.0,30752000000,18418000000,0,3339000000.0,14117000000,0,23196000000.0,278000000000.0,187000000000.0,90988000000.0,60,24,22,66.0,66.0,3.39,5433038348.0,34796000000.0,-20944000000,2014-03-31,AT&T Inc,Telecommunications Services,Integrated Telecommunications Services,"Dallas, Texas",1983-11-30
T,2014-12-31,132000000000.0,60145000000.0,72302000000.0,12212000000,6442000000,0,8603000000.0,14527000000,0,33606000000.0,297000000000.0,207000000000.0,89716000000.0,55,9,8,90.0,90.0,1.19,5413445378.0,31338000000.0,-21199000000,2015-03-31,AT&T Inc,Telecommunications Services,Integrated Telecommunications Services,"Dallas, Texas",1983-11-30
T,2015-12-31,147000000000.0,67046000000.0,79755000000.0,24785000000,13345000000,0,5121000000.0,16532000000,0,35992000000.0,403000000000.0,280000000000.0,123000000000.0,54,17,14,75.0,75.0,2.37,5630801688.0,35880000000.0,-19218000000,2016-03-30,AT&T Inc,Telecommunications Services,Integrated Telecommunications Services,"Dallas, Texas",1983-11-30
TAP,2013-12-31,4206100000.0,2545600000.0,1660500000.0,805700000,567300000,0,442300000.0,778400000,205300000,1537700000.0,15580100000.0,6974900000.0,8605200000.0,39,19,16,71.0,62.0,3.1,183000000.0,1168200000.0,-293900000,2014-03-31,Molson Coors Brewing Company,Consumer Staples,Brewers,"Denver, Colorado",1976-06-30
TAP,2014-12-31,4146300000.0,2493300000.0,1653000000.0,726500000,514000000,0,624600000.0,648900000,202200000,1577100000.0,13980100000.0,6116800000.0,7863300000.0,40,18,14,68.0,59.0,2.78,184892086.3,1287900000.0,-259500000,2015-03-31,Molson Coors Brewing Company,Consumer Staples,Brewers,"Denver, Colorado",1976-06-30
TAP,2015-12-31,3567500000.0,2163500000.0,1404000000.0,521800000,359500000,0,430900000.0,525900000,179300000,1258800000.0,12276300000.0,5233300000.0,7043000000.0,39,15,12,103.0,89.0,1.94,185309278.4,715900000.0,-275000000,2016-03-30,Molson Coors Brewing Company,Consumer Staples,Brewers,"Denver, Colorado",1976-06-30
TAP,2016-12-31,4885000000.0,3003100000.0,1881900000.0,3309400000,1975900000,0,560900000.0,805300000,592700000,2169600000.0,29341500000.0,17922800000.0,11418700000.0,39,68,62,69.0,50.0,,,1126900000.0,-341800000,2017-03-31,Molson Coors Brewing Company,Consumer Staples,Brewers,"Denver, Colorado",1976-06-30
TDC,2012-12-31,2665000000.0,1174000000.0,1491000000.0,580000000,419000000,183000000,729000000.0,668000000,47000000,1534000000.0,3066000000.0,1287000000.0,1779000000.0,56,22,22,190.0,184.0,2.49,168273092.4,575000000.0,-67000000,2013-03-31,Teradata Corp.,Information Technology,Application Software,"Miamisburg, Ohio",2007-10-01
TDC,2013-12-31,2692000000.0,1219000000.0,1473000000.0,532000000,377000000,184000000,695000000.0,717000000,56000000,1563000000.0,3096000000.0,1239000000.0,1857000000.0,55,20,19,201.0,194.0,2.31,163203463.2,510000000.0,-60000000,2014-03-31,Teradata Corp.,Information Technology,Application Software,"Miamisburg, Ohio",2007-10-01
TDC,2014-12-31,2732000000.0,1253000000.0,1479000000.0,503000000,367000000,206000000,834000000.0,619000000,38000000,1572000000.0,3132000000.0,1425000000.0,1707000000.0,54,18,18,158.0,154.0,2.36,155508474.6,680000000.0,-54000000,2015-03-31,Teradata Corp.,Information Technology,Application Software,"Miamisburg, Ohio",2007-10-01
TDC,2015-12-31,2530000000.0,1254000000.0,1276000000.0,-195000000,-214000000,228000000,839000000.0,580000000,49000000,1734000000.0,2530000000.0,1681000000.0,849000000.0,50,8,6,182.0,177.0,-1.53,139869281.0,401000000.0,-52000000,2016-03-30,Teradata Corp.,Information Technology,Application Software,"Miamisburg, Ohio",2007-10-01
TDG,2013-09-30,1924400000.0,874838000.0,1049562000.0,749455000,302789000,0,564740000.0,320631000,413581000,1320495000.0,6148879000.0,6485260000.0,-336381000.0,55,39,23,409.0,281.0,-0.2,-1513945000.0,470205000.0,-35535000,2013-12-29,TransDigm Group,Industrials,Aerospace & Defense,"Cleveland, Ohio",2016-06-03
TDG,2014-09-30,2372906000.0,1105032000.0,1267874000.0,927820000,306910000,0,819548000.0,388976000,459074000,1689576000.0,6756848000.0,8312947000.0,-1556099000.0,53,39,19,288.0,210.0,1.91,160685863.9,541222000.0,-34146000,2014-12-29,TransDigm Group,Industrials,Aerospace & Defense,"Cleveland, Ohio",2016-06-03
TDG,2015-09-30,2707115000.0,1257270000.0,1449845000.0,1074002000,447212000,0,714033000.0,444072000,591401000,1786587000.0,8303935000.0,9342241000.0,-1038306000.0,54,40,24,272.0,182.0,2.5,178884800.0,520938000.0,-54871000,2015-12-29,TransDigm Group,Industrials,Aerospace & Defense,"Cleveland, Ohio",2016-06-03
TDG,2016-09-30,3171411000.0,1443348000.0,1728063000.0,1267760000,586414000,0,1586994000.0,576339000,724011000,2930697000.0,10726277000.0,11377767000.0,-651490000.0,54,40,24,389.0,293.0,2.77,211701805.1,668930000.0,-43982000,2016-12-29,TransDigm Group,Industrials,Aerospace & Defense,"Cleveland, Ohio",2016-06-03
TEL,2013-09-27,11390000000.0,7739000000.0,3651000000.0,1385000000,1276000000,590000000,1403000000.0,2657000000,1762000000,6309000000.0,18461000000.0,10081000000.0,8380000000.0,32,12,9,161.0,116.0,3.05,418360655.7,2046000000.0,-581000000,2013-12-26,TE Connectivity Ltd.,Information Technology,Electronic Manufacturing Services,"Schaffhausen, Switzerland",2011-10-17
TEL,2014-09-26,11973000000.0,8001000000.0,3972000000.0,1805000000,1781000000,583000000,2457000000.0,2381000000,1509000000,8879000000.0,20152000000.0,11145000000.0,9007000000.0,33,15,15,222.0,185.0,4.34,410368663.6,2083000000.0,-635000000,2014-12-25,TE Connectivity Ltd.,Information Technology,Electronic Manufacturing Services,"Schaffhausen, Switzerland",2011-10-17
TEL,2015-09-25,12233000000.0,8146000000.0,4087000000.0,1749000000,2420000000,627000000,3329000000.0,2465000000,1615000000,7885000000.0,20589000000.0,11004000000.0,9585000000.0,33,14,13,221.0,175.0,5.98,404682274.2,1913000000.0,-600000000,2015-12-24,TE Connectivity Ltd.,Information Technology,Electronic Manufacturing Services,"Schaffhausen, Switzerland",2011-10-17
TEL,2016-09-30,12238000000.0,8205000000.0,4033000000.0,1902000000,2009000000,644000000,647000000.0,2046000000,1596000000,4775000000.0,17608000000.0,9123000000.0,8485000000.0,33,16,9,156.0,104.0,5.49,365938069.2,1922000000.0,-628000000,2016-12-29,TE Connectivity Ltd.,Information Technology,Electronic Manufacturing Services,"Schaffhausen, Switzerland",2011-10-17
TGNA,2012-12-30,5353197000.0,2943847000.0,2409350000.0,789755000,424280000,0,175030000.0,714847000,56389000,1072720000.0,6379886000.0,4029272000.0,2350614000.0,45,15,13,115.0,109.0,1.83,231846994.5,756740000.0,-91874000,2013-03-30,"Tegna, Inc.",Consumer Discretionary,Publishing,"McLean, Virginia",1975-12-31
TGNA,2013-12-29,1603123000.0,662769000.0,940354000.0,310860000,388680000,0,469203000.0,883889000,49950000,1923485000.0,9240706000.0,6547608000.0,2693098000.0,59,19,7,191.0,186.0,1.7,228635294.1,511488000.0,-110407000,2014-03-29,"Tegna, Inc.",Consumer Discretionary,Publishing,"McLean, Virginia",1975-12-31
TGNA,2014-12-31,2626141000.0,954990000.0,1671151000.0,707499000,1062171000,0,110305000.0,592497000,0,1313063000.0,11242195000.0,7987281000.0,3254914000.0,64,27,38,116.0,116.0,,,821199000.0,-150354000,2015-03-31,"Tegna, Inc.",Consumer Discretionary,Publishing,"McLean, Virginia",1975-12-31
TGNA,2015-12-31,3050945000.0,923336000.0,2127609000.0,913158000,459522000,0,129200000.0,575089000,0,805159000.0,8537758000.0,6345787000.0,2191971000.0,70,30,20,133.0,133.0,2.04,225255882.4,613106000.0,-118767000,2016-03-30,"Tegna, Inc.",Consumer Discretionary,Publishing,"McLean, Virginia",1975-12-31
TGT,2013-02-02,73301000000.0,50568000000.0,22733000000.0,5740000000,2999000000,0,784000000.0,5841000000,7903000000,16388000000.0,48163000000.0,31605000000.0,16558000000.0,31,8,7,117.0,60.0,4.57,656236323.9,5325000000.0,-2346000000,2013-05-03,Target Corp.,Consumer Discretionary,General Merchandise Stores,"Minneapolis, Minnesota",1976-12-31
TGT,2014-02-01,71279000000.0,50039000000.0,21240000000.0,4779000000,1971000000,0,670000000.0,0,8278000000,11573000000.0,44553000000.0,28322000000.0,16231000000.0,30,7,6,91.0,26.0,3.1,635806451.6,6520000000.0,-1886000000,2014-05-02,Target Corp.,Consumer Discretionary,General Merchandise Stores,"Minneapolis, Minnesota",1976-12-31
TGT,2015-01-31,72618000000.0,51278000000.0,21340000000.0,4535000000,-1636000000,0,2210000000.0,0,8282000000,13624000000.0,41172000000.0,27175000000.0,13997000000.0,29,6,5,116.0,46.0,-2.58,634108527.1,4439000000.0,-1786000000,2015-05-01,Target Corp.,Consumer Discretionary,General Merchandise Stores,"Minneapolis, Minnesota",1976-12-31
TGT,2016-01-30,73785000000.0,51997000000.0,21788000000.0,4910000000,3363000000,0,4046000000.0,0,8601000000,14130000000.0,40262000000.0,27305000000.0,12957000000.0,30,7,7,112.0,44.0,5.35,628598130.8,5844000000.0,-1438000000,2016-04-29,Target Corp.,Consumer Discretionary,General Merchandise Stores,"Minneapolis, Minnesota",1976-12-31
TIF,2013-01-31,3794249000.0,1630965000.0,2163284000.0,697217000,416157000,0,504838000.0,253506000,2234334000,3151589000.0,4630850000.0,2032118000.0,2598732000.0,57,18,17,537.0,156.0,3.28,126877134.1,328290000.0,-219530000,2013-05-01,Tiffany & Co.,Consumer Discretionary,"Apparel, Accessories & Luxury Goods","New York, New York",
TIF,2014-01-31,4031100000.0,1690700000.0,2340400000.0,304300000,181400000,0,345778000.0,289826000,2326580000,3228388000.0,4752351000.0,2031914000.0,2720437000.0,58,8,6,463.0,129.0,1.42,127746478.9,154700000.0,-221400000,2014-05-01,Tiffany & Co.,Consumer Discretionary,"Apparel, Accessories & Luxury Goods","New York, New York",
TIF,2015-01-31,4249900000.0,1712700000.0,2537200000.0,891400000,484200000,0,730000000.0,195200000,2362100000,3508800000.0,5180600000.0,2345500000.0,2835100000.0,60,21,17,533.0,174.0,3.75,129120000.0,615100000.0,-247400000,2015-05-01,Tiffany & Co.,Consumer Discretionary,"Apparel, Accessories & Luxury Goods","New York, New York",
TIF,2016-01-31,4104900000.0,1613600000.0,2491300000.0,760100000,463900000,0,843600000.0,206400000,2225000000,3508400000.0,5129700000.0,2218300000.0,2911400000.0,61,19,17,481.0,176.0,3.61,128504155.1,813600000.0,-252700000,2016-04-30,Tiffany & Co.,Consumer Discretionary,"Apparel, Accessories & Luxury Goods","New York, New York",
TJX,2013-02-02,25878372000.0,18521400000.0,7356972000.0,3106526000,1906687000,0,1811957000.0,319007000,3014214000,5711543000.0,9511855000.0,5845918000.0,3665937000.0,28,12,12,152.0,72.0,2.6,733341153.8,3055720000.0,-978228000,2013-05-03,TJX Companies Inc.,Consumer Discretionary,Apparel Retail,"Framingham, Massachusetts",1985-09-30
TJX,2014-02-01,27422696000.0,19605037000.0,7817659000.0,3350570000,2137396000,0,2149746000.0,311733000,2966490000,6067998000.0,10201022000.0,5971129000.0,4229893000.0,29,12,12,172.0,88.0,3.0,712465333.3,2600466000.0,-946678000,2014-05-02,TJX Companies Inc.,Consumer Discretionary,Apparel Retail,"Framingham, Massachusetts",1985-09-30
TJX,2015-01-31,29078407000.0,20776522000.0,8301885000.0,3606501000,2215128000,0,2493775000.0,226299000,3217923000,6577444000.0,10988750000.0,6724520000.0,4264230000.0,29,12,12,167.0,85.0,3.2,692227500.0,3008369000.0,-911522000,2015-05-01,TJX Companies Inc.,Consumer Discretionary,Apparel Retail,"Framingham, Massachusetts",1985-09-30
TJX,2016-01-30,30944938000.0,22034523000.0,8910415000.0,3704700000,2277658000,0,2095473000.0,249131000,3695113000,6772560000.0,11499482000.0,7192407000.0,4307075000.0,29,12,12,154.0,70.0,3.38,673863313.6,2937343000.0,-889380000,2016-04-29,TJX Companies Inc.,Consumer Discretionary,Apparel Retail,"Framingham, Massachusetts",1985-09-30
TMK,2012-12-31,3589516000.0,1955682000.0,1633834000.0,765993000,529324000,0,61710000.0,383709000,0,0.0,18776910000.0,14415124000.0,4361786000.0,46,21,21,,,5.48,96591970.8,942839000.0,-4667000,2013-03-31,Torchmark Corp.,Financials,Life & Health Insurance,"McKinney, Texas",1989-04-30
TMK,2013-12-31,3494253000.0,1838766000.0,1655487000.0,755315000,528472000,0,36943000.0,331103000,0,0.0,18191744000.0,14415402000.0,3776342000.0,47,22,22,,,5.76,91748611.11,1119280000.0,-11168000,2014-03-31,Torchmark Corp.,Financials,Life & Health Insurance,"McKinney, Texas",1989-04-30
TMK,2014-12-31,3620095000.0,1903384000.0,1716711000.0,784677000,542939000,0,66019000.0,327856000,0,0.0,20272259000.0,15574793000.0,4697466000.0,47,22,22,,,4.15,130828674.7,864708000.0,-19367000,2015-03-31,Torchmark Corp.,Financials,Life & Health Insurance,"McKinney, Texas",1989-04-30
TMK,2015-12-31,3766065000.0,2016212000.0,1749853000.0,766187000,527100000,0,61383000.0,344552000,0,0.0,19853213000.0,15797661000.0,4055552000.0,46,20,20,,,4.21,125201900.2,1120050000.0,-36957000,2016-03-30,Torchmark Corp.,Financials,Life & Health Insurance,"McKinney, Texas",1989-04-30
TMO,2012-12-31,12509900000.0,7214400000.0,5295500000.0,1482100000,1177900000,376400000,805600000.0,1986900000,1443300000,4834800000.0,27444600000.0,11979900000.0,15464700000.0,42,12,10,231.0,162.0,3.24,363549382.7,2039500000.0,-315100000,2013-03-31,Thermo Fisher Scientific,Health Care,Health Care Equipment,"Waltham, Massachusetts",
TMO,2013-12-31,13090300000.0,7561200000.0,5529100000.0,1609600000,1273300000,395500000,5826000000.0,2134800000,1494500000,9880700000.0,31863400000.0,15007300000.0,16856100000.0,42,12,10,316.0,268.0,3.53,360708215.3,2010700000.0,-282400000,2014-03-31,Thermo Fisher Scientific,Health Care,Health Care Equipment,"Waltham, Massachusetts",
TMO,2014-12-31,16889600000.0,9397600000.0,7492000000.0,2503000000,1894400000,691100000,1343500000.0,2776900000,1859500000,6539800000.0,42852100000.0,22304000000.0,20548100000.0,44,15,12,122.0,87.0,4.76,397983193.3,2619600000.0,-427600000,2015-03-31,Thermo Fisher Scientific,Health Care,Health Care Equipment,"Waltham, Massachusetts",
TMO,2015-12-31,16965400000.0,9209500000.0,7755900000.0,2336200000,1975400000,692300000,452100000.0,2544900000,1991700000,5741200000.0,40889000000.0,19538800000.0,21350200000.0,46,14,11,138.0,90.0,4.96,398266129.0,2816900000.0,-422900000,2016-03-30,Thermo Fisher Scientific,Health Care,Health Care Equipment,"Waltham, Massachusetts",
TRIP,2012-12-31,763000000.0,12000000.0,751000000.0,296000000,194000000,0,367515000.0,135644000,0,632494000.0,1299194000.0,572226000.0,726968000.0,98,39,37,323.0,323.0,1.39,139568345.3,239000000.0,-29000000,2013-03-31,TripAdvisor,Consumer Discretionary,Internet & Direct Marketing Retail,"Newton, Massachusetts",2011-12-21
TRIP,2013-12-31,945000000.0,18000000.0,927000000.0,294000000,205000000,0,351000000.0,113000000,0,630000000.0,1473000000.0,608000000.0,865000000.0,98,31,30,259.0,259.0,1.44,142361111.1,349000000.0,-55000000,2014-03-31,TripAdvisor,Consumer Discretionary,Internet & Direct Marketing Retail,"Newton, Massachusetts",2011-12-21
TRIP,2014-12-31,1246000000.0,40000000.0,1206000000.0,340000000,226000000,0,455000000.0,151000000,0,737000000.0,1948000000.0,823000000.0,1125000000.0,97,27,26,193.0,193.0,1.58,143037974.7,387000000.0,-81000000,2015-03-31,TripAdvisor,Consumer Discretionary,Internet & Direct Marketing Retail,"Newton, Massachusetts",2011-12-21
TRIP,2015-12-31,1492000000.0,58000000.0,1434000000.0,232000000,198000000,0,614000000.0,180000000,0,865000000.0,2128000000.0,716000000.0,1412000000.0,96,16,16,277.0,277.0,1.38,143478260.9,382000000.0,-109000000,2016-03-30,TripAdvisor,Consumer Discretionary,Internet & Direct Marketing Retail,"Newton, Massachusetts",2011-12-21
TRV,2013-12-31,26191000000.0,13307000000.0,12884000000.0,4945000000,3673000000,0,294000000.0,20166000000,0,0.0,104000000000.0,79016000000.0,24796000000.0,49,19,19,,,9.84,373272357.7,3816000000.0,0,2014-03-31,The Travelers Companies Inc.,Financials,Property & Casualty Insurance,"New York, New York",
TRV,2014-12-31,27174000000.0,13870000000.0,13304000000.0,5089000000,3692000000,0,374000000.0,19920000000,0,0.0,103000000000.0,78242000000.0,24836000000.0,49,19,19,,,10.82,341219963.0,3693000000.0,0,2015-03-31,The Travelers Companies Inc.,Financials,Property & Casualty Insurance,"New York, New York",
TRV,2015-12-31,26815000000.0,13723000000.0,13092000000.0,4740000000,3439000000,0,380000000.0,19721000000,0,0.0,100000000000.0,76586000000.0,23598000000.0,49,18,18,,,10.99,312920837.1,3434000000.0,0,2016-03-30,The Travelers Companies Inc.,Financials,Property & Casualty Insurance,"New York, New York",
TRV,2016-12-31,27625000000.0,15070000000.0,12555000000.0,4053000000,3014000000,0,307000000.0,19618000000,0,0.0,100000000000.0,77024000000.0,23221000000.0,45,15,15,,,,,4202000000.0,0,2017-03-31,The Travelers Companies Inc.,Financials,Property & Casualty Insurance,"New York, New York",
TSCO,2012-12-29,4664120000.0,3098066000.0,1566054000.0,436792000,276457000,0,147030000.0,23098000,908116000,1130052000.0,1706808000.0,681834000.0,1024974000.0,34,9,9,202.0,40.0,3.89,71068637.53,378302000.0,-152924000,2013-03-29,Tractor Supply Company,Consumer Discretionary,Specialty Retail,"Brentwood, Tennessee",2014-01-24
TSCO,2013-12-28,5164784000.0,3411175000.0,1753609000.0,514650000,328234000,0,142743000.0,29838000,979308000,1209248000.0,1903391000.0,656497000.0,1246894000.0,34,10,10,227.0,43.0,2.35,139674042.6,333681000.0,-218200000,2014-03-28,Tractor Supply Company,Consumer Discretionary,Specialty Retail,"Brentwood, Tennessee",2014-01-24
TSCO,2014-12-27,5711715000.0,3761300000.0,1950415000.0,589472000,370885000,0,51134000.0,40962000,1115450000,1273990000.0,2034571000.0,741010000.0,1293561000.0,34,10,10,211.0,26.0,2.69,137875464.7,409178000.0,-160613000,2015-03-27,Tractor Supply Company,Consumer Discretionary,Specialty Retail,"Brentwood, Tennessee",2014-01-24
TSCO,2015-12-26,6226507000.0,4083333000.0,2143174000.0,650508000,410395000,0,63813000.0,49733000,1284375000,1485431000.0,2370826000.0,977532000.0,1393294000.0,34,10,10,221.0,30.0,3.03,135443894.4,429180000.0,-236496000,2016-03-25,Tractor Supply Company,Consumer Discretionary,Specialty Retail,"Brentwood, Tennessee",2014-01-24
TSN,2013-10-03,34374000000.0,32016000000.0,2358000000.0,1375000000,778000000,0,1145000000.0,1497000000,2817000000,5604000000.0,12177000000.0,5976000000.0,6201000000.0,7,4,4,186.0,93.0,,,1314000000.0,-558000000,2014-01-01,Tyson Foods,Consumer Staples,Packaged Foods & Meats,"Springdale, Arkansas",
TSN,2014-10-03,37580000000.0,34895000000.0,2685000000.0,1430000000,864000000,0,438000000.0,1684000000,3274000000,6221000000.0,23956000000.0,15066000000.0,8890000000.0,7,4,3,164.0,78.0,,,1178000000.0,-632000000,2015-01-01,Tyson Foods,Consumer Staples,Packaged Foods & Meats,"Springdale, Arkansas",
TSN,2015-10-03,41373000000.0,37456000000.0,3917000000.0,2169000000,1220000000,0,688000000.0,1620000000,2878000000,5381000000.0,22969000000.0,13278000000.0,9691000000.0,9,5,5,152.0,71.0,,,2570000000.0,-854000000,2016-01-01,Tyson Foods,Consumer Staples,Packaged Foods & Meats,"Springdale, Arkansas",
TSN,2016-10-01,36881000000.0,32184000000.0,4697000000.0,2833000000,1768000000,0,349000000.0,1542000000,2732000000,4888000000.0,22373000000.0,12765000000.0,9608000000.0,13,8,7,177.0,78.0,,,2716000000.0,-695000000,2016-12-30,Tyson Foods,Consumer Staples,Packaged Foods & Meats,"Springdale, Arkansas",
TSO,2012-12-31,29809000000.0,26045000000.0,3764000000.0,1621000000,743000000,0,1639000000.0,1126000000,1338000000,4636000000.0,10702000000.0,6451000000.0,4251000000.0,13,5,5,161.0,114.0,5.33,139399624.8,1585000000.0,-529000000,2013-03-31,Tesoro Petroleum Co.,Energy,Oil & Gas Refining & Marketing & Transportation,"San Antonio, Texas",2007-09-27
TSO,2013-12-31,37601000000.0,34085000000.0,3516000000.0,755000000,412000000,0,1238000000.0,1313000000,2565000000,5326000000.0,13389000000.0,9087000000.0,4302000000.0,9,2,2,156.0,81.0,3.05,135081967.2,859000000.0,-570000000,2014-03-31,Tesoro Petroleum Co.,Energy,Oil & Gas Refining & Marketing & Transportation,"San Antonio, Texas",2007-09-27
TSO,2014-12-31,40633000000.0,35673000000.0,4960000000.0,1632000000,843000000,0,1000000000.0,1435000000,2439000000,5074000000.0,16491000000.0,12037000000.0,4454000000.0,12,4,4,148.0,77.0,6.56,128506097.6,1364000000.0,-685000000,2015-03-31,Tesoro Petroleum Co.,Energy,Oil & Gas Refining & Marketing & Transportation,"San Antonio, Texas",2007-09-27
TSO,2015-12-31,28711000000.0,22466000000.0,6245000000.0,2827000000,1540000000,0,942000000.0,792000000,2302000000,4307000000.0,16332000000.0,11119000000.0,5213000000.0,22,10,9,170.0,79.0,12.5,123200000.0,2131000000.0,-1030000000,2016-03-30,Tesoro Petroleum Co.,Energy,Oil & Gas Refining & Marketing & Transportation,"San Antonio, Texas",2007-09-27
TSS,2012-12-31,1793557000.0,1189341000.0,604216000.0,354969000,249923000,0,247612000.0,256908000,0,574726000.0,2023838000.0,598628000.0,1425210000.0,34,20,20,249.0,249.0,1.3,192248461.5,455753000.0,-31395000,2013-03-31,Total System Services,Information Technology,Internet Software & Services,"Columbus, Georgia",2008-01-02
TSS,2013-12-31,2064305000.0,1369438000.0,694867000.0,382500000,256597000,0,247700000.0,269931000,0,653933000.0,3686568000.0,2105491000.0,1581077000.0,34,19,17,220.0,220.0,1.3,197382307.7,452398000.0,-40598000,2014-03-31,Total System Services,Information Technology,Internet Software & Services,"Columbus, Georgia",2008-01-02
TSS,2014-12-31,2446877000.0,1668892000.0,777985000.0,431640000,329406000,0,289183000.0,298393000,0,690553000.0,3733581000.0,2040819000.0,1692762000.0,32,18,16,233.0,233.0,1.73,190408092.5,560201000.0,-75913000,2015-03-31,Total System Services,Information Technology,Internet Software & Services,"Columbus, Georgia",2008-01-02
TSS,2015-12-31,2779541000.0,1855181000.0,924360000.0,534107000,369041000,0,389328000.0,339375000,0,882902000.0,3908300000.0,2065282000.0,1843018000.0,33,19,18,260.0,260.0,1.98,186384343.4,600194000.0,-54640000,2016-03-30,Total System Services,Information Technology,Internet Software & Services,"Columbus, Georgia",2008-01-02
TXN,2012-12-31,12825000000.0,6457000000.0,6368000000.0,1973000000,1759000000,1877000000,1416000000.0,1703000000,1757000000,8230000000.0,20021000000.0,9060000000.0,10961000000.0,50,15,15,240.0,189.0,1.53,1149673203.0,3414000000.0,-495000000,2013-03-31,Texas Instruments,Information Technology,Semiconductors,"Dallas, Texas",
TXN,2013-12-31,12205000000.0,5841000000.0,6364000000.0,2832000000,2162000000,1522000000,1627000000.0,1596000000,1731000000,8019000000.0,18938000000.0,8131000000.0,10807000000.0,52,23,23,292.0,229.0,1.94,1114432990.0,3384000000.0,-412000000,2014-03-31,Texas Instruments,Information Technology,Semiconductors,"Dallas, Texas",
TXN,2014-12-31,13045000000.0,5618000000.0,7427000000.0,3947000000,2821000000,1358000000,1199000000.0,1246000000,1784000000,7421000000.0,17372000000.0,6982000000.0,10390000000.0,57,30,30,279.0,212.0,2.61,1080842912.0,3892000000.0,-385000000,2015-03-31,Texas Instruments,Information Technology,Semiconductors,"Dallas, Texas",
TXN,2015-12-31,13000000000.0,5440000000.0,7560000000.0,4274000000,2986000000,1280000000,1000000000.0,1165000000,1691000000,7074000000.0,16230000000.0,6284000000.0,9946000000.0,58,33,32,277.0,211.0,2.86,1044055944.0,4268000000.0,-551000000,2016-03-30,Texas Instruments,Information Technology,Semiconductors,"Dallas, Texas",
TXT,2012-12-29,12237000000.0,10019000000.0,2218000000.0,1053000000,589000000,0,1413000000.0,829000000,2712000000,5424000000.0,13033000000.0,10042000000.0,2991000000.0,18,9,7,154.0,77.0,2.1,280476190.5,927000000.0,-480000000,2013-03-29,Textron Inc.,Industrials,Industrial Conglomerates,"Providence, Rhode Island",1978-12-31
TXT,2013-12-28,12104000000.0,10131000000.0,1973000000.0,847000000,498000000,0,1211000000.0,979000000,2963000000,5620000000.0,12944000000.0,8560000000.0,4384000000.0,16,7,6,187.0,88.0,1.78,279775280.9,810000000.0,-444000000,2014-03-28,Textron Inc.,Industrials,Industrial Conglomerates,"Providence, Rhode Island",1978-12-31
TXT,2015-01-03,13878000000.0,11421000000.0,2457000000.0,1044000000,600000000,0,822000000.0,1035000000,3928000000,6105000000.0,14605000000.0,10333000000.0,4272000000.0,18,8,6,168.0,60.0,2.15,279069767.4,1208000000.0,-429000000,2015-04-03,Textron Inc.,Industrials,Industrial Conglomerates,"Providence, Rhode Island",1978-12-31
TXT,2016-01-02,13423000000.0,10979000000.0,2444000000.0,1140000000,697000000,0,1005000000.0,1047000000,4144000000,6537000000.0,14708000000.0,9744000000.0,4964000000.0,18,8,7,172.0,63.0,2.52,276587301.6,1090000000.0,-420000000,2016-04-01,Textron Inc.,Industrials,Industrial Conglomerates,"Providence, Rhode Island",1978-12-31
UA,2012-12-31,1834921000.0,955624000.0,879297000.0,208695000,128778000,0,341841000.0,198575000,319286000,903598000.0,1157083000.0,340161000.0,816922000.0,48,11,11,358.0,232.0,1.23,104697561.0,199761000.0,-50650000,2013-03-31,Under Armour,Consumer Discretionary,"Apparel, Accessories & Luxury Goods","Baltimore, Maryland",2014-05-01
UA,2013-12-31,2332051000.0,1195381000.0,1136670000.0,265098000,162330000,0,347489000.0,248329000,469006000,1128811000.0,1577741000.0,524387000.0,1053354000.0,49,11,11,265.0,155.0,1.54,105409090.9,120070000.0,-87830000,2014-03-31,Under Armour,Consumer Discretionary,"Apparel, Accessories & Luxury Goods","Baltimore, Maryland",2014-05-01
UA,2014-12-31,3084370000.0,1572164000.0,1512206000.0,353955000,208042000,0,593175000.0,332333000,536714000,1549399000.0,2095083000.0,744783000.0,1350300000.0,49,11,11,367.0,240.0,0.98,212287755.1,219033000.0,-140528000,2015-03-31,Under Armour,Consumer Discretionary,"Apparel, Accessories & Luxury Goods","Baltimore, Maryland",2014-05-01
UA,2015-12-31,3963313000.0,2057766000.0,1905547000.0,408547000,232573000,0,129852000.0,433638000,783031000,1498763000.0,2868900000.0,1200678000.0,1668222000.0,48,10,10,313.0,149.0,1.08,215345370.4,-44104000.0,-298928000,2016-03-30,Under Armour,Consumer Discretionary,"Apparel, Accessories & Luxury Goods","Baltimore, Maryland",2014-05-01
UAA,2012-12-31,1834921000.0,955624000.0,879297000.0,208695000,128778000,0,341841000.0,198575000,319286000,903598000.0,1157083000.0,340161000.0,816922000.0,48,11,11,358.0,232.0,,,199761000.0,-50650000,2013-03-31,Under Armour,Consumer Discretionary,"Apparel, Accessories & Luxury Goods","Baltimore, Maryland",2016-03-25
UAA,2013-12-31,2332051000.0,1195381000.0,1136670000.0,265098000,162330000,0,347489000.0,248329000,469006000,1128811000.0,1577741000.0,524387000.0,1053354000.0,49,11,11,265.0,155.0,,,120070000.0,-87830000,2014-03-31,Under Armour,Consumer Discretionary,"Apparel, Accessories & Luxury Goods","Baltimore, Maryland",2016-03-25
UAA,2014-12-31,3084370000.0,1572164000.0,1512206000.0,353955000,208042000,0,593175000.0,332333000,536714000,1549399000.0,2095083000.0,744783000.0,1350300000.0,49,11,11,367.0,240.0,,,219033000.0,-140528000,2015-03-31,Under Armour,Consumer Discretionary,"Apparel, Accessories & Luxury Goods","Baltimore, Maryland",2016-03-25
UAA,2015-12-31,3963313000.0,2057766000.0,1905547000.0,408547000,232573000,0,129852000.0,433638000,783031000,1498763000.0,2868900000.0,1200678000.0,1668222000.0,48,10,10,313.0,149.0,,,-44104000.0,-298928000,2016-03-30,Under Armour,Consumer Discretionary,"Apparel, Accessories & Luxury Goods","Baltimore, Maryland",2016-03-25
UAL,2012-12-31,37152000000.0,17820000000.0,19332000000.0,39000000,-723000000,0,4835000000.0,1881000000,695000000,10049000000.0,37628000000.0,37147000000.0,481000000.0,52,0,2,78.0,73.0,-2.18,331651376.1,935000000.0,-2016000000,2013-03-31,United Continental Holdings,Industrials,Airlines,"Chicago, Illinois",2015-09-03
UAL,2013-12-31,38279000000.0,17192000000.0,21087000000.0,1249000000,571000000,0,3251000000.0,2179000000,667000000,8702000000.0,36812000000.0,33828000000.0,2984000000.0,55,3,1,72.0,66.0,1.64,348170731.7,1444000000.0,-2164000000,2014-03-31,United Continental Holdings,Industrials,Airlines,"Chicago, Illinois",2015-09-03
UAL,2014-12-31,38901000000.0,16611000000.0,22290000000.0,2373000000,1132000000,0,3156000000.0,1146000000,666000000,7547000000.0,36595000000.0,34199000000.0,2396000000.0,57,6,3,60.0,55.0,3.05,371147541.0,2634000000.0,-2005000000,2015-03-31,United Continental Holdings,Industrials,Airlines,"Chicago, Illinois",2015-09-03
UAL,2015-12-31,37864000000.0,12130000000.0,25734000000.0,5166000000,7340000000,0,3058000000.0,1128000000,738000000,7828000000.0,40861000000.0,31895000000.0,8966000000.0,68,14,11,63.0,57.0,19.52,376024590.2,5992000000.0,-2747000000,2016-03-30,United Continental Holdings,Industrials,Airlines,"Chicago, Illinois",2015-09-03
UDR,2012-12-31,716612000.0,245316000.0,471296000.0,67260000,212177000,0,35676000.0,64006000,0,0.0,6859103000.0,3866187000.0,2992916000.0,66,9,11,,,0.85,249620000.0,327187000.0,-500015000,2013-03-31,UDR Inc,Real Estate,Residential REITs,"Highlands Ranch, Colorado",2016-03-07
UDR,2013-12-31,758926000.0,258612000.0,500314000.0,116920000,44812000,0,53045000.0,83033000,0,0.0,6807722000.0,3996074000.0,2811648000.0,66,15,1,,,0.16,280075000.0,339902000.0,-434279000,2014-03-31,UDR Inc,Real Estate,Residential REITs,"Highlands Ranch, Colorado",2016-03-07
UDR,2014-12-31,818046000.0,270741000.0,547305000.0,126764000,154334000,0,37564000.0,14369000,0,0.0,6828728000.0,4093631000.0,2735097000.0,67,15,0,,,0.6,257223333.3,392360000.0,-576982000,2015-03-31,UDR Inc,Real Estate,Residential REITs,"Highlands Ranch, Colorado",2016-03-07
UDR,2015-12-31,894638000.0,282037000.0,612601000.0,159591000,340383000,0,27540000.0,16694000,0,0.0,7663844000.0,4764089000.0,2899755000.0,68,18,11,,,1.3,261833076.9,431615000.0,-461374000,2016-03-30,UDR Inc,Real Estate,Residential REITs,"Highlands Ranch, Colorado",2016-03-07
UHS,2012-12-31,6961400000.0,0.0,6961400000.0,942581000,443446000,0,23471000.0,1171658000,99000000,1407496000.0,8200843000.0,5487498000.0,2713345000.0,100,14,11,157.0,146.0,4.57,97034135.67,799231000.0,-891039000,2013-03-31,"Universal Health Services, Inc.",Health Care,Health Care Facilities,"King of Prussia, Pennsylvania",2014-09-20
UHS,2013-12-31,7367873000.0,0.0,7367873000.0,1015463000,510733000,0,17238000.0,1236864000,101781000,1432329000.0,8311723000.0,5061744000.0,3249979000.0,100,14,12,135.0,126.0,5.21,98029366.6,884241000.0,-371129000,2014-03-31,"Universal Health Services, Inc.",Health Care,Health Care Facilities,"King of Prussia, Pennsylvania",2014-09-20
UHS,2014-12-31,8205088000.0,0.0,8205088000.0,1063305000,545343000,0,32069000.0,1397300000,108115000,1615138000.0,8974443000.0,5238497000.0,3735946000.0,100,13,11,137.0,127.0,5.52,98794021.74,1035876000.0,-822536000,2015-03-31,"Universal Health Services, Inc.",Health Care,Health Care Facilities,"King of Prussia, Pennsylvania",2014-09-20
UHS,2015-12-31,9043451000.0,0.0,9043451000.0,1259395000,680528000,0,61228000.0,1437549000,116037000,1718304000.0,9634113000.0,5384466000.0,4249647000.0,100,14,13,156.0,146.0,6.89,98770391.87,1020898000.0,-912976000,2016-03-30,"Universal Health Services, Inc.",Health Care,Health Care Facilities,"King of Prussia, Pennsylvania",2014-09-20
ULTA,2013-02-02,2220256000.0,1436582000.0,783674000.0,279978000,172549000,0,320475000.0,57272000,361125000,789324000.0,1275249000.0,488307000.0,786942000.0,35,13,13,357.0,194.0,2.73,63204761.9,239001000.0,-188578000,2013-05-03,Ulta Salon Cosmetics & Fragrance Inc,Consumer Discretionary,Specialty Stores,"Bolingbrook, Illinois",2016-04-18
ULTA,2014-02-02,2670573000.0,1729325000.0,941248000.0,327588000,202849000,0,419476000.0,69295000,457933000,1002697000.0,1602727000.0,599633000.0,1003094000.0,35,12,12,376.0,204.0,,,327725000.0,-226024000,2014-05-03,Ulta Salon Cosmetics & Fragrance Inc,Consumer Discretionary,Specialty Stores,"Bolingbrook, Illinois",2016-04-18
ULTA,2015-01-31,3241369000.0,2104582000.0,1136787000.0,410415000,257135000,0,389149000.0,73220000,581229000,1260355000.0,1983170000.0,735661000.0,1247509000.0,35,13,13,350.0,189.0,4.0,64283750.0,396592000.0,-249067000,2015-05-01,Ulta Salon Cosmetics & Fragrance Inc,Consumer Discretionary,Specialty Stores,"Bolingbrook, Illinois",2016-04-18
ULTA,2016-01-31,3924116000.0,2539783000.0,1384333000.0,506297000,320008000,0,345840000.0,64992000,761793000,1375173000.0,2230918000.0,788032000.0,1442886000.0,35,13,13,347.0,155.0,,,375874000.0,-299167000,2016-04-30,Ulta Salon Cosmetics & Fragrance Inc,Consumer Discretionary,Specialty Stores,"Bolingbrook, Illinois",2016-04-18
UNH,2013-12-31,122000000000.0,89659000000.0,32830000000.0,9623000000,5625000000,0,7276000000.0,7050000000,0,0.0,81882000000.0,49733000000.0,32149000000.0,27,8,7,,,5.59,1006261181.0,6991000000.0,-1307000000,2014-03-31,United Health Group Inc.,Health Care,Managed Health Care,"Minnetonka, Minnesota",1994-07-01
UNH,2014-12-31,130000000000.0,93633000000.0,36841000000.0,10274000000,5619000000,0,7495000000.0,9750000000,0,0.0,86382000000.0,53928000000.0,32454000000.0,28,8,7,,,5.78,972145328.7,8051000000.0,-1525000000,2015-03-31,United Health Group Inc.,Health Care,Managed Health Care,"Minnetonka, Minnesota",1994-07-01
UNH,2015-12-31,157000000000.0,104000000000.0,53232000000.0,11021000000,5813000000,0,10923000000.0,13324000000,0,0.0,111000000000.0,77424000000.0,33830000000.0,34,7,7,,,6.1,952950819.7,9740000000.0,-1556000000,2016-03-30,United Health Group Inc.,Health Care,Managed Health Care,"Minnetonka, Minnesota",1994-07-01
UNH,2016-12-31,185000000000.0,117000000000.0,67802000000.0,12930000000,7017000000,0,10430000000.0,15651000000,0,0.0,123000000000.0,84536000000.0,38274000000.0,37,7,6,,,,,9795000000.0,-1705000000,2017-03-31,United Health Group Inc.,Health Care,Managed Health Care,"Minnetonka, Minnesota",1994-07-01
UNM,2012-12-31,10515400000.0,7172100000.0,3343300000.0,1249500000,894400000,0,77300000.0,6475200000,0,0.0,62236100000.0,53623500000.0,8612600000.0,32,12,12,,,3.18,281257861.6,1379600000.0,-105400000,2013-03-31,Unum Group,Financials,Diversified Financial Services,"Chattanooga, Tennessee",1994-03-01
UNM,2013-12-31,10368600000.0,7038400000.0,3330200000.0,1220000000,847000000,0,94100000.0,6504600000,0,0.0,59403600000.0,50744500000.0,8659100000.0,32,12,12,,,3.24,261419753.1,1031500000.0,-105500000,2014-03-31,Unum Group,Financials,Diversified Financial Services,"Chattanooga, Tennessee",1994-03-01
UNM,2014-12-31,10524500000.0,7722100000.0,2802400000.0,542000000,402100000,0,102500000.0,6610600000,0,0.0,62450200000.0,53928300000.0,8521900000.0,27,5,5,,,1.62,248209876.5,1223600000.0,-114500000,2015-03-31,Unum Group,Financials,Diversified Financial Services,"Chattanooga, Tennessee",1994-03-01
UNM,2015-12-31,10731300000.0,7209400000.0,3521900000.0,1238300000,867100000,0,112900000.0,6323500000,0,0.0,60589700000.0,51925800000.0,8663900000.0,33,12,12,,,3.51,247037037.0,1292100000.0,-100200000,2016-03-30,Unum Group,Financials,Diversified Financial Services,"Chattanooga, Tennessee",1994-03-01
UNP,2013-12-31,21963000000.0,5849000000.0,16114000000.0,7446000000,4388000000,0,1432000000.0,1682000000,653000000,3990000000.0,49731000000.0,28506000000.0,21225000000.0,73,34,32,105.0,88.0,9.47,463357972.5,6823000000.0,-3496000000,2014-03-31,Union Pacific,Industrials,Railroads,"Omaha, Nebraska",
UNP,2014-12-31,23988000000.0,6097000000.0,17891000000.0,8753000000,5180000000,0,1586000000.0,1611000000,712000000,4401000000.0,52372000000.0,31183000000.0,21189000000.0,75,36,35,117.0,98.0,5.77,897746967.1,7385000000.0,-4346000000,2015-03-31,Union Pacific,Industrials,Railroads,"Omaha, Nebraska",
UNP,2015-12-31,21813000000.0,4434000000.0,17379000000.0,8052000000,4772000000,0,1391000000.0,1356000000,736000000,4130000000.0,54600000000.0,33898000000.0,20702000000.0,80,37,35,129.0,106.0,5.51,866061706.0,7344000000.0,-4650000000,2016-03-30,Union Pacific,Industrials,Railroads,"Omaha, Nebraska",
UNP,2016-12-31,19941000000.0,3747000000.0,16194000000.0,7272000000,4233000000,0,1277000000.0,1258000000,717000000,3596000000.0,55718000000.0,35786000000.0,19932000000.0,81,36,34,99.0,79.0,,,7525000000.0,-3505000000,2017-03-31,Union Pacific,Industrials,Railroads,"Omaha, Nebraska",
UPS,2012-12-31,54127000000.0,13574000000.0,40553000000.0,1343000000,807000000,0,7327000000.0,6694000000,0,15591000000.0,38863000000.0,34210000000.0,4653000000.0,75,2,2,186.0,186.0,0.84,960714285.7,7216000000.0,-2153000000,2013-03-31,United Parcel Service,Industrials,Air Freight & Logistics,"Atlanta, Georgia",
UPS,2013-12-31,55438000000.0,13703000000.0,41735000000.0,7034000000,4372000000,0,4665000000.0,7186000000,0,13387000000.0,36212000000.0,29738000000.0,6474000000.0,75,13,12,188.0,188.0,4.65,940215053.8,7304000000.0,-2065000000,2014-03-31,United Parcel Service,Industrials,Air Freight & Logistics,"Atlanta, Georgia",
UPS,2014-12-31,58232000000.0,14758000000.0,43474000000.0,4968000000,3032000000,0,2291000000.0,6661000000,0,11218000000.0,35440000000.0,33299000000.0,2141000000.0,75,9,8,130.0,130.0,3.31,916012084.6,5726000000.0,-2328000000,2015-03-31,United Parcel Service,Industrials,Air Freight & Logistics,"Atlanta, Georgia",
UPS,2015-12-31,58363000000.0,12947000000.0,45416000000.0,7668000000,4844000000,0,2730000000.0,7134000000,0,13208000000.0,38311000000.0,35841000000.0,2470000000.0,78,13,13,123.0,123.0,5.38,900371747.2,7430000000.0,-2379000000,2016-03-30,United Parcel Service,Industrials,Air Freight & Logistics,"Atlanta, Georgia",
URBN,2013-01-31,2794925000.0,1763394000.0,1031531000.0,374285000,237314000,0,245327000.0,54233000,282411000,872284000.0,1797211000.0,442623000.0,1354588000.0,37,13,13,349.0,236.0,1.63,145591411.0,395680000.0,-168875000,2013-05-01,Urban Outfitters,Consumer Discretionary,Apparel Retail,"Philadelphia, Pennsylvania",2010-02-08
URBN,2014-01-31,3086608000.0,1925266000.0,1161342000.0,426831000,282360000,0,242058000.0,83934000,311207000,994980000.0,2221214000.0,527044000.0,1694170000.0,38,14,14,300.0,206.0,1.92,147062500.0,423155000.0,-186101000,2014-05-01,Urban Outfitters,Consumer Discretionary,Apparel Retail,"Philadelphia, Pennsylvania",2010-02-08
URBN,2015-01-31,3323077000.0,2148147000.0,1174930000.0,365385000,232428000,0,154558000.0,89213000,358237000,809117000.0,1888741000.0,560772000.0,1327969000.0,35,11,11,229.0,127.0,1.7,136722352.9,322321000.0,-229804000,2015-05-01,Urban Outfitters,Consumer Discretionary,Apparel Retail,"Philadelphia, Pennsylvania",2010-02-08
URBN,2016-01-31,3445134000.0,2243232000.0,1201902000.0,353579000,224489000,0,265276000.0,75723000,330223000,834361000.0,1833301000.0,696074000.0,1137227000.0,35,10,10,253.0,153.0,1.79,125412849.2,413420000.0,-134950000,2016-04-30,Urban Outfitters,Consumer Discretionary,Apparel Retail,"Philadelphia, Pennsylvania",2010-02-08
USB,2013-07-31,2436948000.0,1589821000.0,847127000.0,343329000,247377000,62630000,224138000.0,457230000,234820000,1055662000.0,1743556000.0,658369000.0,1085187000.0,35,14,14,222.0,172.0,,,315923000.0,-94895000,2013-10-29,U.S. Bancorp,Financials,Banks,"Minneapolis, Minnesota",
USB,2014-07-31,2473500000.0,1595700000.0,877800000.0,355700000,260200000,61800000,296418000.0,502043000,253351000,1225277000.0,1942411000.0,939928000.0,1002483000.0,35,14,15,201.0,159.0,,,317800000.0,-97200000,2014-10-29,U.S. Bancorp,Financials,Banks,"Minneapolis, Minnesota",
USB,2015-07-31,2371200000.0,1562600000.0,808600000.0,288300000,208100000,60200000,189900000.0,488200000,265000000,1030700000.0,1809500000.0,1034700000.0,774800000.0,34,12,12,184.0,137.0,,,212800000.0,-93800000,2015-10-29,U.S. Bancorp,Financials,Banks,"Minneapolis, Minnesota",
USB,2016-07-31,2220300000.0,1465500000.0,754800000.0,274200000,190800000,55500000,243200000.0,481400000,234100000,1009700000.0,1788600000.0,1021200000.0,767400000.0,34,12,12,186.0,143.0,,,286100000.0,-72900000,2016-10-29,U.S. Bancorp,Financials,Banks,"Minneapolis, Minnesota",
UTX,2013-12-31,56600000000.0,40468000000.0,16132000000.0,8549000000,5721000000,2342000000,4619000000.0,13422000000,10330000000,29442000000.0,90594000000.0,58728000000.0,31866000000.0,29,15,14,129.0,84.0,6.35,900944881.9,7314000000.0,-1569000000,2014-03-31,United Technologies,Industrials,Industrial Conglomerates,"Hartford, Connecticut",
UTX,2014-12-31,57900000000.0,40898000000.0,17002000000.0,9593000000,6220000000,2475000000,5229000000.0,12371000000,7642000000,31483000000.0,91206000000.0,59993000000.0,31213000000.0,29,17,15,134.0,102.0,6.92,898843930.6,6979000000.0,-1594000000,2015-03-31,United Technologies,Industrials,Industrial Conglomerates,"Hartford, Connecticut",
UTX,2015-12-31,56098000000.0,40431000000.0,15667000000.0,7291000000,7608000000,2279000000,7075000000.0,10653000000,8135000000,26706000000.0,87484000000.0,60126000000.0,27358000000.0,28,13,12,118.0,82.0,8.72,872477064.2,6755000000.0,-1652000000,2016-03-30,United Technologies,Industrials,Industrial Conglomerates,"Hartford, Connecticut",
UTX,2016-12-31,57244000000.0,41460000000.0,15784000000.0,8172000000,5055000000,2337000000,7157000000.0,11481000000,8704000000,28550000000.0,89706000000.0,62127000000.0,27579000000.0,28,14,12,130.0,91.0,,,6412000000.0,-1699000000,2017-03-31,United Technologies,Industrials,Industrial Conglomerates,"Hartford, Connecticut",
V,2013-09-30,11778000000.0,1932000000.0,9846000000.0,7239000000,4980000000,0,2235000000.0,2183000000,0,7822000000.0,35956000000.0,9086000000.0,26870000000.0,84,61,62,180.0,180.0,,,3022000000.0,-471000000,2013-12-29,Visa Inc.,Information Technology,Internet Software & Services,"San Francisco, California",2009-12-21
V,2014-09-30,12702000000.0,1875000000.0,10827000000.0,7697000000,5438000000,0,3469000000.0,2636000000,0,9562000000.0,38569000000.0,11156000000.0,27413000000.0,85,61,61,159.0,159.0,,,7205000000.0,-553000000,2014-12-29,Visa Inc.,Information Technology,Internet Software & Services,"San Francisco, California",2009-12-21
V,2015-09-30,13880000000.0,2079000000.0,11801000000.0,9064000000,6328000000,0,4590000000.0,1255000000,0,10021000000.0,39367000000.0,9525000000.0,29842000000.0,85,65,65,187.0,187.0,,,6584000000.0,-414000000,2015-12-29,Visa Inc.,Information Technology,Internet Software & Services,"San Francisco, California",2009-12-21
V,2016-09-30,15082000000.0,2226000000.0,12856000000.0,7883000000,5991000000,0,6646000000.0,2508000000,0,14313000000.0,64035000000.0,31123000000.0,32912000000.0,85,52,53,178.0,178.0,,,5574000000.0,-523000000,2016-12-29,Visa Inc.,Information Technology,Internet Software & Services,"San Francisco, California",2009-12-21
VAR,2013-09-27,2942897000.0,1693210000.0,1249687000.0,608890000,438248000,208208000,1117861000.0,820504000,535223000,2704783000.0,3468474000.0,1754627000.0,1713847000.0,42,21,21,233.0,187.0,4.04,108477227.7,455185000.0,-76277000,2013-12-26,Varian Medical Systems,Health Care,Health Care Equipment,"Palo Alto, California",2007-02-12
VAR,2014-09-26,3049800000.0,1748100000.0,1301700000.0,571200000,403700000,234800000,849275000.0,857891000,572261000,2494165000.0,3357290000.0,1740870000.0,1616420000.0,43,19,19,208.0,160.0,3.88,104046391.8,449000000.0,-89600000,2014-12-25,Varian Medical Systems,Health Care,Health Care Equipment,"Palo Alto, California",2007-02-12
VAR,2015-10-02,3099100000.0,1816400000.0,1282700000.0,549000000,411500000,245200000,845500000.0,770900000,612600000,2393000000.0,3578700000.0,1867100000.0,1711600000.0,41,18,18,174.0,129.0,4.13,99636803.87,469600000.0,-91400000,2015-12-31,Varian Medical Systems,Health Care,Health Care Equipment,"Palo Alto, California",2007-02-12
VAR,2016-09-30,3217800000.0,1856500000.0,1361300000.0,550800000,402300000,253500000,843500000.0,891800000,639700000,2616000000.0,3816000000.0,2075500000.0,1740500000.0,42,17,17,162.0,122.0,4.22,95331753.55,356300000.0,-80400000,2016-12-29,Varian Medical Systems,Health Care,Health Care Equipment,"Palo Alto, California",2007-02-12
VFC,2012-12-31,10879855000.0,5817880000.0,5061975000.0,1465267000,1085999000,0,597461000.0,1362860000,1354158000,3449583000.0,9633021000.0,4507396000.0,5125625000.0,47,13,13,199.0,121.0,,,1275000000.0,-251940000,2013-03-31,V.F. Corp.,Consumer Discretionary,"Apparel, Accessories & Luxury Goods","Greensboro, North Carolina",1979-06-30
VFC,2013-12-31,11419648000.0,5931469000.0,5488179000.0,1647147000,1210119000,0,776403000.0,1529764000,1399062000,3882982000.0,10315443000.0,4238405000.0,6077038000.0,48,14,14,248.0,158.0,,,1506041000.0,-271153000,2014-03-31,V.F. Corp.,Consumer Discretionary,"Apparel, Accessories & Luxury Goods","Greensboro, North Carolina",1979-06-30
VFC,2015-01-03,12282161000.0,6288190000.0,5993971000.0,1437724000,1047505000,0,971895000.0,1276224000,1482804000,4031569000.0,9845300000.0,4214418000.0,5630882000.0,49,12,11,250.0,158.0,2.42,432853305.8,1697629000.0,-234077000,2015-04-03,V.F. Corp.,Consumer Discretionary,"Apparel, Accessories & Luxury Goods","Greensboro, North Carolina",1979-06-30
VFC,2016-01-02,12376744000.0,6393800000.0,5982944000.0,1660996000,1231593000,0,945605000.0,1319558000,1611994000,4163136000.0,9639542000.0,4254704000.0,5384838000.0,48,13,13,214.0,131.0,2.9,424687241.4,1146510000.0,-254501000,2016-04-01,V.F. Corp.,Consumer Discretionary,"Apparel, Accessories & Luxury Goods","Greensboro, North Carolina",1979-06-30
VIAB,2013-09-30,13794000000.0,6799000000.0,6995000000.0,3836000000,2395000000,0,2403000000.0,2987000000,770000000,6726000000.0,23829000000.0,18636000000.0,5193000000.0,51,28,26,177.0,157.0,4.93,485801217.0,3083000000.0,-160000000,2013-12-29,Viacom Inc.,Consumer Discretionary,Broadcasting & Cable TV,"New York, New York",
VIAB,2014-09-30,13783000000.0,6542000000.0,7241000000.0,4082000000,2391000000,0,1000000000.0,3066000000,846000000,5252000000.0,23047000000.0,19328000000.0,3719000000.0,53,30,25,133.0,112.0,5.53,432368896.9,2597000000.0,-123000000,2014-12-29,Viacom Inc.,Consumer Discretionary,Broadcasting & Cable TV,"New York, New York",
VIAB,2015-09-30,13268000000.0,6868000000.0,6400000000.0,3112000000,1922000000,0,506000000.0,2807000000,786000000,4578000000.0,22143000000.0,18605000000.0,3538000000.0,48,23,19,119.0,98.0,4.78,402092050.2,2313000000.0,-142000000,2015-12-29,Viacom Inc.,Consumer Discretionary,Broadcasting & Cable TV,"New York, New York",
VIAB,2016-09-30,12488000000.0,6684000000.0,5804000000.0,2526000000,1438000000,0,379000000.0,2712000000,844000000,4522000000.0,22508000000.0,18231000000.0,4277000000.0,46,20,16,123.0,100.0,3.63,396143250.7,1371000000.0,-172000000,2016-12-29,Viacom Inc.,Consumer Discretionary,Broadcasting & Cable TV,"New York, New York",
VLO,2012-12-31,138000000000.0,126000000000.0,11908000000.0,5044000000,2083000000,0,1723000000.0,8610000000,5973000000,16460000000.0,44477000000.0,26445000000.0,18032000000.0,9,4,3,138.0,88.0,3.77,552519893.9,5270000000.0,-2931000000,2013-03-31,Valero Energy,Energy,Oil & Gas Refining & Marketing & Transportation,"San Antonio, Texas",
VLO,2013-12-31,138000000000.0,127000000000.0,10758000000.0,3957000000,2720000000,0,4292000000.0,9089000000,5758000000,19277000000.0,47260000000.0,27800000000.0,19460000000.0,8,3,3,147.0,103.0,4.99,545090180.4,5564000000.0,-2121000000,2014-03-31,Valero Energy,Energy,Oil & Gas Refining & Marketing & Transportation,"San Antonio, Texas",
VLO,2014-12-31,131000000000.0,118000000000.0,12703000000.0,5902000000,3630000000,0,3689000000.0,6138000000,6623000000,16614000000.0,45550000000.0,24873000000.0,20677000000.0,10,5,4,166.0,100.0,6.88,527616279.1,4241000000.0,-2153000000,2015-03-31,Valero Energy,Energy,Oil & Gas Refining & Marketing & Transportation,"San Antonio, Texas",
VLO,2015-12-31,87804000000.0,74651000000.0,13153000000.0,6358000000,3990000000,0,4114000000.0,4756000000,5898000000,14972000000.0,44343000000.0,23816000000.0,20527000000.0,15,7,7,203.0,123.0,8.0,498750000.0,5611000000.0,-1618000000,2016-03-30,Valero Energy,Energy,Oil & Gas Refining & Marketing & Transportation,"San Antonio, Texas",
VMC,2012-12-31,2567310000.0,2233284000.0,334026000.0,84781000,-52593000,0,275478000.0,337676000,335022000,984972000.0,8126599000.0,4365537000.0,3761062000.0,13,3,5,226.0,149.0,-0.41,128275609.8,238475000.0,-93357000,2013-03-31,Vulcan Materials,Materials,Construction Materials,"Birmingham, Alabama",
VMC,2013-12-31,2770709000.0,2343829000.0,426880000.0,190404000,24382000,0,193738000.0,380044000,344606000,951496000.0,8259143000.0,4321037000.0,3938106000.0,15,7,0,318.0,203.0,0.19,128326315.8,356499000.0,-275380000,2014-03-31,Vulcan Materials,Materials,Construction Materials,"Birmingham, Alabama",
VMC,2014-12-31,2994169000.0,2406587000.0,587582000.0,538138000,204923000,0,141273000.0,413568000,321804000,920469000.0,8041097000.0,3864398000.0,4176699000.0,20,18,10,204.0,132.0,1.56,131360897.4,260336000.0,-224852000,2015-03-31,Vulcan Materials,Materials,Construction Materials,"Birmingham, Alabama",
VMC,2015-12-31,3422181000.0,2564648000.0,857533000.0,549778000,221177000,0,285210000.0,418024000,347073000,1084591000.0,8301632000.0,3847444000.0,4454188000.0,25,16,10,307.0,209.0,1.66,133239156.6,503378000.0,-289262000,2016-03-30,Vulcan Materials,Materials,Construction Materials,"Birmingham, Alabama",
VNO,2013-12-31,2299176000.0,928565000.0,1370611000.0,674551000,475971000,32210000,845730000.0,911118000,0,0.0,20097224000.0,13331992000.0,6765232000.0,60,29,1,,,2.1,226652857.1,1040789000.0,-923177000,2014-03-31,Vornado Realty Trust,Real Estate,REITs,"New York, New York",
VNO,2014-12-31,2312512000.0,953611000.0,1358901000.0,689893000,864852000,0,1374681000.0,897269000,0,0.0,21157980000.0,14412554000.0,6745426000.0,59,30,19,,,4.18,206902392.3,1135310000.0,-1034747000,2015-03-31,Vornado Realty Trust,Real Estate,REITs,"New York, New York",
VNO,2015-12-31,2502267000.0,1011249000.0,1491018000.0,760248000,760434000,0,1943506000.0,1029307000,0,0.0,21143293000.0,14445698000.0,6697595000.0,60,30,29,,,3.61,210646537.4,672150000.0,-1270447000,2016-03-30,Vornado Realty Trust,Real Estate,REITs,"New York, New York",
VNO,2016-12-31,2506202000.0,1024336000.0,1481866000.0,550791000,906917000,0,1599322000.0,1127203000,0,0.0,20814847000.0,13916328000.0,6898519000.0,59,22,39,,,,,1000667000.0,-1055574000,2017-03-31,Vornado Realty Trust,Real Estate,REITs,"New York, New York",
VRSK,2012-12-31,1407848000.0,516708000.0,891140000.0,572228000,329142000,0,89819000.0,234802000,0,390559000.0,2360336000.0,2104745000.0,255591000.0,63,41,36,67.0,67.0,1.98,166233333.3,468229000.0,-74373000,2013-03-31,Verisk Analytics,Industrials,Research & Consulting Services,"Jersey City, New Jersey",2015-10-08
VRSK,2013-12-31,1595703000.0,622523000.0,973180000.0,614267000,348380000,0,165801000.0,230970000,0,474845000.0,2504451000.0,1956862000.0,547589000.0,61,38,34,110.0,110.0,2.07,168299516.9,506920000.0,-145976000,2014-03-31,Verisk Analytics,Industrials,Research & Consulting Services,"Jersey City, New Jersey",2015-10-08
VRSK,2014-12-31,1746726000.0,716598000.0,1030128000.0,660446000,400042000,0,39359000.0,290952000,0,384483000.0,2345330000.0,2134287000.0,211043000.0,59,38,34,50.0,50.0,2.41,165992531.1,489452000.0,-146818000,2015-03-31,Verisk Analytics,Industrials,Research & Consulting Services,"Jersey City, New Jersey",2015-10-08
VRSK,2015-12-31,2068010000.0,803274000.0,1264736000.0,736562000,507577000,0,138348000.0,368952000,0,604569000.0,5615927000.0,4243916000.0,1372011000.0,61,36,35,41.0,41.0,3.07,165334527.7,623687000.0,-166138000,2016-03-30,Verisk Analytics,Industrials,Research & Consulting Services,"Jersey City, New Jersey",2015-10-08
VRSN,2012-12-31,873592000.0,167600000.0,705992000.0,457327000,320032000,61694000,130736000.0,56233000,0,1643464000.0,2062476000.0,2071799000.0,-9323000.0,81,52,47,236.0,236.0,2.04,156878431.4,537630000.0,-53023000,2013-03-31,Verisign Inc.,Information Technology,Internet Software & Services,"Dulles, Virginia",
VRSN,2013-12-31,965087000.0,187013000.0,778074000.0,528232000,544450000,70297000,339223000.0,13631000,0,1803199000.0,2660767000.0,3084325000.0,-423558000.0,81,55,47,89.0,89.0,3.77,144416445.6,579397000.0,-65594000,2014-03-31,Verisign Inc.,Information Technology,Internet Software & Services,"Dulles, Virginia",
VRSN,2014-12-31,1010117000.0,188425000.0,821692000.0,564427000,355260000,67777000,191608000.0,13448000,0,1479790000.0,1901150000.0,2784616000.0,-883466000.0,81,56,48,103.0,103.0,2.8,126878571.4,600949000.0,-39327000,2015-03-31,Verisign Inc.,Information Technology,Internet Software & Services,"Dulles, Virginia",
VRSN,2015-12-31,1059366000.0,192788000.0,866578000.0,605946000,375236000,63718000,228659000.0,12638000,0,1967924000.0,2357737000.0,3428184000.0,-1070447000.0,82,57,46,131.0,131.0,3.29,114053495.4,651482000.0,-40656000,2016-03-30,Verisign Inc.,Information Technology,Internet Software & Services,"Dulles, Virginia",
VRTX,2012-12-31,1527042000.0,279885000.0,1247157000.0,46727000,-107032000,765905000,559390000.0,143250000,30464000,1589585000.0,2759288000.0,1760108000.0,999180000.0,82,3,2,367.0,360.0,-0.5,214064000.0,267841000.0,-71140000,2013-03-31,Vertex Pharmaceuticals Inc,Health Care,Biotechnology,"Cambridge, Massachusetts",2013-09-23
VRTX,2013-12-31,1211975000.0,130277000.0,1081698000.0,-610008000,-445028000,882097000,569299000.0,85517000,14147000,1588576000.0,2319041000.0,962636000.0,1356405000.0,89,50,52,399.0,396.0,-1.98,224761616.2,-60666000.0,-51393000,2014-03-31,Vertex Pharmaceuticals Inc,Health Care,Biotechnology,"Cambridge, Massachusetts",2013-09-23
VRTX,2014-12-31,580415000.0,60987000.0,519428000.0,-692412000,-738555000,855506000,633677000.0,75964000,30848000,1546511000.0,2334679000.0,1259673000.0,1075006000.0,89,119,127,420.0,412.0,-3.14,235208598.7,-573112000.0,-51201000,2015-03-31,Vertex Pharmaceuticals Inc,Health Care,Biotechnology,"Cambridge, Massachusetts",2013-09-23
VRTX,2015-12-31,1032336000.0,124512000.0,907824000.0,-466879000,-556334000,995922000,793678000.0,177639000,57207000,1407153000.0,2498875000.0,1558908000.0,939967000.0,88,45,54,278.0,267.0,-2.31,240837229.4,-365432000.0,-45302000,2016-03-30,Vertex Pharmaceuticals Inc,Health Care,Biotechnology,"Cambridge, Massachusetts",2013-09-23
VTR,2013-12-31,2514595000.0,1118240000.0,1396355000.0,612366000,454669000,0,94816000.0,376229000,0,0.0,19731494000.0,10907213000.0,8824281000.0,56,24,15,,,1.55,293334838.7,1194755000.0,-1614357000,2014-03-31,Ventas Inc,Real Estate,REITs,"Chicago, Illinois",2009-03-04
VTR,2014-12-31,2772550000.0,1212480000.0,1560070000.0,644069000,477001000,0,55348000.0,802881000,0,0.0,21165913000.0,12485729000.0,8680184000.0,56,23,13,,,1.62,294445061.7,1254845000.0,-1662728000,2015-03-31,Ventas Inc,Real Estate,REITs,"Chicago, Illinois",2009-03-04
VTR,2015-12-31,3285346000.0,1410205000.0,1875141000.0,732148000,419222000,0,53023000.0,857112000,0,0.0,22261918000.0,12697591000.0,9564327000.0,57,22,11,,,1.26,332715873.0,1391767000.0,-2877949000,2016-03-30,Ventas Inc,Real Estate,REITs,"Chicago, Illinois",2009-03-04
VTR,2016-12-31,3442646000.0,1442073000.0,2000573000.0,940151000,651490000,0,286707000.0,702021000,0,0.0,23166600000.0,12706360000.0,10460240000.0,58,27,15,,,,,1367457000.0,-1690215000,2017-03-31,Ventas Inc,Real Estate,REITs,"Chicago, Illinois",2009-03-04
VZ,2012-12-31,116000000000.0,46275000000.0,69571000000.0,13160000000,875000000,0,3093000000.0,12576000000,1075000000,21235000000.0,225000000000.0,192000000000.0,33157000000.0,60,11,9,79.0,75.0,0.31,2822580645.0,31486000000.0,-16175000000,2013-03-31,Verizon Communications,Telecommunications Services,Integrated Telecommunications Services,"New York, New York",1983-11-30
VZ,2013-12-31,121000000000.0,44887000000.0,75663000000.0,31968000000,11497000000,0,53528000000.0,12439000000,1020000000,70994000000.0,274000000000.0,235000000000.0,38836000000.0,63,27,24,262.0,259.0,4.01,2867082294.0,38818000000.0,-16604000000,2014-03-31,Verizon Communications,Telecommunications Services,Integrated Telecommunications Services,"New York, New York",1983-11-30
VZ,2014-12-31,127000000000.0,49931000000.0,77148000000.0,19599000000,9625000000,0,10598000000.0,13993000000,1153000000,29499000000.0,233000000000.0,220000000000.0,12298000000.0,61,15,12,105.0,101.0,2.42,3977272727.0,30631000000.0,-17191000000,2015-03-31,Verizon Communications,Telecommunications Services,Integrated Telecommunications Services,"New York, New York",1983-11-30
VZ,2015-12-31,132000000000.0,52557000000.0,79063000000.0,33060000000,17879000000,0,4470000000.0,13457000000,1252000000,22280000000.0,245000000000.0,228000000000.0,16428000000.0,60,25,21,64.0,60.0,4.38,4081963470.0,38930000000.0,-17775000000,2016-03-30,Verizon Communications,Telecommunications Services,Integrated Telecommunications Services,"New York, New York",1983-11-30
WAT,2012-12-31,1843641000.0,737614000.0,1106027000.0,511490000,461443000,96004000,481035000.0,404556000,229565000,2257726000.0,3168150000.0,1700793000.0,1467357000.0,60,28,26,448.0,402.0,,,449280000.0,-104749000,2013-03-31,Waters Corporation,Health Care,Health Care Distributors,"Milford, Massachusetts",
WAT,2013-12-31,1904218000.0,783456000.0,1120762000.0,517343000,450003000,100536000,440796000.0,430985000,242800000,2556255000.0,3582629000.0,1819456000.0,1763173000.0,59,27,26,524.0,475.0,,,484876000.0,-118450000,2014-03-31,Waters Corporation,Health Care,Health Care Distributors,"Milford, Massachusetts",
WAT,2014-12-31,1989344000.0,824913000.0,1164431000.0,517908000,431620000,107726000,422177000.0,433616000,246430000,2817044000.0,3874690000.0,1980024000.0,1894666000.0,59,26,25,485.0,443.0,,,511648000.0,-91122000,2015-03-31,Waters Corporation,Health Care,Health Care Distributors,"Milford, Massachusetts",
WAT,2015-12-31,2042332000.0,842672000.0,1199660000.0,567451000,469053000,118545000,487665000.0,468315000,263415000,3213533000.0,4268677000.0,2209826000.0,2058851000.0,59,28,27,570.0,523.0,5.7,82290000.0,560293000.0,-100012000,2016-03-30,Waters Corporation,Health Care,Health Care Distributors,"Milford, Massachusetts",
WDC,2013-06-28,15351000000.0,10988000000.0,4363000000.0,1266000000,980000000,1572000000,4309000000.0,1793000000,1188000000,7598000000.0,14036000000.0,6143000000.0,7893000000.0,28,8,8,191.0,161.0,4.07,240786240.8,3119000000.0,-952000000,2013-09-26,Western Digital,Information Technology,Computer Storage & Peripherals,"Irvine, California",2009-07-01
WDC,2014-06-27,15130000000.0,10770000000.0,4360000000.0,1791000000,1617000000,1661000000,4804000000.0,1989000000,1226000000,8720000000.0,15499000000.0,6657000000.0,8842000000.0,29,12,12,227.0,195.0,6.88,235029069.8,2816000000.0,-628000000,2014-09-25,Western Digital,Information Technology,Computer Storage & Peripherals,"Irvine, California",2009-07-01
WDC,2015-07-03,14572000000.0,10351000000.0,4221000000.0,1611000000,1465000000,1646000000,5024000000.0,1532000000,1368000000,8513000000.0,15170000000.0,5951000000.0,9219000000.0,29,11,11,263.0,221.0,6.31,232171156.9,2242000000.0,-612000000,2015-10-01,Western Digital,Information Technology,Computer Storage & Peripherals,"Irvine, California",2009-07-01
WDC,2016-07-01,12994000000.0,9559000000.0,3435000000.0,466000000,242000000,1627000000,8151000000.0,1461000000,2129000000,12584000000.0,32862000000.0,21717000000.0,11145000000.0,26,4,1,181.0,150.0,1.01,239603960.4,1983000000.0,-584000000,2016-09-29,Western Digital,Information Technology,Computer Storage & Peripherals,"Irvine, California",2009-07-01
WEC,2012-12-31,4246400000.0,2760500000.0,1485900000.0,1000300000,546300000,0,35600000.0,668700000,360700000,1272600000.0,14285000000.0,10119500000.0,4165500000.0,35,24,20,88.0,63.0,2.37,230506329.1,1173900000.0,-707000000,2013-03-31,Wec Energy Group Inc,Utilities,Electric Utilities,"Milwaukee, Wisconsin",2008-10-31
WEC,2013-12-31,4519000000.0,2982100000.0,1536900000.0,1080100000,578600000,0,26000000.0,1037100000,329400000,1551100000.0,14769400000.0,10506000000.0,4263400000.0,34,24,20,104.0,82.0,2.54,227795275.6,1232200000.0,-725200000,2014-03-31,Wec Energy Group Inc,Utilities,Electric Utilities,"Milwaukee, Wisconsin",2008-10-31
WEC,2014-12-31,4997100000.0,3371800000.0,1625300000.0,1112100000,589500000,0,61900000.0,643400000,400600000,1292700000.0,14905000000.0,10454900000.0,4450100000.0,33,22,19,77.0,53.0,2.61,225862069.0,1198900000.0,-761200000,2015-03-31,Wec Energy Group Inc,Utilities,Electric Utilities,"Milwaukee, Wisconsin",2008-10-31
WEC,2015-12-31,5926100000.0,3949400000.0,1976700000.0,1250500000,640300000,0,49800000.0,1028600000,687000000,2206800000.0,29355200000.0,20670000000.0,8685200000.0,33,21,18,81.0,56.0,2.36,271313559.3,1293600000.0,-1266200000,2016-03-30,Wec Energy Group Inc,Utilities,Electric Utilities,"Milwaukee, Wisconsin",2008-10-31
WFC,2012-12-31,91247000000.0,1727000000.0,0.0,0,18897000000,0,452000000000.0,0,0,0.0,1420000000000.0,1270000000000.0,158000000000.0,0,0,31,,,3.4,5557941176.0,58540000000.0,0,2013-03-31,Wells Fargo,Financials,Banks,"San Francisco, California",1976-06-30
WFC,2013-12-31,88069000000.0,1337000000.0,0.0,0,21878000000,0,561000000000.0,0,0,0.0,1520000000000.0,1350000000000.0,170000000000.0,0,0,37,,,3.95,5538734177.0,57641000000.0,0,2014-03-31,Wells Fargo,Financials,Banks,"San Francisco, California",1976-06-30
WFC,2014-12-31,88372000000.0,1096000000.0,0.0,0,23057000000,0,669000000000.0,0,0,0.0,1690000000000.0,1500000000000.0,184000000000.0,0,0,38,,,4.17,5529256595.0,17529000000.0,0,2015-03-31,Wells Fargo,Financials,Banks,"San Francisco, California",1976-06-30
WFC,2015-12-31,90033000000.0,963000000.0,0.0,0,22894000000,0,714000000000.0,0,0,0.0,1790000000000.0,1590000000000.0,193000000000.0,0,0,37,,,4.18,5477033493.0,14772000000.0,0,2016-03-30,Wells Fargo,Financials,Banks,"San Francisco, California",1976-06-30
WFM,2013-09-29,12917000000.0,8288000000.0,4629000000.0,883000000,551000000,0,401000000.0,339000000,414000000,1980000000.0,5538000000.0,1660000000.0,3878000000.0,36,7,7,182.0,144.0,1.48,372297297.3,1009000000.0,-198000000,2013-12-28,Whole Foods Market,Consumer Staples,Food Retail,"Austin, Texas",
WFM,2014-09-28,14194000000.0,9150000000.0,5044000000.0,934000000,579000000,0,299000000.0,366000000,441000000,1756000000.0,5744000000.0,1931000000.0,3813000000.0,36,7,7,140.0,105.0,1.57,368789808.9,1088000000.0,-263000000,2014-12-27,Whole Foods Market,Consumer Staples,Food Retail,"Austin, Texas",
WFM,2015-09-27,15389000000.0,9973000000.0,5416000000.0,861000000,536000000,0,364000000.0,417000000,500000000,1544000000.0,5741000000.0,1972000000.0,3769000000.0,35,6,6,123.0,83.0,1.49,359731543.6,1129000000.0,-335000000,2015-12-26,Whole Foods Market,Consumer Staples,Food Retail,"Austin, Texas",
WFM,2016-09-25,15724000000.0,10313000000.0,5411000000.0,857000000,507000000,0,473000000.0,439000000,517000000,1975000000.0,6341000000.0,3117000000.0,3224000000.0,34,5,5,147.0,109.0,1.55,327096774.2,1116000000.0,-321000000,2016-12-24,Whole Foods Market,Consumer Staples,Food Retail,"Austin, Texas",
WHR,2013-12-31,18769000000.0,15471000000.0,3298000000.0,1249000000,827000000,0,1380000000.0,2554000000,2408000000,7022000000.0,15544000000.0,10510000000.0,4924000000.0,18,7,5,103.0,68.0,10.42,79366602.69,1262000000.0,-578000000,2014-03-31,Whirlpool Corp.,Consumer Discretionary,Household Appliances,"Benton Harbor, Michigan",
WHR,2014-12-31,19872000000.0,16477000000.0,3395000000.0,1188000000,650000000,0,1026000000.0,3185000000,2740000000,8098000000.0,20002000000.0,14206000000.0,4885000000.0,17,6,4,96.0,64.0,8.3,78313253.01,1479000000.0,-720000000,2015-03-31,Whirlpool Corp.,Consumer Discretionary,Household Appliances,"Benton Harbor, Michigan",
WHR,2015-12-31,20891000000.0,17201000000.0,3690000000.0,1285000000,783000000,0,772000000.0,2530000000,2619000000,6874000000.0,19010000000.0,13336000000.0,4743000000.0,18,6,5,89.0,55.0,9.95,78693467.34,1225000000.0,-689000000,2016-03-30,Whirlpool Corp.,Consumer Discretionary,Household Appliances,"Benton Harbor, Michigan",
WHR,2016-12-31,20718000000.0,17036000000.0,3682000000.0,1354000000,888000000,0,1085000000.0,2711000000,2623000000,7339000000.0,19153000000.0,13425000000.0,4773000000.0,18,7,5,96.0,62.0,,,1203000000.0,-660000000,2017-03-31,Whirlpool Corp.,Consumer Discretionary,Household Appliances,"Benton Harbor, Michigan",
WLTW,2012-12-31,3480000000.0,0.0,3480000000.0,-225000000,-446000000,0,500000000.0,933000000,0,0.0,15112000000.0,13413000000.0,1699000000.0,100,6,10,,,,,525000000.0,-135000000,2013-03-31,Willis Towers Watson,Financials,Insurance Brokers,"London, United Kingdom",2016-01-05
WLTW,2013-12-31,3655000000.0,0.0,3655000000.0,663000000,365000000,0,796000000.0,1041000000,0,0.0,14800000000.0,12585000000.0,2215000000.0,100,18,14,,,,,561000000.0,-112000000,2014-03-31,Willis Towers Watson,Financials,Insurance Brokers,"London, United Kingdom",2016-01-05
WLTW,2014-12-31,3802000000.0,0.0,3802000000.0,647000000,362000000,0,635000000.0,1044000000,0,0.0,15421000000.0,13436000000.0,1985000000.0,100,17,14,,,,,477000000.0,-113000000,2015-03-31,Willis Towers Watson,Financials,Insurance Brokers,"London, United Kingdom",2016-01-05
WLTW,2015-12-31,3829000000.0,0.0,3829000000.0,427000000,373000000,0,532000000.0,1258000000,0,0.0,18839000000.0,16610000000.0,2229000000.0,100,11,9,,,,,243000000.0,-146000000,2016-03-30,Willis Towers Watson,Financials,Insurance Brokers,"London, United Kingdom",2016-01-05
WM,2013-12-31,13983000000.0,9112000000.0,4871000000.0,1079000000,98000000,0,58000000.0,1923000000,178000000,2499000000.0,22603000000.0,16896000000.0,5707000000.0,35,8,4,83.0,77.0,0.21,466666666.7,2455000000.0,-1271000000,2014-03-31,Waste Management Inc.,Industrials,Environmental Services,"Houston, Texas",
WM,2014-12-31,13996000000.0,9002000000.0,4994000000.0,2299000000,1298000000,0,1307000000.0,1937000000,106000000,3526000000.0,21297000000.0,15431000000.0,5866000000.0,36,16,13,101.0,98.0,2.8,463571428.6,2331000000.0,-1151000000,2015-03-31,Waste Management Inc.,Industrials,Environmental Services,"Houston, Texas",
WM,2015-12-31,12961000000.0,8231000000.0,4730000000.0,2045000000,753000000,0,39000000.0,2094000000,92000000,2345000000.0,20367000000.0,15022000000.0,5345000000.0,36,16,8,93.0,90.0,1.66,453614457.8,2498000000.0,-1233000000,2016-03-30,Waste Management Inc.,Industrials,Environmental Services,"Houston, Texas",
WM,2016-12-31,13609000000.0,8486000000.0,5123000000.0,2296000000,1182000000,0,32000000.0,2132000000,90000000,2376000000.0,20859000000.0,15562000000.0,5297000000.0,38,17,13,85.0,82.0,,,2960000000.0,-1339000000,2017-03-31,Waste Management Inc.,Industrials,Environmental Services,"Houston, Texas",
WMB,2012-12-31,7486000000.0,4523000000.0,2963000000.0,1612000000,859000000,0,839000000.0,805000000,175000000,1924000000.0,24327000000.0,19575000000.0,4752000000.0,40,22,17,124.0,113.0,1.39,617985611.5,1835000000.0,-2529000000,2013-03-31,Williams Cos.,Energy,Oil & Gas Exploration & Production,"Tulsa, Oklahoma",1975-03-31
WMB,2013-12-31,6860000000.0,4124000000.0,2736000000.0,1375000000,430000000,0,681000000.0,701000000,194000000,1683000000.0,27142000000.0,22278000000.0,4864000000.0,40,20,16,85.0,75.0,0.63,682539682.5,2217000000.0,-3572000000,2014-03-31,Williams Cos.,Energy,Oil & Gas Exploration & Production,"Tulsa, Oklahoma",1975-03-31
WMB,2014-12-31,7637000000.0,4508000000.0,3129000000.0,1569000000,2114000000,0,240000000.0,1206000000,231000000,1890000000.0,50455000000.0,41678000000.0,8777000000.0,41,21,47,74.0,65.0,2.94,719047619.0,2115000000.0,-4031000000,2015-03-31,Williams Cos.,Energy,Oil & Gas Exploration & Production,"Tulsa, Oklahoma",1975-03-31
WMB,2015-12-31,7360000000.0,3434000000.0,3926000000.0,226000000,-571000000,0,100000000.0,1083000000,127000000,1527000000.0,49020000000.0,42872000000.0,6148000000.0,53,3,23,61.0,56.0,-0.76,751315789.5,2678000000.0,-3167000000,2016-03-30,Williams Cos.,Energy,Oil & Gas Exploration & Production,"Tulsa, Oklahoma",1975-03-31
WMT,2013-01-31,469000000000.0,352000000000.0,116000000000.0,27725000000,16999000000,0,7781000000.0,6768000000,43803000000,59940000000.0,203000000000.0,127000000000.0,76343000000.0,25,6,5,83.0,22.0,5.04,3372817460.0,25591000000.0,-12898000000,2013-05-01,Wal-Mart Stores,Consumer Staples,Hypermarkets & Super Centers,"Bentonville, Arkansas",1982-08-31
WMT,2014-01-31,476000000000.0,358000000000.0,118000000000.0,26872000000,16022000000,0,7281000000.0,6677000000,44858000000,61185000000.0,205000000000.0,128000000000.0,76255000000.0,25,6,5,88.0,24.0,4.9,3269795918.0,23257000000.0,-13115000000,2014-05-01,Wal-Mart Stores,Consumer Staples,Hypermarkets & Super Centers,"Bentonville, Arkansas",1982-08-31
WMT,2015-01-31,486000000000.0,365000000000.0,121000000000.0,27147000000,16363000000,0,9135000000.0,6778000000,45141000000,63278000000.0,203000000000.0,122000000000.0,81394000000.0,25,6,5,97.0,28.0,5.07,3227416174.0,28564000000.0,-12174000000,2015-05-01,Wal-Mart Stores,Consumer Staples,Hypermarkets & Super Centers,"Bentonville, Arkansas",1982-08-31
WMT,2016-01-31,482000000000.0,361000000000.0,121000000000.0,24105000000,14694000000,0,8705000000.0,5624000000,44469000000,60239000000.0,200000000000.0,119000000000.0,80546000000.0,25,5,4,93.0,24.0,4.58,3208296943.0,27389000000.0,-11477000000,2016-04-30,Wal-Mart Stores,Consumer Staples,Hypermarkets & Super Centers,"Bentonville, Arkansas",1982-08-31
WRK,2014-09-30,9895100000.0,7961500000.0,1933600000.0,854400000,483800000,0,41400000.0,1118700000,1029200000,2432500000.0,11039700000.0,6732900000.0,4306800000.0,20,9,8,179.0,103.0,,,1151800000.0,-534200000,2014-12-29,WestRock Company,Materials,Paper Packaging,"Richmond, Virginia",
WRK,2015-09-30,11124800000.0,8986500000.0,2138300000.0,852500000,511800000,0,215100000.0,1575400000,1761000000,4176000000.0,25372400000.0,13720600000.0,11651800000.0,19,8,7,192.0,111.0,2.97,172323232.3,1203600000.0,-585500000,2015-12-29,WestRock Company,Materials,Paper Packaging,"Richmond, Virginia",
WRK,2016-09-30,14171800000.0,11413200000.0,2758600000.0,430300000,-389900000,0,366400000.0,1592200000,1638200000,3912600000.0,23038200000.0,13309400000.0,9728800000.0,19,3,2,179.0,104.0,-1.56,249935897.4,1688400000.0,-796700000,2016-12-29,WestRock Company,Materials,Paper Packaging,"Richmond, Virginia",
WU,2012-12-31,5664800000.0,3194200000.0,2470600000.0,1330000000,1025900000,0,1776500000.0,0,0,4891100000.0,9465700000.0,8525100000.0,940600000.0,44,23,21,59.0,59.0,1.7,603470588.2,1185300000.0,-60900000,2013-03-31,Western Union Co,Information Technology,Internet Software & Services,"Englewood, Colorado",
WU,2013-12-31,5542000000.0,3235000000.0,2307000000.0,1107400000,798400000,0,2073100000.0,0,0,5343500000.0,10121300000.0,9016600000.0,1104700000.0,42,20,17,62.0,62.0,1.43,558321678.3,1088600000.0,-80200000,2014-03-31,Western Union Co,Information Technology,Internet Software & Services,"Englewood, Colorado",
WU,2014-12-31,5607200000.0,3297400000.0,2309800000.0,1140500000,852400000,0,1783200000.0,0,0,5096900000.0,9890400000.0,8590000000.0,1300400000.0,41,20,17,59.0,59.0,1.6,532750000.0,1045900000.0,-67800000,2015-03-31,Western Union Co,Information Technology,Internet Software & Services,"Englewood, Colorado",
WU,2015-12-31,5483700000.0,3199400000.0,2284300000.0,1109400000,837800000,0,1315900000.0,0,0,4624600000.0,9458900000.0,8054000000.0,1404900000.0,42,20,17,57.0,57.0,1.63,513987730.1,1071100000.0,-94400000,2016-03-30,Western Union Co,Information Technology,Internet Software & Services,"Englewood, Colorado",
WY,2012-12-31,5989000000.0,4993000000.0,996000000.0,618000000,385000000,32000000,898000000.0,706000000,531000000,2407000000.0,12592000000.0,8522000000.0,4070000000.0,17,10,5,150.0,117.0,0.71,542253521.1,581000000.0,-256000000,2013-03-31,Weyerhaeuser Corp.,Real Estate,REITs,"Federal Way, Washington",
WY,2013-12-31,7254000000.0,5716000000.0,1538000000.0,634000000,563000000,33000000,830000000.0,749000000,542000000,2326000000.0,14577000000.0,7782000000.0,6795000000.0,21,9,4,206.0,158.0,0.95,592631578.9,1004000000.0,-261000000,2014-03-31,Weyerhaeuser Corp.,Real Estate,REITs,"Federal Way, Washington",
WY,2014-12-31,7403000000.0,5763000000.0,1640000000.0,1320000000,1826000000,27000000,1580000000.0,550000000,595000000,2805000000.0,13265000000.0,7961000000.0,5304000000.0,22,18,14,306.0,241.0,3.2,570625000.0,1088000000.0,-354000000,2015-03-31,Weyerhaeuser Corp.,Real Estate,REITs,"Federal Way, Washington",
WY,2015-12-31,7082000000.0,5694000000.0,1388000000.0,919000000,506000000,24000000,1012000000.0,517000000,568000000,2174000000.0,12486000000.0,7617000000.0,4869000000.0,20,13,7,248.0,184.0,0.89,568539325.8,1064000000.0,-479000000,2016-03-30,Weyerhaeuser Corp.,Real Estate,REITs,"Federal Way, Washington",
WYN,2012-12-31,4534000000.0,2093000000.0,2441000000.0,852000000,400000000,0,195000000.0,917000000,379000000,1866000000.0,9463000000.0,7533000000.0,1930000000.0,54,19,14,97.0,77.0,2.8,142857142.9,1004000000.0,-208000000,2013-03-31,Wyndham Worldwide,Consumer Discretionary,"Hotels, Resorts & Cruise Lines","Parsippany, New Jersey",
WYN,2013-12-31,5009000000.0,2394000000.0,2615000000.0,910000000,432000000,0,194000000.0,918000000,346000000,1940000000.0,9741000000.0,8118000000.0,1623000000.0,52,18,14,108.0,89.0,3.25,132923076.9,1008000000.0,-238000000,2014-03-31,Wyndham Worldwide,Consumer Discretionary,"Hotels, Resorts & Cruise Lines","Parsippany, New Jersey",
WYN,2014-12-31,5281000000.0,2504000000.0,2777000000.0,941000000,529000000,0,183000000.0,915000000,302000000,1867000000.0,9679000000.0,8424000000.0,1255000000.0,53,18,16,100.0,84.0,4.22,125355450.2,984000000.0,-235000000,2015-03-31,Wyndham Worldwide,Consumer Discretionary,"Hotels, Resorts & Cruise Lines","Parsippany, New Jersey",
WYN,2015-12-31,5536000000.0,2700000000.0,2836000000.0,1015000000,612000000,0,171000000.0,984000000,295000000,1869000000.0,9716000000.0,8766000000.0,950000000.0,51,18,17,96.0,80.0,5.18,118146718.1,991000000.0,-222000000,2016-03-30,Wyndham Worldwide,Consumer Discretionary,"Hotels, Resorts & Cruise Lines","Parsippany, New Jersey",
WYNN,2012-12-31,5154284000.0,3251575000.0,1902709000.0,1029276000,502036000,0,1725219000.0,238573000,63799000,2202378000.0,7276594000.0,7535631000.0,-259037000.0,37,20,14,195.0,189.0,4.87,103087474.3,1185718000.0,-240985000,2013-03-31,Wynn Resorts Ltd,Consumer Discretionary,Casinos & Gaming,"Las Vegas, Nevada",2008-11-14
WYNN,2013-12-31,5620936000.0,3478822000.0,2142114000.0,1290091000,728652000,0,2435041000.0,241932000,74739000,2968814000.0,8377030000.0,8561537000.0,-184507000.0,38,23,18,204.0,199.0,7.25,100503724.1,1676642000.0,-514802000,2014-03-31,Wynn Resorts Ltd,Consumer Discretionary,Casinos & Gaming,"Las Vegas, Nevada",2008-11-14
WYNN,2014-12-31,5433661000.0,3316311000.0,2117350000.0,1266278000,731554000,0,2182164000.0,237957000,72223000,2782331000.0,9062861000.0,9091640000.0,-28779000.0,39,23,18,213.0,207.0,7.25,100904000.0,1098317000.0,-1221357000,2015-03-31,Wynn Resorts Ltd,Consumer Discretionary,Casinos & Gaming,"Las Vegas, Nevada",2008-11-14
WYNN,2015-12-31,4075883000.0,2530374000.0,1545509000.0,658814000,195290000,0,2080089000.0,187887000,74493000,2505778000.0,10522259000.0,10634238000.0,-111979000.0,38,16,7,226.0,219.0,1.93,101186528.5,572813000.0,-1921240000,2016-03-30,Wynn Resorts Ltd,Consumer Discretionary,Casinos & Gaming,"Las Vegas, Nevada",2008-11-14
XEC,2012-12-31,1623938000.0,337903000.0,1286035000.0,571043000,353823000,0,69538000.0,303111000,81029000,470137000.0,6305152000.0,2830416000.0,3474736000.0,79,35,35,73.0,60.0,4.08,86721323.53,1192764000.0,-1727694000,2013-03-31,Cimarex Energy,Energy,Oil & Gas Exploration & Production,"Denver, Colorado",2014-06-21
XEC,2013-12-31,1998051000.0,406198000.0,1591853000.0,895638000,564689000,0,4531000.0,364974000,66772000,469139000.0,7253135000.0,3230927000.0,4022208000.0,80,45,45,69.0,59.0,6.48,87143364.2,1324348000.0,-1624201000,2014-03-31,Cimarex Energy,Energy,Oil & Gas Exploration & Production,"Denver, Colorado",2014-06-21
XEC,2014-12-31,2424176000.0,572831000.0,1851345000.0,813934000,507204000,0,405862000.0,407138000,89780000,931804000.0,8708469000.0,4207837000.0,4500632000.0,76,34,33,120.0,108.0,5.79,87600000.0,1619365000.0,-2198861000,2015-03-31,Cimarex Energy,Energy,Oil & Gas Exploration & Production,"Denver, Colorado",2014-06-21
XEC,2015-12-31,1452619000.0,519874000.0,932745000.0,-3740803000,-2408948000,0,779382000.0,218425000,54579000,1077930000.0,5243286000.0,2445608000.0,2797678000.0,64,258,260,263.0,250.0,-25.92,92937808.64,691500000.0,-1049636000,2016-03-30,Cimarex Energy,Energy,Oil & Gas Exploration & Production,"Denver, Colorado",2014-06-21
XEL,2012-12-31,10128223000.0,6710036000.0,3418187000.0,1822683000,905229000,0,82323000.0,1413937000,535574000,2625139000.0,31140686000.0,22266609000.0,8874077000.0,34,18,13,89.0,71.0,1.86,486682258.1,2004756000.0,-2570209000,2013-03-31,Xcel Energy Inc,Utilities,MultiUtilities,"Minneapolis, Minnesota",
XEL,2013-12-31,10914922000.0,7408278000.0,3506644000.0,1847555000,948234000,0,107144000.0,1772592000,576538000,3218040000.0,33907490000.0,24341540000.0,9565950000.0,32,17,13,88.0,72.0,1.91,496457591.6,2584036000.0,-3395325000,2014-03-31,Xcel Energy Inc,Utilities,MultiUtilities,"Minneapolis, Minnesota",
XEL,2014-12-31,11686135000.0,7951352000.0,3734783000.0,1948130000,1021306000,0,79608000.0,1801208000,597183000,3364380000.0,36957884000.0,26743402000.0,10214482000.0,32,17,13,83.0,68.0,2.03,503106403.9,2648192000.0,-3199791000,2015-03-31,Xcel Energy Inc,Utilities,MultiUtilities,"Minneapolis, Minnesota",
XEL,2015-12-31,11024486000.0,7033633000.0,3990853000.0,2000512000,984485000,0,84940000.0,1519692000,608584000,2910445000.0,39053535000.0,28452615000.0,10600920000.0,36,18,14,72.0,57.0,1.94,507466494.8,3025839000.0,-3683359000,2016-03-30,Xcel Energy Inc,Utilities,MultiUtilities,"Minneapolis, Minnesota",
XL,2012-12-31,7232397000.0,5165169000.0,2067228000.0,710524000,651128000,0,2618378000.0,6025394000,0,0.0,45386895000.0,34876818000.0,10510077000.0,29,10,10,,,2.12,307135849.1,1056106000.0,0,2013-03-31,XL Capital,Financials,Property & Casualty Insurance,"Hamilton, Bermuda",
XL,2013-12-31,7541234000.0,5106489000.0,2434745000.0,1094348000,1059916000,0,1800832000.0,6311482000,0,0.0,45652887000.0,35655254000.0,9997633000.0,32,15,15,,,3.68,288020652.2,779977000.0,0,2014-03-31,XL Capital,Financials,Property & Casualty Insurance,"Hamilton, Bermuda",
XL,2014-12-31,6602267000.0,4239474000.0,2362793000.0,258517000,188340000,0,2521814000.0,6127385000,0,0.0,45046819000.0,35013068000.0,10033751000.0,36,4,4,,,0.71,265267605.6,963184000.0,0,2015-03-31,XL Capital,Financials,Property & Casualty Insurance,"Hamilton, Bermuda",
XL,2015-12-31,9308926000.0,6199645000.0,3109281000.0,909031000,1201560000,0,3411228000.0,10625023000,0,0.0,58682938000.0,47005859000.0,11677079000.0,33,10,10,,,4.22,284729857.8,615556000.0,0,2016-03-30,XL Capital,Financials,Property & Casualty Insurance,"Hamilton, Bermuda",
XLNX,2013-03-30,2168652000.0,737206000.0,1431446000.0,580732000,487536000,475522000,623558000.0,289884000,201250000,2297639000.0,4729451000.0,1766155000.0,2963296000.0,66,27,25,594.0,542.0,1.86,262116129.0,656537000.0,-30265000,2013-06-28,Xilinx Inc,Information Technology,Semiconductors,"San Jose, California",
XLNX,2014-03-29,2382531000.0,743253000.0,1639278000.0,748927000,630388000,492447000,973677000.0,323999000,233999000,3067147000.0,5037349000.0,2284667000.0,2752682000.0,69,31,30,310.0,286.0,2.37,265986497.9,804917000.0,-44865000,2014-06-27,Xilinx Inc,Information Technology,Semiconductors,"San Jose, California",
XLNX,2015-03-28,2377344000.0,708823000.0,1668521000.0,755078000,648216000,525745000,892572000.0,326134000,231328000,3935051000.0,4898065000.0,2286471000.0,2611594000.0,70,32,31,409.0,385.0,2.44,265662295.1,790780000.0,-29619000,2015-06-26,Xilinx Inc,Information Technology,Semiconductors,"San Jose, California",
XLNX,2016-04-02,2213881000.0,671907000.0,1541974000.0,669881000,550867000,533891000,503816000.0,307458000,178550000,3918933000.0,4823154000.0,2233261000.0,2589893000.0,70,30,29,414.0,395.0,2.14,257414486.0,730102000.0,-34004000,2016-07-01,Xilinx Inc,Information Technology,Semiconductors,"San Jose, California",
XOM,2012-12-31,452000000000.0,302000000000.0,149000000000.0,49881000000,44880000000,0,9923000000.0,34987000000,14542000000,64460000000.0,334000000000.0,168000000000.0,166000000000.0,33,11,17,101.0,78.0,9.7,4626804124.0,56170000000.0,-34271000000,2013-03-31,Exxon Mobil Corp.,Energy,Integrated Oil & Gas,"Irving, Texas",
XOM,2013-12-31,421000000000.0,285000000000.0,136000000000.0,40301000000,32580000000,0,4913000000.0,33152000000,16135000000,59308000000.0,347000000000.0,173000000000.0,174000000000.0,32,10,14,83.0,60.0,7.37,4420624152.0,44914000000.0,-33669000000,2014-03-31,Exxon Mobil Corp.,Energy,Integrated Oil & Gas,"Irving, Texas",
XOM,2014-12-31,394000000000.0,267000000000.0,127000000000.0,34082000000,32520000000,0,4658000000.0,28009000000,16678000000,52910000000.0,349000000000.0,175000000000.0,174000000000.0,32,9,13,82.0,56.0,7.6,4278947368.0,45116000000.0,-32952000000,2015-03-31,Exxon Mobil Corp.,Energy,Integrated Oil & Gas,"Irving, Texas",
XOM,2015-12-31,259000000000.0,166000000000.0,93898000000.0,12883000000,16150000000,0,3705000000.0,19875000000,16245000000,42623000000.0,337000000000.0,166000000000.0,171000000000.0,36,5,8,79.0,49.0,3.85,4194805195.0,30344000000.0,-26490000000,2016-03-30,Exxon Mobil Corp.,Energy,Integrated Oil & Gas,"Irving, Texas",
XRAY,2012-12-31,2928429000.0,1372042000.0,1556387000.0,381939000,314213000,0,80132000.0,442412000,402940000,1111096000.0,4972297000.0,2763599000.0,2208698000.0,53,13,11,120.0,76.0,2.22,141537387.4,369685000.0,-92072000,2013-03-31,Dentsply Sirona,Health Care,Health Care Supplies,"York, Pennsylvania",2008-11-14
XRAY,2013-12-31,2950800000.0,1373400000.0,1577400000.0,419200000,313200000,0,74954000.0,472802000,438559000,1143802000.0,5078047000.0,2542994000.0,2535053000.0,53,14,13,144.0,89.0,2.2,142363636.4,417800000.0,-100300000,2014-03-31,Dentsply Sirona,Health Care,Health Care Supplies,"York, Pennsylvania",2008-11-14
XRAY,2014-12-31,2922600000.0,1322800000.0,1599800000.0,445600000,322900000,0,151600000.0,426600000,387100000,1207000000.0,4646500000.0,2325200000.0,2321300000.0,55,15,14,185.0,126.0,2.28,141622807.0,560400000.0,-99600000,2015-03-31,Dentsply Sirona,Health Care,Health Care Supplies,"York, Pennsylvania",2008-11-14
XRAY,2015-12-31,2674300000.0,1157100000.0,1517200000.0,375200000,251200000,0,284600000.0,399900000,340400000,1196700000.0,4402900000.0,2064900000.0,2338000000.0,57,14,12,251.0,180.0,1.79,140335195.5,497400000.0,-72000000,2016-03-30,Dentsply Sirona,Health Care,Health Care Supplies,"York, Pennsylvania",2008-11-14
XRX,2012-12-31,20421000000.0,13634000000.0,6787000000.0,1284000000,1195000000,655000000,1246000000.0,4702000000,1011000000,8273000000.0,30015000000.0,18494000000.0,11521000000.0,33,6,6,140.0,123.0,0.9,1327777778.0,2580000000.0,-388000000,2013-03-31,Xerox Corp.,Information Technology,IT Consulting & Other Services,"Norwalk, Connecticut",
XRX,2013-12-31,20006000000.0,13521000000.0,6485000000.0,1243000000,1159000000,603000000,1764000000.0,4429000000,998000000,8511000000.0,29036000000.0,16736000000.0,12300000000.0,32,6,6,150.0,132.0,0.93,1246236559.0,2375000000.0,-346000000,2014-03-31,Xerox Corp.,Information Technology,IT Consulting & Other Services,"Norwalk, Connecticut",
XRX,2014-12-31,19540000000.0,13294000000.0,6246000000.0,1206000000,1013000000,577000000,1411000000.0,4077000000,934000000,8874000000.0,27658000000.0,16980000000.0,10678000000.0,32,6,6,146.0,131.0,0.82,1235365854.0,2063000000.0,-368000000,2015-03-31,Xerox Corp.,Information Technology,IT Consulting & Other Services,"Norwalk, Connecticut",
XRX,2015-12-31,18045000000.0,12782000000.0,5263000000.0,412000000,474000000,563000000,1368000000.0,3634000000,942000000,6685000000.0,24817000000.0,15743000000.0,9074000000.0,29,2,2,127.0,109.0,0.42,1128571429.0,1611000000.0,-251000000,2016-03-30,Xerox Corp.,Information Technology,IT Consulting & Other Services,"Norwalk, Connecticut",
XYL,2012-12-31,3791000000.0,2289000000.0,1502000000.0,443000000,297000000,106000000,504000000.0,817000000,443000000,1874000000.0,4679000000.0,2605000000.0,2074000000.0,40,12,10,240.0,183.0,1.6,185625000.0,396000000.0,-112000000,2013-03-31,Xylem Inc.,Industrials,Industrial Conglomerates,"White Plains, New York",2011-11-01
XYL,2013-12-31,3837000000.0,2338000000.0,1499000000.0,363000000,228000000,104000000,533000000.0,858000000,475000000,2009000000.0,4896000000.0,2655000000.0,2241000000.0,39,9,8,236.0,180.0,1.23,185365853.7,324000000.0,-126000000,2014-03-31,Xylem Inc.,Industrials,Industrial Conglomerates,"White Plains, New York",2011-11-01
XYL,2014-12-31,3916000000.0,2403000000.0,1513000000.0,463000000,337000000,104000000,663000000.0,771000000,486000000,2064000000.0,4833000000.0,2706000000.0,2127000000.0,39,12,11,229.0,175.0,1.84,183152173.9,416000000.0,-119000000,2015-03-31,Xylem Inc.,Industrials,Industrial Conglomerates,"White Plains, New York",2011-11-01
XYL,2015-12-31,3653000000.0,2249000000.0,1404000000.0,449000000,340000000,95000000,680000000.0,749000000,433000000,2005000000.0,4657000000.0,2573000000.0,2084000000.0,38,12,11,244.0,191.0,1.88,180851063.8,464000000.0,-117000000,2016-03-30,Xylem Inc.,Industrials,Industrial Conglomerates,"White Plains, New York",2011-11-01
YHOO,2012-12-31,4986566000.0,1620566000.0,3366000000.0,566368000,3945479000,885824000,2667778000.0,1008448000,0,5652713000.0,17103253000.0,2543053000.0,14560200000.0,68,11,105,438.0,438.0,3.31,1191987613.0,-281554000.0,-505507000,2013-03-31,Yahoo Inc.,Information Technology,Internet Software & Services,"Sunnyvale, California",
YHOO,2013-12-31,4680380000.0,1349380000.0,3331000000.0,589926000,1366281000,957587000,2077590000.0,979559000,0,5025857000.0,16804959000.0,3730050000.0,13074909000.0,71,13,15,375.0,375.0,1.3,1050985385.0,1195247000.0,-342971000,2014-03-31,Yahoo Inc.,Information Technology,Internet Software & Services,"Sunnyvale, California",
YHOO,2014-12-31,4618133000.0,1387375000.0,3230758000.0,142942000,7521731000,1156386000,2664098000.0,1032704000,0,9444421000.0,61707336000.0,22965499000.0,38741837000.0,70,3,230,209.0,209.0,7.61,988400919.8,916350000.0,-413019000,2015-03-31,Yahoo Inc.,Information Technology,Internet Software & Services,"Sunnyvale, California",
YHOO,2015-12-31,4968301000.0,2077748000.0,2890553000.0,-4748494000,-4359082000,1177923000,1631911000.0,1047504000,0,7507319000.0,45203966000.0,16160429000.0,29043537000.0,58,96,97,588.0,588.0,-4.64,939457327.6,-2383422000.0,-554163000,2016-03-30,Yahoo Inc.,Information Technology,Internet Software & Services,"Sunnyvale, California",
YUM,2012-12-29,13633000000.0,9852000000.0,3781000000.0,2294000000,1597000000,0,912000000.0,428000000,313000000,1925000000.0,9013000000.0,6859000000.0,2154000000.0,28,17,16,84.0,71.0,3.46,461560693.6,2294000000.0,-1099000000,2013-03-29,Yum! Brands Inc,Consumer Discretionary,Restaurants,"Louisville, Kentucky",1997-10-06
YUM,2013-12-28,13084000000.0,9501000000.0,3583000000.0,1798000000,1091000000,0,669000000.0,442000000,294000000,1691000000.0,8695000000.0,6529000000.0,2166000000.0,27,14,12,75.0,62.0,2.41,452697095.4,2139000000.0,-1049000000,2014-03-28,Yum! Brands Inc,Consumer Discretionary,Restaurants,"Louisville, Kentucky",1997-10-06
YUM,2014-12-27,13279000000.0,9682000000.0,3597000000.0,1557000000,1051000000,0,673000000.0,325000000,301000000,1553000000.0,8334000000.0,6787000000.0,1547000000.0,27,12,11,64.0,52.0,2.37,443459915.6,2049000000.0,-1033000000,2015-03-27,Yum! Brands Inc,Consumer Discretionary,Restaurants,"Louisville, Kentucky",1997-10-06
YUM,2015-12-26,13105000000.0,9359000000.0,3746000000.0,1921000000,1293000000,0,840000000.0,377000000,229000000,1688000000.0,8075000000.0,7164000000.0,911000000.0,29,15,14,55.0,47.0,2.97,435353535.4,2139000000.0,-973000000,2016-03-25,Yum! Brands Inc,Consumer Discretionary,Restaurants,"Louisville, Kentucky",1997-10-06
ZBH,2012-12-31,4471700000.0,1125200000.0,3346500000.0,1047400000,755000000,225600000,884300000.0,1081200000,995300000,3708700000.0,9012400000.0,3151500000.0,5860900000.0,75,23,22,428.0,313.0,4.32,174768518.5,1151900000.0,-263600000,2013-03-31,Zimmer Biomet Holdings,Health Care,Health Care Equipment,"Warsaw, Indiana",
ZBH,2013-12-31,4623400000.0,1266700000.0,3356700000.0,1068600000,780400000,203000000,1080600000.0,1208500000,1074500000,4197700000.0,9580600000.0,3283300000.0,6297300000.0,73,23,22,407.0,303.0,4.49,173808463.3,963100000.0,-292900000,2014-03-31,Zimmer Biomet Holdings,Health Care,Health Care Equipment,"Warsaw, Indiana",
ZBH,2014-12-31,4673300000.0,1242800000.0,3430500000.0,1037300000,720300000,187400000,1083300000.0,1107000000,1193300000,4313300000.0,9658000000.0,3108100000.0,6549900000.0,73,22,20,421.0,305.0,4.26,169084507.0,1052800000.0,-342300000,2015-03-31,Zimmer Biomet Holdings,Health Care,Health Care Equipment,"Warsaw, Indiana",
ZBH,2015-12-31,5997800000.0,1800600000.0,4197200000.0,467300000,147000000,268800000,1459300000.0,1446500000,2254100000,5862900000.0,27219500000.0,17331600000.0,9887900000.0,70,8,3,362.0,223.0,0.78,188461538.5,816700000.0,-434100000,2016-03-30,Zimmer Biomet Holdings,Health Care,Health Care Equipment,"Warsaw, Indiana",
ZION,2012-12-31,2458592000.0,80146000.0,0.0,0,349516000,0,14472748000.0,0,0,0.0,55511918000.0,49459849000.0,6052069000.0,0,0,22,,,0.97,360325773.2,736195000.0,-68894000,2013-03-31,Zions Bancorp,Financials,Regional Banks,"Salt Lake City, Utah",
ZION,2013-12-31,2278812000.0,58913000.0,0.0,0,263791000,0,13957805000.0,0,0,0.0,56031127000.0,49566564000.0,6464563000.0,0,0,18,,,1.58,166956329.1,835107000.0,-88580000,2014-03-31,Zions Bancorp,Financials,Regional Banks,"Salt Lake City, Utah",
ZION,2014-12-31,2361631000.0,49736000.0,0.0,0,398462000,0,13968431000.0,0,0,0.0,57208874000.0,49839344000.0,7369530000.0,0,0,26,,,1.68,237179761.9,454321000.0,-175799000,2015-03-31,Zions Bancorp,Financials,Regional Banks,"Salt Lake City, Utah",
ZION,2015-12-31,2210591000.0,49344000.0,0.0,0,309471000,0,15763133000.0,0,0,0.0,59669525000.0,52162006000.0,7507519000.0,0,0,20,,,1.2,257892500.0,535169000.0,-157361000,2016-03-30,Zions Bancorp,Financials,Regional Banks,"Salt Lake City, Utah",
ZTS,2013-12-31,4561000000.0,1669000000.0,2892000000.0,794000000,504000000,399000000,610000000.0,1235000000,1293000000,3357000000.0,6558000000.0,5618000000.0,940000000.0,63,17,15,237.0,146.0,1.01,499009901.0,681000000.0,-184000000,2014-03-31,Zoetis,Health Care,Pharmaceuticals,"Florham Park, New Jersey",2013-06-21
ZTS,2014-12-31,4785000000.0,1717000000.0,3068000000.0,944000000,583000000,396000000,882000000.0,1089000000,1289000000,3465000000.0,6588000000.0,5277000000.0,1311000000.0,64,20,17,319.0,200.0,1.16,502586206.9,626000000.0,-180000000,2015-03-31,Zoetis,Health Care,Pharmaceuticals,"Florham Park, New Jersey",2013-06-21
ZTS,2015-12-31,4765000000.0,1738000000.0,3027000000.0,750000000,339000000,364000000,1154000000.0,937000000,1467000000,3830000000.0,7913000000.0,6845000000.0,1068000000.0,64,16,11,215.0,133.0,0.68,498529411.8,664000000.0,-224000000,2016-03-30,Zoetis,Health Care,Pharmaceuticals,"Florham Park, New Jersey",2013-06-21
ZTS,2016-12-31,4888000000.0,1666000000.0,3222000000.0,1392000000,821000000,376000000,727000000.0,913000000,1502000000,3390000000.0,7649000000.0,6162000000.0,1487000000.0,66,28,25,303.0,169.0,,,713000000.0,-216000000,2017-03-31,Zoetis,Health Care,Pharmaceuticals,"Florham Park, New Jersey",2013-06-21
